condition,checkpoint,seed,phi_r_g,group_decoupling_g,group_downward_g,group_part_driven_g,phi_r_atom_median_sum_g,phi_r_minus_atom_median_sum_g,atom_base_part0_to_whole_g,atom_part0_to_part1_g,atom_part1_to_part0_g,atom_part1_to_whole_g,atom_parts_to_whole_g,atom_whole_to_part0_g,atom_whole_to_part1_g,atom_whole_to_parts_g,atom_whole_to_whole_g,phi_r_z
coupled,12000,1,2.100615629320225,0.1476457700451128,1.7577161998307855,0.0774502927028769,2.1483541032982654,-0.043334882705156064,0.7253203147894592,-1.5766006204637693,-0.401956995481627,0.4029800850381561,0.9665642893075026,0.3957397886747239,1.392742173575043,0.030395465514574838,0.1476457700451128,0.0463162772845673
coupled,12000,2,2.4840265125817886,0.2542562381190834,1.9643670570680865,0.1047649111867553,2.4068585895374532,0.028296705060762872,0.3101171724320275,-1.1206505257868804,-0.7696645960766252,0.7695556057680762,1.0548576316872498,0.335459396356965,1.0405247298994043,0.38960003790064157,0.2542562381190834,0.05269397809292895
coupled,12000,3,1.7855092832806958,1.061219772922628,0.715768183725871,0.036862334047276346,1.8055329096047998,-0.006352258371802644,-0.07535679270367357,-0.6940160752118734,0.0,0.0,0.8574092633355859,-0.0586446528840161,0.6777240409425264,0.13361645199463568,1.061219772922628,0.08594956178325519
coupled,12000,4,1.5403395818888128,0.9639860828169636,0.7239184306055895,0.05588874108975739,1.5212339819807204,0.007776761175889324,0.0,-0.12084332170086709,-0.397211733522147,0.030978047914991147,0.5787874450943977,0.3968081243312782,0.05879772923327775,0.10872627044424421,0.9639860828169636,0.055673649053801205
coupled,12000,5,3.033334194963617,1.773542371366084,1.2113664799794903,0.06046823029796611,3.024942531200405,-0.00010871882836305247,-0.5487814191557716,-1.1896298116863515,0.0,0.0,1.8029172769879724,-0.4750279326299411,1.180263731571906,0.49561609230321624,1.773542371366084,0.04730871443705263
coupled,12000,6,1.8708397152927383,-0.27379664549683214,1.7206521219136734,0.07690000895868754,1.9123576020617035,-0.03273814931636354,1.0681835195091032,-1.1027624820377084,-1.4201518862038482,0.4964760226116859,0.819097003205833,1.2765542474484723,0.7227093752737019,0.07050820940357849,-0.27379664549683214,0.05421450589583685
coupled,12000,7,2.1884671293967544,0.35628231785134123,1.5320647947104749,0.11400525766479058,2.1704315966211736,0.018179183219449224,0.7772685987704405,-1.6705023209271228,-0.22939889262684854,0.23895669966806032,1.0656722637815932,0.2274334841500003,1.2493855417237563,0.0539849749447196,0.35628231785134123,0.047009670486191445
coupled,12000,8,3.9503552752274995,2.2846254081260744,1.6510602582836595,0.036673091319238904,3.9873169946422498,-0.03207001736209181,-0.4544916079956516,-1.65161493612208,0.0,0.0,2.112254111158982,-0.3196970775414839,1.6422177066266708,0.32986381474498805,2.2846254081260744,0.0203415346810956
coupled,12000,9,3.9114846692244543,1.6608235913277856,2.2685403976532954,0.08319083257497267,3.933229461586306,0.012392588746335642,-0.31344496513317044,-1.7641752295608404,-0.5848193862947193,0.5858011865930406,2.186970490765587,-0.22110761131763224,1.7622442234768614,0.5615872806758582,1.6608235913277856,0.04357015414966282
coupled,12000,10,2.3591838498347397,1.184282971554599,0.9849044934253746,0.0802785349758176,2.3209972078878716,-0.007026590974355207,-0.09444589410586479,-0.8834082291029859,-0.07952059648952925,0.08657438695556496,0.975950970133571,-0.020126832338593803,0.8712996268237407,0.1558519588497228,1.184282971554599,0.026126495930989868
coupled,12000,11,2.6749632006811046,-0.48413103810006275,2.9424421123842093,0.0813242654591223,2.643077756349913,3.8703440692122726e-05,1.2941139337218008,-1.5488343444797454,-1.3519985793476827,1.34680769250045,0.43142928951722836,1.2504879082370268,1.4885716441644303,0.24572696233839675,-0.48413103810006275,0.054134288514983586
coupled,12000,12,2.0285485444603175,0.11100229270016593,1.916479001739049,0.09879227336218621,1.990970488339742,0.0028605186333647836,0.1312184787997116,-0.11834676456028587,-1.9839526025840515,0.3822865587438302,1.5794008661311811,1.6150093932453602,0.1023093818056442,0.05321381643749312,0.11100229270016593,0.0379833878871222
coupled,12000,13,2.535175101968556,-0.09061568833454947,2.798299907742946,0.07405173967502204,2.5817837195871203,-0.05767244872196031,0.9201913631174714,-1.6488456579793127,-1.3880825012576947,0.9393737249971631,0.8857061125953142,1.3641003192237742,1.6204056988809497,0.29668179656916693,-0.09061568833454947,0.05365535457981225
coupled,12000,14,2.667829687374121,1.1251918362862992,1.433789708550886,0.08586522308579808,2.5649150011497106,0.02407220787548714,0.14696546041433733,-1.0982421128181716,-0.2478146721568163,0.2478146721568163,0.9983803790098595,0.21073708973123706,1.0512861001600027,0.1478830289222477,1.1251918362862992,0.025903083255100323
coupled,12000,15,2.3668441228000754,0.6786527302129766,1.5204011340054882,0.06909820628048025,2.3148470679625275,0.05036963381696369,0.20927709216192303,-1.0368961043083194,-0.4518712667367546,0.08192710268263914,0.718464063634989,0.43009018469311733,0.8196460426970796,0.1908981138956316,0.6786527302129766,0.026215135413263813
coupled,12000,16,1.4683785542897354,-0.4844970115207201,1.7709133217008262,0.12224048006786925,1.5372501964743615,-0.07838680052004598,0.869271302192756,-1.721606696178335,-0.5126663716222198,0.5055413513629545,0.8819899734705696,0.4998143007931015,1.2278414032359792,0.06032767145038531,-0.4844970115207201,0.03507166647459263
coupled,12000,17,2.5378983242620166,0.330323169110766,2.0931126065069385,0.08364496727776038,2.5915191768995087,0.0039622988092919975,0.3584541859058148,-1.6375535463099118,-0.4661070699963814,0.3849105253323103,1.2567055055387537,0.2710669553341911,1.2911230539138678,0.03651118442040846,0.330323169110766,0.062177361451193444
coupled,12000,18,2.1251054786732624,0.273790455872994,1.6019671919951999,0.05583148697581669,2.136116785524989,-0.01866205751775485,0.15059134498788618,-1.440194355430965,-0.2796839742060171,0.2835320694561725,1.1636254846064698,0.16015668159045915,1.2766039529505218,0.13282419607515228,0.273790455872994,0.03762681028087381
coupled,12000,19,1.9902157007699683,0.5578977187368122,1.9443468231331256,0.05883897491764911,2.026191407452756,0.004619745907545436,0.4062721166766411,-0.9863157263967511,-0.913201326404091,0.5920514344190476,0.9574684101345282,0.7652418828743037,0.9373407081239746,0.0949418531294497,0.5578977187368122,0.1258201912750155
coupled,12000,20,2.1159159768168463,0.14995890139532886,1.7636624393508207,0.07845835340505292,2.118245409306969,-0.03247644336189026,0.5019218548941162,-1.5282353906014963,-0.36306336990112326,0.36899231389300857,1.1020875156990555,0.3615543410497555,1.4265213162208807,0.08142716088220425,0.14995890139532886,0.03353706700799136
coupled,12000,21,2.293193822765896,0.9802623196342535,1.3017553827959132,0.06216910253905927,2.3434071818087476,0.0036444462513718356,-0.11723523324375207,-1.3044295788705997,0.0,0.0,1.2479957671631792,-0.022147542820215693,1.2444340692263745,0.12114637177359627,0.9802623196342535,0.07560808293144693
coupled,12000,22,4.090027606404282,1.720487998321504,1.8811471773096204,0.10815103694854103,4.028328688522322,0.035668014372196355,-0.35121917107412803,-1.6921354442880872,-0.19062825153294757,0.20020109840338784,2.2889439666144815,-0.27109437810534087,1.661220463841992,0.5451143881875005,1.720487998321504,0.07581853000707277
coupled,12000,23,2.2195400923279625,-0.5178701218952986,2.560381388528886,0.0659234165024265,2.139680857732701,0.03435190507411656,1.2266134879964246,-1.466433156706235,-1.384912439844085,1.1115593881152674,0.4588836638450491,1.2732675346552933,1.320356745878996,0.1792566962502613,-0.5178701218952986,0.059447499015976284
coupled,12000,24,2.126731959501078,-0.08960590238282995,2.3838003268323367,0.08120136000186262,2.112391792016699,-0.007068363017755486,0.964259378042249,-1.3582435020398989,-1.0900510556092196,0.6016640822678471,1.0995349414163724,0.9737129582231312,1.3127606244588361,0.19686767594158583,-0.08960590238282995,0.06730384646856717
coupled,12000,25,1.8104856998570833,0.5756726600621545,1.2723197919805866,0.06592493200343053,1.8532654074947112,-0.0604806876971401,0.05957877976349668,-0.9659613427176607,-0.3279672353481229,0.17544061509499587,1.3001619584560653,0.2826157031204033,0.9514550776353653,0.17174608546124648,0.5756726600621545,0.07387440761690786
coupled,12000,26,2.2000729525044402,0.5934882372162269,1.6418032149008792,0.07270169074952748,2.1577514742933177,0.02233004931851057,0.6515716667282825,-0.6645217901260907,-1.0721379016439028,0.4382084330485756,0.6721489209074473,1.0714496291134905,0.6013034979042567,0.1776076015587038,0.5934882372162269,0.07877603943536121
coupled,12000,27,2.69027280300516,0.35348208409393456,2.5009962578557134,0.0920824231608185,2.693442924359269,0.023685520625293943,0.3647398004334784,-1.7567377253393457,-0.7545687148707867,0.7572542924350922,1.4147098811645737,0.380631805214773,1.7381210922437118,0.31095126468508427,0.35348208409393456,0.013880512907984206
coupled,12000,28,1.894709671646897,0.3519256530772932,1.4220351192718388,0.09169668513956675,1.9313819278524411,-0.017592463038114126,0.29502121755990984,-1.1708479821477131,-0.04246188615354107,0.04367277246738194,1.12544920738618,0.043232266743948755,1.0909545872568627,0.12504383575599065,0.3519256530772932,0.03871925767159273
coupled,12000,29,1.886152422214006,0.6112365222162552,1.2189424556210153,0.060995237723307616,1.9700237284827447,-0.024316646538498077,0.07960238881083692,-1.261271783556721,0.0,0.0,1.2130855254139863,-2.220446049250313e-16,1.1957286379211403,0.030298038655168197,0.6112365222162552,0.07718051470996493
coupled,12000,30,2.2922677644527956,0.04850249950777097,2.2921649921899596,0.12458969118440633,2.2017145523041175,0.014063890106691956,0.5718550030289745,-1.4178990618082676,-1.0025666307250964,0.9786252809184903,0.5296474373328572,0.779002000414406,1.2565894183511563,0.20372498716018628,0.04850249950777097,0.05680559947920248
coupled,18000,1,2.225275145154619,0.9419465262116034,1.2571928939296737,0.04426519621101721,2.134591715524402,0.06476064990757735,0.5156006335994959,-0.8215820542078545,-0.536893544166906,0.539792054485557,0.346015455529171,0.4577208826312983,0.7474021619678408,0.02413789684040568,0.9419465262116034,0.05008999929084325
coupled,18000,2,1.932845746806324,0.034802047342498366,1.7709547619225618,0.06913978056194658,1.8623140837691294,0.049203387988370206,0.662262199127191,-0.8628586307147904,-0.9283855770262561,0.7740885362606172,0.46544294605077396,0.7226700328809843,0.8543944519721537,0.07235152551895685,0.034802047342498366,0.09835049291227813
coupled,18000,3,1.7864480516013632,0.5191378240703615,0.8321965522504198,0.039018385070309414,1.7262708423863093,0.0064844875817460235,0.5473065317392389,-0.7368739894943477,-0.2880214813015495,0.29806031858896603,0.35413594816041616,0.30557014980013775,0.5609592079655138,0.030649306512017027,0.5191378240703615,0.04934750923252469
coupled,18000,4,1.7871424107139815,-0.2854127765208887,1.8677949767984867,0.07994311501739826,1.7216776564724836,0.026948102116014394,0.9509015826626014,-1.3787823130463743,-0.6843012308041707,0.6826066511787906,0.6760398143391833,0.6333706060246522,1.0876248314817119,0.0844596562086879,-0.2854127765208887,0.05350794530575953
coupled,18000,5,2.38937847253543,-0.8934200111414263,3.088970398528442,0.09974803167185786,2.395288880331247,-0.003315396548267957,1.2347279896130958,-1.7142276525801021,-1.2613440207126165,1.25779452281944,0.6585895561408712,1.087789887268325,1.690057848788669,0.16044580359346527,-0.8934200111414263,0.06925340741039415
coupled,18000,6,2.416093577007187,-0.6349331316381399,2.8222511510070305,0.060423786079200625,2.3796936746545336,-0.005459074922398499,1.1813871608440518,-1.5310328942227862,-1.4280806058526712,1.1831745988948421,0.687920956800474,1.1274229432010776,1.5184523369207783,0.25653428929319155,-0.6349331316381399,0.03218418764456834
coupled,18000,7,2.617336952323899,1.5510808092787345,0.8484813299126958,0.036327103740596,2.5912485656127067,0.018113393121440335,-0.20780444959070898,-0.8533997386194738,0.0,0.0,1.149235812331816,-0.06752851320068698,0.8395759867271189,0.08515735767456323,1.5510808092787345,0.04580951991474888
coupled,18000,8,2.6923247840841116,0.3379148182500509,1.8915908928638792,0.07145043006088014,2.687379463122974,0.04084598737047651,0.6914736253672302,-1.3643523720933857,-1.0372794606262565,1.0413373669131727,0.5155469959459735,0.6926072796338234,1.3158960502532304,0.2968854692285049,0.3379148182500509,0.04599832719214994
coupled,18000,9,2.6599372503821845,0.5442970010592123,2.080053553484384,0.08946762766483601,2.6265189880290336,0.022512581849652324,0.26269614985635903,-1.4481315095832978,-0.6486539776927558,0.6576788656675954,1.1316778230555966,0.2705471031238844,1.428359471709911,0.2915471600500297,0.5442970010592123,0.02273150165775556
coupled,18000,10,2.7702313342792766,1.4104000284353457,1.3513582178004104,0.08347810130593741,2.7565378741313333,0.0346251428130111,0.04071735151711253,-1.0802462020379449,-0.45278595864109966,0.46258637651389556,0.8978445913760386,0.21943478705830344,1.0386900028974482,0.13452995943821405,1.4104000284353457,0.02718673810435393
coupled,18000,11,1.9437526917820045,-0.3647817011968886,2.2453814107575476,0.06813456690987235,1.96754465848807,-0.02183116784479955,0.8677273108110035,-1.5610020966473095,-1.0543292368926385,1.0589656148966546,0.5727715294221499,0.8619251918902007,1.3586544435327221,0.09512565305871201,-0.3647817011968886,0.02595078296152422
coupled,18000,12,1.6308412754133252,-0.5013078118110403,1.929501908806231,0.035861351020956556,1.6360582998730562,0.049868902600508136,0.8869904537483175,-0.9199759262263123,-1.1815195995584244,0.8998323011276563,0.3069422386802758,0.9330021152992553,0.8348915863677815,0.03141140059706882,-0.5013078118110403,0.04896864329310112
coupled,18000,13,2.068085641087098,-0.29825218663900177,2.3094120603707586,0.055302872738986264,2.063878142288753,0.00891664521753266,1.109506770260817,-1.1469404906654774,-1.202037707704404,1.1007320784318164,0.39557329639315175,1.1349665307936476,1.0640952972454794,0.09993359586472872,-0.29825218663900177,0.06343795364571113
coupled,18000,14,2.2741985286811284,0.24364500257644228,2.147385325232854,0.1293750195292418,2.380275566167152,-0.048524241673838175,0.13377088194935305,-1.50940419964156,-0.5909073216113219,0.5897965601293941,1.5160122201312367,0.04486212555835356,1.3794949701122627,0.4080015007572899,0.24364500257644228,0.03256487226469655
coupled,18000,15,1.8004413265125292,-0.17750758666216293,1.9052886672082634,0.06931721668285329,1.795149047585959,-0.017737962146181063,0.6173073648035918,-1.1526929299836421,-1.2818353371485824,0.6487393201144739,0.8429466158373997,1.2320875271721268,0.9881885285597529,0.09192155312417627,-0.17750758666216293,0.03727860507213839
coupled,18000,16,2.0058696419717936,0.6470369676751775,1.2483623664540717,0.046005633509551,2.0413914861823104,-0.0179218043420577,0.05381146945440396,-1.1422844596729576,0.0,0.0,1.3542394310031458,0.0,1.06276373092435,0.03603572649789499,0.6470369676751775,0.06089507551822829
coupled,18000,17,2.1582546941569647,0.2335990858628847,1.834266636639665,0.06335697989096578,2.061733155424516,-0.0007162548913206557,0.8079308350493791,-1.288725732754946,-0.5881905235229183,0.5849178870973365,0.8276881556152513,0.5158509163400157,1.1979201573000877,0.038559821878097034,0.2335990858628847,0.07025310590506227
coupled,18000,18,1.9666035871434788,0.08848447223795164,1.6755161158266145,0.05951400359187087,1.9385726952991558,-0.01429664340930037,0.5629788513816616,-0.919697007201687,-0.9531437586575251,0.5914280774217124,0.519427273804896,0.8285946170154374,0.8083775279532952,0.13819066390717183,0.08848447223795164,0.039501399737761296
coupled,18000,19,1.9298449754195235,0.13173727619983566,1.676700044043615,0.04682332196707151,1.9867112781497207,0.0026270122515990035,0.7652996647227028,-1.325856746922271,-0.6894417574486601,0.6290865379229462,0.4300353403486694,0.5883276389546126,1.113422388810576,0.1601235944877798,0.13173727619983566,0.09798256312721992
coupled,18000,20,2.358122572559532,-0.2812867237033574,2.22061510392084,0.07562041696424537,2.3058923105195914,0.033939563036509024,0.9024034996513832,-1.8510257733223403,-0.9416746095367701,0.8679145941756452,0.7552850837933047,0.9058137577159275,1.6817317063493658,0.13119581267900027,-0.2812867237033574,0.07256213053575078
coupled,18000,21,2.052379809904555,0.19011097539130795,1.8131043805645084,0.0698242413187144,2.002882192872848,0.026823406506976677,0.5126259129422638,-1.4072782847775498,-0.5233619591808476,0.5257002630079207,0.8461517224286317,0.41259236565940915,1.2337831862065105,0.07892310222362853,0.19011097539130795,0.03512396559588246
coupled,18000,22,2.43798593503968,0.09367507139463349,2.23523186777765,0.06856575791298986,2.4284390694275864,0.039319517362888634,0.5935754483981825,-1.4514885584483626,-0.8670029427441859,0.8656855438021828,0.7849511403667686,0.5853957012877179,1.406987192658174,0.27701977990659643,0.09367507139463349,0.08559587331760687
coupled,18000,23,1.7804250184697683,-0.8157955620697699,2.486351126543084,0.11250248690474007,1.8430968000228303,-0.08592235656960667,1.017532701213375,-1.5330196723970992,-1.0922592381729466,1.0877067189222887,0.5803527084728425,1.0317161983615504,1.402447604068192,0.15004368415654534,-0.8157955620697699,0.07429505505134004
coupled,18000,24,2.1440546108689293,-0.3137017160285449,2.3068828879889303,0.06954046055422058,2.1919777292671787,0.04108735213577175,0.9994691852235483,-1.579857905141763,-0.849754272410193,0.8541000885956422,0.9512734427029363,0.8075733272239771,1.3929146618646273,0.07772921421767132,-0.3137017160285449,0.03919091774203675
coupled,18000,25,2.900423414813667,0.4840664949440425,2.3352227070916163,0.04539400801210258,2.882176974775593,0.03246748376270214,0.7908078250294933,-1.5114210575400568,-0.8656522101373749,0.5845007423721919,0.9076379508641284,0.8080229987684105,1.404037785069217,0.02717126914111867,0.4840664949440425,0.02550852353779287
coupled,18000,26,1.8234505083096626,-0.1302583341869572,1.961281232606439,0.06017656844176816,1.789624802698595,0.02358933465015489,0.8720663506021991,-1.2930154159875067,-0.8308049956102203,0.634599171179716,0.5298369438429094,0.7571016589010727,1.2168031605569993,0.17640201358302077,-0.1302583341869572,0.08848897373666648
coupled,18000,27,2.1054810174676497,0.11516978064611738,1.7485562037384794,0.16935475139976386,2.11251073352213,-0.03859132875332172,0.1302411852165951,-1.437209031226776,-0.27506715783975455,0.21749076752657404,1.5467524382472644,0.11893196852615406,1.3789602256350646,0.25569901282470797,0.11516978064611738,0.017173569999178972
coupled,18000,28,2.1333257477653187,-0.7317306768091085,2.7711509706215374,0.09778456944337244,2.1552898823445092,-0.006037299353033321,1.1646339416265483,-1.6226409102776953,-1.5013701762807956,1.3698765369249992,0.4505751855233302,1.2331180739139567,1.4494341290375417,0.27188188588705586,-0.7317306768091085,0.04689652356858603
coupled,18000,29,2.058477445094953,0.7798522663636454,1.4617731352110663,0.04540941720085012,2.1195987587335128,-0.03779061597630218,0.1381479677866002,-1.072901466311712,-0.3393345219135353,0.34896284477605777,0.8079337537580298,0.10407403070017374,1.018441190786875,0.26448672896139336,0.7798522663636454,0.02872009662855754
coupled,18000,30,2.385195654258996,0.038803472494084446,2.164903358972494,0.10865806505044395,2.4566867809756134,-0.004449692637644498,0.9262324512914779,-1.1950742669646668,-0.858773819689191,0.8223080279686569,0.9800862582520221,0.7977916403016042,1.1133310958194862,0.14720225125188757,0.038803472494084446,0.051033907495117374
coupled,24000,1,2.159110991192607,-0.07974775065411355,2.274468666867823,0.030414595798332722,2.196203585434386,0.03624010900771846,0.9865985407417461,-1.0633923530108293,-1.2057300805805597,1.0135932374248484,0.34102691510918814,1.1106145140378847,1.0615803555124868,0.06743778130307643,-0.07974775065411355,0.07023421683478834
coupled,24000,2,1.9022645615666693,0.09095759223968103,1.556310841253048,0.05399566163476699,1.8887985703415757,0.011510926048985515,0.5135125145993161,-0.6295254490313336,-1.0872838975817194,0.5035357644015179,0.8366009999863728,1.034407317129499,0.5142809621852776,0.09329634469739279,0.09095759223968103,0.1328551831692434
coupled,24000,3,1.955638028101345,1.5291242483654002,0.4909446339383341,0.011979855547431306,1.9832462037188705,-0.0036728234226768297,-0.032920773661095803,-0.4731147225238897,0.0,0.0,0.5310790410937781,-0.030225138460083345,0.470416864723467,0.04771657280867492,1.5291242483654002,0.08898926789124653
coupled,24000,4,1.9884637278535422,0.27980133901835424,1.688761377808318,0.06296166590320823,1.972475684540774,0.014569072857783416,0.7078706913027827,-0.9331444807995648,-0.7668409363866384,0.7654553361235157,0.26377319048898595,0.6294131122375893,0.8601512003190416,0.07913468058301154,0.27980133901835424,0.09282225051580272
coupled,24000,5,1.9148227872342523,0.5534358254967089,1.2407133513446373,0.07053539110434348,1.907033971959604,0.010133613503639283,0.3702119039150841,-0.8495328618719307,-0.5529690730700235,0.38041909519141026,0.4411504759030187,0.517697727984324,0.8099201468198145,0.16949709408297864,0.5534358254967089,0.060881562278096574
coupled,24000,6,2.0557017948733733,-0.28937803637883985,2.3517975378691776,0.064194864810446,2.139424025010088,-0.04278692184080546,0.6432302730622161,-1.279844903886859,-1.0931032858103187,0.48278914744481616,0.9270894665931184,1.0520080459774397,1.0867408394576565,0.33785821596741117,-0.28937803637883985,0.033643464452589214
coupled,24000,7,2.112094512480823,-0.15603835454877713,2.392444655369138,0.10711083916989295,2.1876461263597697,-0.05327811273631777,1.1258789240175524,-1.6101487582571918,-0.8277485116634076,0.8326558628843269,0.7687584762320399,0.7704811367076505,1.498023700216851,0.22760513924787074,-0.15603835454877713,0.09053187059826717
coupled,24000,8,2.4976006815479517,-1.1763497805845424,3.5347136306962983,0.04448564698172164,2.5205057395757757,0.02157154694067276,1.5085672686406868,-1.7870956767262578,-1.9961716448520068,1.7461744891680309,0.518091467358351,1.7346746993196347,1.6983681899386076,0.10518993025078371,-1.1763497805845424,0.046562319762892074
coupled,24000,9,2.432123968877953,0.7088284678417494,1.5324539382026243,0.09746921615644,2.440082810996172,-0.0008659968312965116,-0.5862819902545258,-1.4344300570123298,0.0,0.0,2.1250225481833116,-0.5594388377685205,1.4243381418200287,0.575323312066427,0.7088284678417494,0.020355334906041696
coupled,24000,10,2.391748161968777,-0.4481580037272477,2.6001837037831996,0.08668464364742912,2.376556374255011,-0.005125334424561201,1.1805065784573512,-1.2487426863316164,-1.4983425461065183,1.0847277006101752,0.5569735218631975,1.2385310128318143,1.125135206335103,0.19060374661928514,-0.4481580037272477,0.11295909350457503
coupled,24000,11,1.6291844727339013,0.14324958052774917,1.2604664813996695,0.06511536555227515,1.6230484054197045,0.014920158088678082,0.42670567948684446,-0.92404279638851,-0.6101142139443598,0.47411310671915075,0.5944523438761595,0.5835130982886898,0.77378380402665,0.0543795921051049,0.14324958052774917,0.07953016781242736
coupled,24000,12,1.7723321774397258,-0.21754195074779226,1.6497703206955563,0.04626421772249445,1.853627952916606,-0.009066252430868227,0.4627738198159681,-1.0473859869983788,-1.1086357106538116,0.5266845810627113,0.7198072907690508,0.8839135426839488,0.9365504842037515,0.20794244940206563,-0.21754195074779226,0.02555237770508776
coupled,24000,13,2.083114074171083,-0.87103141257618,2.871556577379084,0.060574769145866236,1.985401611936981,-0.008477441267534469,1.4341873597032369,-1.5238417492248821,-1.3945850651562273,1.2369192277379928,0.31485342154875706,1.343422089588187,1.3147379884131114,0.1407486799570069,-0.87103141257618,0.06069788923308307
coupled,24000,14,2.568235630311589,-0.06963515238091755,2.4900795992732125,0.053220750609286216,2.600043087734382,0.03618059460424705,0.756432687722538,-1.4965738477621335,-1.0270065627654792,1.0277257619497924,0.6224885738988696,0.7796389113886248,1.4492278604111541,0.2285091166210016,-0.06963515238091755,0.0408972606213974
coupled,24000,15,1.7565400596905683,0.6037353475960208,1.2574206890174908,0.0729894167901961,1.7351364271635854,0.00267160386366061,0.08788343560718015,-0.7872249441211605,-0.8011185406935248,0.07163192640288751,0.7889977386729422,0.7810448823354106,0.6138451159884918,0.03667308398202862,0.6037353475960208,0.0721414844289579
coupled,24000,16,2.089137543832566,-0.0899975517980125,1.967130257996629,0.0595942061996686,2.1043731678347184,-0.004328063849525998,0.7386617463830184,-1.320758596861645,-0.9833801370029707,0.9299810731485892,0.771075116926037,0.8782731663346378,1.1711746569200558,0.14052247557473252,-0.0899975517980125,0.07157054876373899
coupled,24000,17,2.980205694657693,1.2108924053788783,1.5917212142255153,0.03559174270704896,2.9555496343088614,0.040829028735748674,0.3531669418015059,-1.1124025545902636,-0.4291603598193847,0.43908416001852246,0.8336660810769582,0.38133648081492566,1.0665292425994166,0.02450309996584965,1.2108924053788783,0.06608589388118628
coupled,24000,18,1.8511312126581994,-0.16883209918994346,1.9006601773847929,0.08001303867973342,1.9011644828433132,-0.032322635553280854,0.5991574576445344,-1.1572841666691605,-1.1065764967265534,0.7152500739482663,0.8509243625851093,0.7624100644797126,1.0860104762164946,0.15882451510702822,-0.16883209918994346,0.031530765068456965
coupled,24000,19,2.001375228595759,0.13701656376455573,1.5422395383211271,0.06536123558809237,2.0408212062097073,-0.02540578933029125,0.5315280747915841,-1.159078795857389,-0.9554965256449375,0.6549735848404424,0.7346717454875494,0.7482761150422378,1.1140226566093234,0.10430927925085187,0.13701656376455573,0.13048309264082697
coupled,24000,20,2.3466780076796643,0.6585533868123441,1.6441913678498346,0.0659565236549165,2.3030216939047756,0.035844765993718664,0.495144543168361,-0.7528351242520696,-0.576805359503272,0.22501175850807975,0.9442741733990703,0.5425244978519614,0.5943921047117355,0.08192971526258974,0.6585533868123441,0.11699411356237854
coupled,24000,21,1.6906992879231701,0.05293647593236628,1.7219576469608788,0.07542965677420388,1.6981839650385306,0.012412049134886693,0.7837733398331066,-1.2235377171639317,-0.5523898662253635,0.5506219962873125,0.40679701169075466,0.550328912295416,0.9462744419756953,0.03113067966716776,0.05293647593236628,0.04479286894021854
coupled,24000,22,3.1377661653043694,1.0354521839674513,2.0664754215381627,0.12479647575684205,3.1717534443305317,0.014180074725668845,-0.3786389969345535,-1.598865214470203,-0.4437255369107019,0.45014883513652737,2.2360109932221217,-0.34442600435800763,1.598896195965528,0.7810289837873516,1.0354521839674513,0.05431863976387928
coupled,24000,23,1.8171471454930883,-0.5413891014984502,2.0226788280275825,0.07568615199021844,1.8495188688646196,0.015466791798036672,0.8047264164823288,-1.3627664254170928,-1.0131963495083713,0.8476193269918563,0.553677450223627,0.7696604950492993,1.1452128368306802,0.12276582242849299,-0.5413891014984502,0.03622294845276107
coupled,24000,24,2.089891604605198,0.6646087864561565,1.3401818025035408,0.0601401814861493,2.072631470975533,-0.003684358609745808,0.2108703056720227,-0.44234878287769563,-0.9926708577259288,0.3343827953159889,0.60808502767458,0.875305884020333,0.3442820017469166,0.10670684888549231,0.6646087864561565,0.023693788921174713
coupled,24000,25,2.5284937372169964,0.9063494705950192,1.449642550066765,0.03680666271933941,2.4619904536769592,0.015899799788900548,0.16997616484121214,-1.5068058802749469,0.0,0.0,1.4426922547339247,0.0,1.3555622077389404,0.043698787143283124,0.9063494705950192,0.016939190554805597
coupled,24000,26,2.2251518755681214,0.33730006732056794,1.5992224407849234,0.08068750422186621,2.2858874508529445,0.023791404331013677,0.4267570280615842,-0.7503645521409514,-1.0650410486254978,0.6440339693604702,0.8115172967274753,0.9275574734231296,0.7442617133137633,0.12353547348333782,0.33730006732056794,0.025232722329477097
coupled,24000,27,2.063160821299694,-0.2894537162877775,2.111167125722271,0.07743011436594616,2.0544310548483935,0.010114708746050027,0.843180336307758,-1.318964628824442,-0.9696261954738106,0.7835841637733028,0.8478763482829175,0.8617623488875923,1.263019485776062,0.23692357473613346,-0.2894537162877775,0.03568537802310165
coupled,24000,28,2.396683355496876,-1.1273816678535105,3.4405629529239823,0.07267120739183952,2.406925975505186,-0.01372746406850811,1.6059466072697481,-1.8731863500387687,-1.5665450932184244,1.4962282532396924,0.5190267517565584,1.5258411353340136,1.5636834273174787,0.25680549104328554,-1.1273816678535105,0.023716391394508568
coupled,24000,29,2.0801514675325117,-0.04524192436121899,2.0488524769622085,0.08559663345338314,2.1693043273113175,-0.02257227901822878,0.563538788077469,-1.7178532806505646,-0.3760183778456222,0.376497111597931,1.3622203212653574,0.1337552345590166,1.5221507326690147,0.2797381485161037,-0.04524192436121899,0.03840165693502273
coupled,24000,30,2.5520636020776912,-0.3965393057855522,2.886008841232497,0.08840191823270727,2.5839566890934895,0.008865762270939936,0.9872837402110157,-1.7856390280634231,-1.2461231911551374,0.7671125220850556,0.9082221154976915,0.8033012329740622,1.379880726510987,0.2517419606760605,-0.3965393057855522,0.07452856133118382
coupled,30000,1,1.8648361258539676,0.1987138052442663,1.4297400285080677,0.07924607059262856,1.911350259165724,-0.03359342437655044,0.09239766264145532,-0.5007564450176173,-1.4358342608389543,0.18008465098793902,1.2720652767220857,1.2709275799041189,0.44462709064695205,0.08606935161008489,0.1987138052442663,0.02449318661852419
coupled,30000,2,1.884097659702097,0.27709320351124656,1.3214357590176418,0.05574312404387827,1.8248955367301425,0.03727725027606987,0.265948461540476,-0.24903421727540648,-1.2813793866167977,0.48024940705038444,0.5723266302438554,1.0699740644788251,0.26766663202125307,0.013948010999907723,0.27709320351124656,0.05823223215968095
coupled,30000,3,2.4386067068166533,0.89674826094126,1.8821929774773973,0.18033224029681122,2.481321274304442,-0.01741720134672964,0.7085328800863333,-1.0708376162134485,-0.7450955855341448,0.49174215391299525,0.493830124423812,0.6286181264437363,0.939682716773389,0.2941685568218728,0.89674826094126,0.10506901635910548
coupled,30000,4,2.070915876628013,0.36156397192720136,1.7287779227922961,0.06927358070278555,2.100672377627894,-0.01552676137004294,0.42977349924359,-1.4639185779976538,-0.2486675097749818,0.14908105119551351,1.3587155113997333,0.020138392386400028,1.3436023726825255,0.37158002455551675,0.36156397192720136,0.19218489772461428
coupled,30000,5,1.764143170205703,0.41161161843890026,1.3135394411959582,0.07999874273702556,1.795417346561897,-0.017911305941229916,0.3192253530968566,-1.0327289701895328,-0.19754357030479375,0.11575813178219818,0.9115969928801257,0.18634818289360744,0.9755809572754912,0.13608331991799283,0.41161161843890026,0.041071556837372486
coupled,30000,6,2.016396852275381,-0.28199948501138694,2.0060538144729767,0.09046074568889056,2.059245024631985,-0.047114259761028454,0.7673193451691829,-1.6464625857030613,-0.6860223624389299,0.5615697729454403,0.9896056976315878,0.6751756172274013,1.2885425376948576,0.02643670790019681,-0.28199948501138694,0.04087355832324532
coupled,30000,7,1.8824009913971533,0.18993428066010365,1.6047354605363795,0.05916201176944769,1.8699253524048154,-0.0013782750359566664,0.3723017946842049,-0.9040361897037246,-0.4905616512143457,0.5058158098601231,0.3690506582300509,0.32611708208708734,0.8685124636587607,0.07971895600585588,0.18993428066010365,0.044425318664589056
coupled,30000,8,3.0705124435827518,-0.08121195432089046,3.1406117378065344,0.10778381849609997,3.129861856145528,-0.003463427945511466,0.45918712657412963,-1.8113999137616443,-1.0639377262089456,1.037625800359256,1.615079698658458,0.43105211692748746,1.8137385433519202,0.7028513030805057,-0.08121195432089046,0.05036084575318511
coupled,30000,9,2.398334530779428,0.6284853739330629,1.7248051945479537,0.034143282513627526,2.3391382781308234,0.05213408642045647,0.24407966747643628,-1.6365546863934726,-0.059230114728812566,0.0747646845594444,1.4137010771893148,0.030613370584843813,1.484002205528295,0.042949708755692706,0.6284853739330629,0.0162419074758718
coupled,30000,10,2.1254697950638475,-0.109811932336211,1.930148143398048,0.06259908203371545,2.1287535020304027,0.007015567326653871,0.7945579596249692,-1.1482742100644425,-1.4042941307140229,0.8407010613324265,0.7248291898087071,1.2157992316765922,1.1395336981461306,0.0370832629030049,-0.109811932336211,0.046639879794326
coupled,30000,11,1.7826772325917153,0.10523987453359807,1.488703916236226,0.07120689558193305,1.8406848864756622,-0.0016874885253180816,0.25031778059164034,-1.2737934148576984,-0.4642791944834205,0.30688672831409736,0.9624827643957379,0.33669321672748886,1.195319421691082,0.21285671240331594,0.10523987453359807,0.10231911392921009
coupled,30000,12,1.985300493172357,-0.14430617219726094,2.1883891895295458,0.1049053600985661,2.0192580973117296,-0.045657890076584495,0.5321590419929181,-1.4733113963424007,-1.1608689323779147,0.5353110295648378,1.0908472546597943,1.060485070076729,1.3523980474669517,0.2348534360335559,-0.14430617219726094,0.08004489702746423
coupled,30000,13,2.017002443695074,-0.5102571781311656,1.8708392040385227,0.0579041664786607,2.048613862474597,-0.005993997969802045,0.9183615461601365,-1.631298854886823,-1.317788419663941,0.8172918579190119,0.595435692195895,1.0438200263060236,1.346532578130564,0.203737294986998,-0.5102571781311656,0.10311721821985503
coupled,30000,14,2.356248617164993,0.191280927505596,2.16516080404858,0.11042853351137172,2.404541483325102,-0.0012250301469606262,1.1817988459323865,-1.2380006084054052,-1.1743811783728755,0.4340802113765676,0.6913021227455771,1.1670856157779654,0.7405012088859796,0.27069412216916844,0.191280927505596,0.07540211638266449
coupled,30000,15,1.9097913976691465,0.35511137131902815,1.4916527437876372,0.07472042073680452,1.9229179479524316,0.01593496297865704,0.25773750108296334,-0.5629975693642582,-0.9704088474700827,0.23983418432338632,0.7508069567083945,0.8987007022869965,0.481579841571919,0.0679166975556551,0.35511137131902815,0.11164251829203208
coupled,30000,16,1.9931270612741376,-0.38739169493229264,2.1709799837934654,0.0782370050917145,2.0417834624567774,-0.021015348956207047,0.48285645196552984,-1.4644200843542254,-0.8420329039337917,0.8383611077331192,1.1674199287140166,0.44845482725904084,1.428984732798252,0.1910494813840422,-0.38739169493229264,0.06529825037138712
coupled,30000,17,2.057869872132096,1.425846066763136,0.5834209707796614,0.03971654523541057,2.0420735104271617,0.015161632338929976,0.08009932744992665,-0.5554714799339647,0.0,0.0,0.41224145199034457,0.0,0.5461572153845418,0.03620952567622998,1.425846066763136,0.0448509573354998
coupled,30000,18,1.6057437057498527,-0.9827731279092411,2.3614828366317684,0.050071363805740066,1.5083656185577956,0.05071822909174184,1.141857911659355,-1.2651725118895407,-1.3166702473043082,1.1368807417023357,0.2579946043729458,1.121646847137963,1.1647712833987298,0.09048945890953575,-0.9827731279092411,0.039711329194635214
coupled,30000,19,2.1292532633388337,0.5141785655838871,1.4005122714573424,0.04440538734619659,2.08814593377626,0.04775002539134332,0.3577301851523127,-1.0700230094794123,-0.4814517018942184,0.3207364502507677,0.9226427781980132,0.42532874951348043,1.0224801595952038,0.09343231311266942,0.5141785655838871,0.06446632106648106
coupled,30000,20,2.9045216435536116,0.5215206919520186,2.398662891034641,0.07535814513830119,2.8925067696855944,0.026733452236954447,0.8124514127653416,-1.183080769303856,-1.2880595798480972,0.4288332993594546,1.0606212787995264,1.1949537583043601,1.0395687257341202,0.44389102179653217,0.5215206919520186,0.058513760389285505
coupled,30000,21,2.2650419822689942,0.8654564726392635,1.2676811256222469,0.0846593998057168,2.242196437745212,-0.012015184960656011,0.018182241924394882,-1.3016190648616326,-0.03038936415656235,0.03147277726634101,1.3020818935026273,-2.220446049250313e-16,1.249401507347933,0.10834120647905765,0.8654564726392635,0.06456176062775763
coupled,30000,22,2.773647384332592,0.6379444827945238,2.0467965923924583,0.09891434519943382,2.7498598438337254,0.007382691833385691,0.19852861945468447,-1.350400961965141,-0.9560602996858436,0.9622986455212313,1.2813372122339473,0.24886915030954948,1.3520672178532518,0.4825283818639018,0.6379444827945238,0.05426053724652505
coupled,30000,23,2.419480297697587,0.19783407818876508,2.2337016631101463,0.0490709724576438,2.3803523256615167,0.01930110034498156,0.7701187661015417,-1.4204904473968554,-1.0897208170746318,0.4940174978131646,0.906710970935275,0.7667004837123299,1.340706716790773,0.222098113552761,0.19783407818876508,0.07489164662453851
coupled,30000,24,2.274898862709634,0.10646019079956393,2.1365864762036884,0.06344662689540614,2.242399998121722,0.010529342048804957,0.6141646838481108,-1.5439347572716517,-0.5687256209283897,0.5792984885863404,0.8435832152969172,0.3948940130556351,1.4507804174957633,0.11077645091818755,0.10646019079956393,0.033336583154554636
coupled,30000,25,2.5841605414904945,0.6111611859653308,2.0762503007710706,0.08658007407873203,2.537329356690033,0.009624471653501887,0.5551712736922754,-1.296465125699926,-1.09796573810883,0.29952967948406695,1.2064288956841636,1.1116623840036681,1.1755257347217043,0.2951704699057647,0.6111611859653308,0.03294572540911768
coupled,30000,26,2.1082700839880033,-0.6975694582970255,2.8258118677677024,0.1068641475249954,2.1557952891945042,-0.03142831043660088,0.9836801199013575,-1.5122385299397791,-1.590592002739112,0.9462896920851542,1.0737291064026944,1.3590459282541212,1.2670459747344107,0.2316385693291898,-0.6975694582970255,0.02698137919498883
coupled,30000,27,2.644749495149421,0.6502706437525287,1.9716889420884351,0.06764906101207913,2.677903592507625,-0.01057525579018459,-0.05732513979846021,-1.606594324259854,-0.217662913211012,0.22251824019368605,1.719932785426746,-0.06216477089974293,1.5649306615033711,0.421411390018513,0.6502706437525287,0.022058364153278998
coupled,30000,28,2.3266335762290042,-0.6056986148347212,2.8245829365197848,0.061291508933251304,2.359546706478515,-0.013063933954340246,1.1810955769606626,-1.701560127533396,-1.3228338390195264,1.2028490938973024,0.5310245420633743,1.126895109400389,1.6152550400245782,0.23891313062415354,-0.6056986148347212,0.03743695824294426
coupled,30000,29,1.8710897530493429,1.2321354368788646,0.8279385909732893,0.05635477791507004,1.923459557160843,-0.006258758363739014,-0.0450039657875445,-0.7727251781827511,0.0,0.0,0.9940016700009128,-0.02214251499346276,0.7556407445680207,0.05395681262756169,1.2321354368788646,0.07650616752592312
coupled,30000,30,2.6451662349626304,-0.330151170130089,2.875415470651223,0.19726140270795178,2.6705392607222342,-0.04434487466697634,0.6862533252373328,-1.6237579424824562,-1.0528315752783541,1.0517147749723086,0.9655417576992456,0.6952191017034229,1.610531020115598,0.4179600855365154,-0.330151170130089,0.040163814029368416
coupled,36000,1,1.578250766690219,-0.08990270425982039,1.5416228698485503,0.02756524195845339,1.474122219616934,0.057389947701233734,0.7345901618935982,-0.8065747888311786,-0.939328747113224,0.8585259800025954,0.190962773895608,0.7081307491001023,0.7349003504601979,0.0776587652969094,-0.08990270425982039,0.042798426875837875
coupled,36000,2,1.9093655224420059,0.3760115117782099,1.454662138018019,0.04551567214054564,1.9386236913677564,0.016857345813165336,0.4837743800441716,-1.0337999974660845,-0.488520036312356,0.4685745281759195,0.35602246364749557,0.46791065784666264,0.949829737264401,0.08177310693508266,0.3760115117782099,0.08965016480345099
coupled,36000,3,1.9703985005829567,-0.0038961834067825496,1.883031376383936,0.07514692212869001,2.0013487539513077,-0.03720980691131681,0.6417249830651932,-1.0960036798097472,-0.852053125935194,0.745268283160629,0.5187370527549469,0.7217920296190942,1.056401076681625,0.2576867085663541,-0.0038961834067825496,0.09276862128238096
coupled,36000,4,2.172128446464506,-0.12617189621787217,2.4113952755704924,0.09264319598919757,2.2553489095712447,-0.030702251174935524,0.6099690231729412,-1.7392168815886784,-0.5557077291304917,0.5558847005951032,0.9451964114646126,0.4723021283673031,1.612614775653696,0.1670947532126874,-0.12617189621787217,0.1798916079102859
coupled,36000,5,2.1812704599083186,0.4552733538295093,1.7776114480861867,0.07331946853993893,2.203561830551373,-0.004014764828766615,0.19395272646122963,-1.6068108290831546,-0.07296489172928111,0.08316303034696604,1.3720644427155544,0.0,1.4706364535904566,0.11254265213216785,0.4552733538295093,0.03588090276602235
coupled,36000,6,1.9872058408781081,-0.46466653920417844,2.357758913965267,0.07486463612309352,1.9205864127542465,-0.015083487509802596,1.0725508063961393,-1.7013148427614437,-0.8822165576856639,0.8258203550850407,0.6122070580827763,0.8248060849781317,1.4255438051176021,0.10094693220211093,-0.46466653920417844,0.017272871197013012
coupled,36000,7,1.915139086290452,-0.3484799039660724,2.4652049974076764,0.052290466866726726,1.8982110634456966,0.008113280875353901,1.089856036354804,-1.3370618391638434,-1.1084484778856492,1.0880722251826533,0.4117066844635946,1.052534712785991,1.2433703149104216,0.08328313033763762,-0.3484799039660724,0.039262817834281094
coupled,36000,8,2.4115634103480925,-0.2794585595003982,2.571755356450491,0.09030299610510023,2.4245655945019084,-0.027249123217436555,0.6113402086229405,-1.8300647830250023,-0.5741763348452389,0.5752283897368028,1.2889642489768847,0.47620133516258567,1.7813973800680665,0.20186487581508805,-0.2794585595003982,0.04078430008962544
coupled,36000,9,2.771291482576635,0.6434500702855759,1.8821601518399869,0.1012541530554184,2.7706086274579023,0.006068106486628588,-0.3691021942732371,-1.4995458098283647,-0.5017862207178796,0.5046850152373265,1.9767667538676406,-0.3615321939187186,1.4602951593931008,0.9146777120494785,0.6434500702855759,0.012866537075117791
coupled,36000,10,2.370990934288435,0.2976145331998228,2.0392486131598133,0.04795870924980805,2.379897873031877,0.028562289110301897,0.7896411534845015,-1.2663018211944344,-0.7157927557287109,0.5750140415722513,0.7918491713831826,0.726448172248917,1.1277254768598013,0.03109018110038586,0.2976145331998228,0.054089446775466704
coupled,36000,11,1.6717082390086189,0.14241791469385823,1.5058487758797816,0.08328062506564005,1.6852672466522707,0.029574569121725625,0.556714432593062,-1.1739975131763134,-0.43974356772090495,0.44353947622875334,0.41479401322638143,0.34210032627816067,0.9232581439390761,0.12024414656995064,0.14241791469385823,0.02524345906494148
coupled,36000,12,2.174362930066108,-0.3298152834352901,2.10153359847975,0.0648736206798668,2.1419652537692158,0.023832152860813194,0.8013340739907415,-1.3253089970114305,-0.9173146824186331,0.910991652820661,0.610380630917017,0.8026437315222378,1.300253996445764,0.07366736640575522,-0.3298152834352901,0.0923005442571245
coupled,36000,13,1.8283047720628127,-0.7640691786679441,2.7913703058023858,0.05976263314703312,1.8704460227915527,-0.03808557009987523,1.3845936332385547,-1.5938517438585098,-1.3477632001424866,1.2941543161721083,0.3795976541685264,1.216628255171549,1.4199109694772725,0.15230839577492594,-0.7640691786679441,0.04558161602964311
coupled,36000,14,2.7989494203032854,0.4838424525825924,2.270551969054473,0.06821143518160633,2.803069935211151,0.010561953214745845,0.8727354538302962,-1.465839805176598,-0.9853719845810683,0.8954570375069401,0.6314109123956472,0.9235506420383784,1.328474598613554,0.11782088492526333,0.4838424525825924,0.05197924820214353
coupled,36000,15,1.8917365896196918,0.1860327576448615,1.8321648057727327,0.08373801905321121,1.8782751750061122,-0.031776652501057656,0.33063985262130235,-1.4876819027231054,-0.5980342767446916,0.19501909130600437,1.2381243629482934,0.5061713021201122,1.414510505393074,0.07024999719036007,0.1860327576448615,0.1206941503726312
coupled,36000,16,1.9505358808637983,0.2660007454451703,1.757928379768734,0.05438684006739347,1.9883175035476075,0.0345975012815416,0.5990103686603403,-1.4731088588784358,-0.6514786882415506,0.47494745512754566,0.8256652298354588,0.5772979313032226,1.343920498018691,0.0938530880347912,0.2660007454451703,0.03044306659719409
coupled,36000,17,2.457793075248519,0.7149779770187783,1.6893678104550038,0.08192000535260158,2.424212897554376,0.044183888955211637,0.5894069899639259,-1.1913916706786123,-0.45739675987753153,0.47779767490684,0.7235572041669373,0.4184891249934133,1.1393679416377986,0.0610087853749024,0.7149779770187783,0.09290334582682916
coupled,36000,18,1.6883782054731937,-0.26541705753171874,1.8114565581517363,0.07022632214151603,1.677172456463757,-0.0025228736668448937,0.502011075771978,-0.9553543581402337,-1.2057089029778754,0.6346358911164738,0.9096209770246666,1.1536089403115901,0.9004536799708848,0.09982567754975358,-0.26541705753171874,0.029203774942359123
coupled,36000,19,2.0415294391150898,0.23709441343047355,1.8282893490759666,0.08906388871099119,2.092885842305787,-0.029321549158371707,0.39494054233106146,-0.6396586301059589,-0.8037485073035612,0.10255847923170869,0.9433613152809103,0.7810853031565983,0.5471606228327883,0.2374202121336103,0.23709441343047355,0.04219303078712902
coupled,36000,20,2.3813381533738056,-0.27407705088763645,2.503674173981854,0.10313256932260984,2.4009622967651785,-0.01735906590889269,0.47753164033164597,-1.6808719890711448,-0.7294221316906466,0.7298770663435148,1.2965290713304802,0.47019697731377186,1.665979186221929,0.2899299517234961,-0.27407705088763645,0.2025243726620985
coupled,36000,21,1.9006027427438488,-0.48753522638188196,2.043101561419202,0.0976215759400465,1.8553312076396549,-0.0533904996472111,0.8054351158111388,-1.1335164130356545,-1.113260418990829,0.9476204281004863,0.35645749669531834,0.9326627772942778,1.005073121073099,0.15870621158036757,-0.48753522638188196,0.03015949865095146
coupled,36000,22,2.0636467046701283,0.20758581636576345,1.9587285511716668,0.06861128901917413,2.070945392492719,0.06569483154617584,0.2735684691488136,-1.1613587847924374,-0.6511472719085103,0.5483613742389297,1.168013694606803,0.22334330215919296,1.1129407334185488,0.21204034109618575,0.20758581636576345,0.022621490492989005
coupled,36000,23,2.058368737336947,-0.030461489450274826,2.0821403047348914,0.08388516855389144,2.025432683712169,0.042393018956675466,0.7205336038364178,-1.569825817628477,-0.8298726750957708,0.6682561463745028,0.7417325194422548,0.7649619505605508,1.44009380879116,0.09432920212296514,-0.030461489450274826,0.07700115504193815
coupled,36000,24,2.1160430324991744,-0.6063255301944768,2.5398438366929907,0.0702335975342081,2.0959386809802987,-0.0006026107345654674,1.4464584118224615,-1.6713587199296196,-1.279482452675069,1.0966261478429769,0.3134672433949873,1.1577357039183735,1.4895526813932394,0.09509598520529616,-0.6063255301944768,0.07162877319381111
coupled,36000,25,2.3927221274352526,-0.04138128778248218,2.3696395839892728,0.05446349066072598,2.3562446481111827,0.04394412490711064,0.5194008765243602,-1.7267387832433556,-0.6419522238823917,0.6467272521032533,1.1436351708485841,0.567232796284381,1.6087392029419134,0.13505597198294406,-0.04138128778248218,0.07986744341592392
coupled,36000,26,2.0892855284869616,-1.1169038384100396,2.931058642185663,0.08014484470699879,2.124240042915905,-0.05994614549749033,1.2127249065826682,-1.584576330263082,-1.783066319303936,1.41516384962631,0.6051239040948537,1.3818124315918034,1.5677268173864225,0.2675374929497023,-1.1169038384100396,0.03007384130195387
coupled,36000,27,2.1968840528626785,0.4938273460992497,1.7574921996591848,0.040899988015766664,2.230926546174266,-0.02323170387829765,0.1114904270274999,-1.6282768024145116,0.0,0.0,1.6719296482201447,-1.1102230246251565e-16,1.6191140720952355,0.07497583157458403,0.4938273460992497,0.018065920484046274
coupled,36000,28,2.116151133834883,-1.1271064505524602,3.155654623473902,0.0635287515462375,2.1269441692665345,0.005795546337000412,1.3234210269336004,-1.845159804894795,-1.2256996236879134,1.2130151990566906,0.5748430262459692,1.1525461369915486,1.6845046902937244,0.17853929104389032,-1.1271064505524602,0.050320679762344125
coupled,36000,29,1.6642443071306712,0.8282304530939912,0.694085220884631,0.046603191940121635,1.6493513324230533,0.011277566992742516,0.20064663115457032,-0.44270118089398036,-0.3655653891235561,0.13746401100609507,0.29631193784658827,0.2770124553053541,0.44024648268915423,0.05040914116937423,0.8282304530939912,0.06133538714756476
coupled,36000,30,2.6969426234124163,0.5068455877570086,1.9511658655769026,0.13806056210785184,2.720575715383336,-0.028187041632739884,0.6946461824896621,-1.5015833177271694,-0.9207155026962202,0.7990375484896999,0.9202143874825592,0.7855892339709154,1.4910270280328233,0.33100380636203064,0.5068455877570086,0.04525165030471144
coupled,42000,1,1.6997193742346044,-0.34624273632394464,1.8848075584907473,0.030874704314642232,1.6200770201871575,0.07675594384729001,0.8354093567872679,-0.9870416426628021,-1.0447175827237016,0.9162190937825645,0.3338107007195389,0.898251376044829,0.900593120665662,0.06052308612097057,-0.34624273632394464,0.08917562201976104
coupled,42000,2,1.9140023674465014,-0.8259309545467475,2.6019777735929743,0.08956975277286172,2.033971696798173,-0.028762496678824134,1.1086118321447749,-1.3921495171465423,-1.3016214601990856,0.9508305065209087,0.6096694792024673,1.1758315033651234,1.223389671179059,0.21984882214152934,-0.8259309545467475,0.13890122272392602
coupled,42000,3,1.8815327250896523,0.4064726884013157,1.338812535852513,0.0760812065295271,1.9773659347287529,-0.006107524641783324,0.39133665169621723,-1.1391630720219585,-0.7372918424649937,0.594666851486348,0.5249911724440686,0.5806904647509721,0.8939414991977795,0.14474088262889429,0.4064726884013157,0.08746789224278906
coupled,42000,4,2.2417041692744535,-0.5123062401495218,2.7145874375436927,0.09509210388829903,2.2377268066580545,-0.021649044504510773,1.0670983118120658,-1.292733363189082,-1.458713456829724,0.8210371617518804,0.951258306678789,1.4300425929239995,1.0489349876512215,0.2570937031173557,-0.5123062401495218,0.13574399205876586
coupled,42000,5,2.0688800435487753,0.7243647734507803,1.2936026289444846,0.06419065354495257,2.013797429349101,0.03712116747142058,0.292093375564779,-0.8071331055026845,-0.7264135112048172,0.4385194502205366,0.7675022074557014,0.6872729411822937,0.6543456729289465,0.060059379139333124,0.7243647734507803,0.09007179872667076
coupled,42000,6,2.1644373855981556,0.02846448824796033,2.0277757520923894,0.09974755431406057,2.169097181885159,0.00834426611598027,0.3098891673546863,-1.462460901616972,-0.42031235287694213,0.4079040129497671,1.4047501634720934,0.16456042403796212,1.363254214139141,0.18878893543337794,0.02846448824796033,0.02414487242672672
coupled,42000,7,2.289418243458247,0.35656739867087395,1.9164015813044686,0.07554940855201486,2.3063387601977143,-0.01834266130110862,0.5653937388531142,-1.2664450033451482,-0.5827733849290565,0.5423489785965951,0.8123760073026836,0.45362716428301086,1.2352929230475085,0.12081598100649349,0.35656739867087395,0.06007013836681971
coupled,42000,8,2.2038616087725194,0.38881357347818235,1.9628155481061187,0.03306718123965513,2.2265302684513255,-0.0024854449698044068,0.42687515355570016,-1.5201609647991536,-0.5374157588850247,0.5327400453712079,0.8609814538418132,0.36652294806133034,1.4598245435074895,0.09753644551291751,0.38881357347818235,0.03223083767847417
coupled,42000,9,2.5378944859997743,0.3625901238619602,1.9690423251085587,0.09949120596994299,2.50827919386564,0.03265646292935287,0.44882563774556206,-1.6749044049415343,-0.4111466707271245,0.417552672573522,1.4493310284782681,0.23600974345881065,1.61780688527699,0.15532547190198387,0.3625901238619602,0.018466128992624214
coupled,42000,10,2.1373853234485405,-0.29584962629868494,2.4145211064462395,0.04840829224973919,2.084022989574155,0.03577537071340564,0.8481136588119764,-1.5834146357559842,-0.9653150795569378,0.9647005995060389,0.7478288451273005,0.7997955283464899,1.4577906118238708,0.15965912103719615,-0.29584962629868494,0.11340926097926558
coupled,42000,11,2.2136720195341404,-1.2987173602505617,3.4798846936639745,0.08411489512695058,2.2665265335505396,-0.058638078776213076,1.5171321600086032,-2.0022780107491425,-1.5998408867065832,1.5929203726027352,0.7240851333854625,1.3558275594834166,1.9309737865513044,0.23700605431997213,-1.2987173602505617,0.04702556289678601
coupled,42000,12,2.061622193111022,-0.6669343254201372,2.6105095564041134,0.08738163251119824,2.0999104914028557,0.03191768150035523,1.2841153873711613,-1.4831994422103176,-1.0602561363971432,0.9737604333988772,0.4821548222280292,0.938917365300429,1.4026604924953578,0.12779771895191805,-0.6669343254201372,0.10495721005226924
coupled,42000,13,1.7862911282353402,-1.0279580242959963,2.715323786919405,0.07695478230501962,1.8111269471536215,-0.047043221098914345,1.2413200886516642,-1.5153526396387917,-1.2546006696242178,1.2144336754390506,0.35462891657449647,1.1807553823671522,1.2692753872592153,0.14490866398672209,-1.0279580242959963,0.03710209838631162
coupled,42000,14,2.346950293773202,-0.13956509665584704,2.3427035030269234,0.09087678712027614,2.517208044396377,-0.007194466736603067,0.8101689225150659,-1.2835878526868423,-1.6889874694437703,0.8428551453681437,0.9648169635224816,1.38546460901639,1.0974369818484928,0.14527277849793305,-0.13956509665584704,0.08978835750685893
coupled,42000,15,2.3533434762596874,0.22359611748889696,1.8758299336487678,0.05564519606466811,2.3938099418300602,-0.033474379124987186,0.6123375585841886,-1.475878304926673,-0.750498012878734,0.760108591192605,0.9856191872660471,0.634278687307385,1.430627228921872,0.2341770769326771,0.22359611748889696,0.04105793462344398
coupled,42000,16,1.937151013191374,-0.78336299057795,2.600692135442629,0.07118059142506006,2.003751056883319,-0.05024033731277333,1.1814926518813946,-1.464413899498541,-1.3798471180502596,1.0758596600278625,0.5705252936211451,1.2664395487463815,1.3370148405750255,0.18585017064994425,-0.78336299057795,0.08860261785504632
coupled,42000,17,1.9841499515765983,0.21248675485093593,1.5939700333890445,0.05920859199196726,1.9419070654474588,0.06154480699413334,0.5374678109439182,-0.9218058124066353,-0.6002712035399951,0.6054208957682583,0.5587290299603671,0.4473304612466985,0.8124972200610583,0.07481535343298695,0.21248675485093593,0.12689605455912298
coupled,42000,18,1.9260925310529706,-0.6715758986949867,2.706506668837992,0.08013079232446929,1.9206496321071262,0.01215651485979774,1.1098778342353264,-1.1143478367334816,-1.5020870472604044,1.227912357389284,0.4958372825644821,1.3391268652870774,1.012219469809585,0.15241476523890163,-0.6715758986949867,0.013865725795748796
coupled,42000,19,2.0467134790672765,0.07175776653844301,1.7337794613922868,0.060656591165867635,2.0271339279481415,2.601674689539646e-05,0.5298519353549848,-1.2253936468418822,-1.0716808324729132,0.6807001717003902,0.6987761990430835,0.9944889293124013,1.1414896708801394,0.10109734470987997,0.07175776653844301,0.021768425847200706
coupled,42000,20,2.655533585269959,0.2666368053974375,2.3957133301421347,0.08741523076202701,2.599613968654035,0.030622396260667317,0.2719366543814028,-1.6725497988745628,-0.7398408641442288,0.7406947457355954,1.399380074049338,0.22750239368648806,1.6590477981084146,0.19825413456316532,0.2666368053974375,0.13094078162945375
coupled,42000,21,1.7855620962747727,-0.9464441999555993,2.7829981063066684,0.050520160012959225,1.7944610791950149,-0.06705125713854443,1.3226185422822787,-1.475247402943085,-1.3412704407060647,1.1191968337257507,0.3959274037426118,1.3088993284596655,1.1177951796622614,0.12345515601130252,-0.9464441999555993,0.0728040690972834
coupled,42000,22,1.5393602820002523,-0.9354692470213612,2.380850426515236,0.05440366809374819,1.530778713770329,-0.002665535282161069,1.3883956119808731,-1.7488717046370779,-1.0245246082543777,1.0068215113553372,0.41921840178754055,0.9985292479521017,1.3035076093481615,0.1662875473012273,-0.9354692470213612,0.11285175241390355
coupled,42000,23,2.552670796010699,-0.18570778237952146,2.6804850009307035,0.05840819491442417,2.5641518804563717,0.015495279784330407,0.9386550652620781,-1.820413734277412,-1.149429053230557,1.0791463166305881,0.9324680459493954,0.934506728451879,1.7066574840953368,0.17828501576272826,-0.18570778237952146,0.15329322689384905
coupled,42000,24,2.29213649091127,0.40718405794900603,1.5821017682492464,0.07023680854224212,2.328164681468116,0.01306705895500948,0.5670027896995605,-1.0613291046980708,-1.0797401674484433,0.4252976103099695,0.7560224740623231,1.0595941057075322,0.952125770908117,0.05070977390761722,0.40718405794900603,0.06450641957968534
coupled,42000,25,2.488801659859589,0.10476788376927626,2.1600646248198365,0.05719533902697782,2.3693863636293164,0.012556856099524394,0.7283974428399226,-1.0429514421708455,-1.3102888134525505,0.6653273102718466,0.6808019518620587,1.2452907641974247,0.9991203294397175,0.09401036618578718,0.10476788376927626,0.07792947672288078
coupled,42000,26,2.1817035467536368,-0.5342370468092008,2.7906338851398655,0.04847210587716111,2.2051886087381574,0.011111794206836834,1.2599571256874498,-1.632790595899491,-1.491337816188262,1.4540707481865205,0.38180241868635517,1.169663908913327,1.5370392544382738,0.08438260034743239,-0.5342370468092008,0.04728803950677077
coupled,42000,27,1.5551907353690249,0.3421038602752451,1.272814369357181,0.048299353295978564,1.6421199070126629,-0.012309474726901914,-0.04405899912038769,-1.1928055360145704,0.0,0.0,1.2048725631599135,-0.04566438592528255,1.1735363804044698,0.17377868369514304,0.3421038602752451,0.009512386594729805
coupled,42000,28,2.178224209058314,0.009655668703408171,2.3695547775977657,0.06159073401058801,2.21507596581162,-0.004837261820673344,0.7109938846426571,-0.9667510329388294,-1.3031794169048285,0.7566252870441231,0.6642516946791309,1.2905278462917604,0.8614104956666871,0.16839562021616072,0.009655668703408171,0.076954396106029
coupled,42000,29,1.6162932825012994,0.742225314537954,1.105430178507789,0.03245300813418994,1.6052576433118202,0.0077548935259517116,0.18108749645967004,-0.8632661688267742,0.0,0.0,0.6116630959811542,0.0,0.6880904260774436,0.060612317005841465,0.742225314537954,0.027909571070473392
coupled,42000,30,2.4146630957379447,0.016865459913721015,2.10382764153234,0.07039706573425886,2.3711550071267897,-0.031819939737038894,0.7380488500422943,-0.8832458755187271,-1.0500364934534026,0.9042348088818688,1.0563695126019206,0.9777702365636248,0.8563471258848221,0.13730556396051052,0.016865459913721015,0.02687319314182894
coupled,48000,1,1.9096866851141412,-0.99265716758832,2.6765973696336203,0.07219637902464304,1.9960216666351254,-0.004646495687590568,1.375102290073578,-1.6174368744717103,-1.2381242012026843,1.1761734315235515,0.37193674592493275,1.1992046125102322,1.487072648730138,0.17527177350906076,-0.99265716758832,0.10201972170781318
coupled,48000,2,1.8723818193631168,-0.8710645044583123,2.46510799986927,0.06876314808377337,1.902946471088379,-0.02409134041254246,1.3214308252227527,-1.3889609212314662,-1.4836679913885031,1.198852064993172,0.3927988936835823,1.3421388099779183,1.0990843497677392,0.1579603501323963,-0.8710645044583123,0.10510193342435703
coupled,48000,3,2.034319847552939,1.198004765046993,0.7928839342781151,0.06342882400431765,2.044504256300839,-0.008618296611389464,-0.10880680954894062,-0.7800787245539965,0.0,0.0,0.7856276755924089,-0.06217960445087556,0.725609573769462,0.12453970770066891,1.198004765046993,0.07956782381960234
coupled,48000,4,2.0694202127016714,-0.7039817306408578,2.8258087148913162,0.09456838436393389,2.104150767979143,-0.0742494935410567,0.9929906059072479,-1.7347460390054943,-1.1385842468850274,1.1364219919254475,0.8892586634311246,0.8609470883727979,1.6806779200209125,0.2611734384183786,-0.7039817306408578,0.07874120100580106
coupled,48000,5,2.158141694192951,0.28833278866817813,1.8327860582135878,0.07466216705512796,2.1945033585094578,-0.04261471060904776,0.49345492567110205,-1.4186686374043238,-0.22034923913444687,0.22699328667495222,1.166562776445469,0.1278414667733978,1.2921748630787238,0.12145650736121971,0.28833278866817813,0.04381688302669701
coupled,48000,6,1.9858793935964487,-0.5750473220936494,2.4968049467420057,0.09058308627615641,2.008362700621767,-0.02248330702531809,0.740436319648155,-1.3594714719080874,-1.2536641098031587,1.0076988368978914,0.9854985538960367,1.2040515701547552,1.3227780702809055,0.36271830266628613,-0.5750473220936494,0.04447822133551749
coupled,48000,7,2.4016731938312796,-0.3739401584836122,2.989384696339856,0.0657867343501572,2.455268097440061,-0.007703782445015239,1.082156578040082,-1.7338127995652077,-1.293357804148314,1.2257048041929743,0.5449607387422823,1.2068376392541795,1.6946088465245817,0.20270037635875504,-0.3739401584836122,0.039895069291738076
coupled,48000,8,2.026787226348145,0.3809995266763331,1.553389011999331,0.07980459365198916,2.122320974637507,-0.013602599404898053,0.36970656756677406,-1.5774412531298627,-0.006208210944174286,0.011966745172478421,1.2855058120131235,0.0,1.439632181437643,0.14530257116646494,0.3809995266763331,0.06573137674457338
coupled,48000,9,1.8298695879543136,-0.8169685325995932,2.2526776455729727,0.06630943383305121,1.8612895459515117,-0.02293069526869096,1.528396347526587,-1.6930067214427933,-1.0452058116643619,0.9138423502002536,0.38341322313603576,1.0434067426541218,1.1223463144496826,0.19088591874693128,-0.8169685325995932,0.013049053397942156
coupled,48000,10,2.153214758778585,-0.38452017947010564,2.3432404221380465,0.05187523181029441,2.172819081190105,-0.02226765557235022,0.9086099437006836,-1.5657345412711945,-0.9534096261352893,0.9522006500314502,0.8278969533963927,0.8263830452496173,1.4470025739899337,0.22070739570520076,-0.38452017947010564,0.24993378076790707
coupled,48000,11,1.9802791138117117,-0.8005072634684867,2.2386406396046614,0.06763762121306494,2.0372697192759075,-0.032883057761035506,0.9335342611190769,-1.4058730255920646,-1.0228003838126396,1.003678358369116,0.5444370393273326,0.9033137869981522,1.2703969549493153,0.24274899899595448,-0.8005072634684867,0.06178188167199562
coupled,48000,12,1.8040724916395625,-0.9888859897400857,2.678747112150809,0.04645107639124718,1.7497857469630984,0.01002958444677493,1.3381079926749786,-1.4474953972496083,-1.3761709807236224,1.2355791247123493,0.3223738388379207,1.2183946009897366,1.2888395023596169,0.2091636251803961,-0.9888859897400857,0.11048192324603766
coupled,48000,13,2.0271998930083526,-0.8435804438473746,2.822784134138581,0.11367585544732284,2.1203322831515523,-0.0371995867774193,1.297013985666804,-1.8602933511265962,-1.1257985890408402,1.104015945276643,0.7249277562522973,0.9840809103596054,1.560939995434498,0.2332405608766529,-0.8435804438473746,0.03521048886905541
coupled,48000,14,2.4329334763942647,0.09614283006937341,2.1357925674188993,0.061493475083837734,2.3591909955342487,0.04483099074110375,0.5513873324351444,-1.5138777997134478,-0.8409867130185342,0.840854362167072,0.9103451586093051,0.4332373783762805,1.4261671485070377,0.24344475386112385,0.09614283006937341,0.0484547782355364
coupled,48000,15,2.092533203195382,-0.5186117343759526,2.4045143489659493,0.09656682311463627,2.17056980207201,-0.012332571810118487,0.9956447539410473,-1.5098345390970649,-1.105848391125106,0.8581316096004619,0.7211301767986129,0.9258996439439228,1.4330660896052831,0.16311928217583826,-0.5186117343759526,0.11444618556902877
coupled,48000,16,1.9598428793338267,-0.8305564096467455,2.7676134095935097,0.09180602234715762,2.0052210549807237,-0.0787567695753375,1.1379737694752077,-1.3001988724792457,-1.8009294587181408,1.1546032621561704,0.7398392065571168,1.4326542026790499,1.2581575924419603,0.18268875866989787,-0.8305564096467455,0.033639208015958835
coupled,48000,17,1.7923104915227932,0.11988283019312207,1.4953366438162443,0.06087503365886715,1.7301081208567513,0.00966470109316564,0.5516211649859939,-1.1414001654664387,-0.5009343018095981,0.4502284620502721,0.6441822533707617,0.43294142556524196,1.0113528097087277,0.04851241950940932,0.11988283019312207,0.10044508508717512
coupled,48000,18,1.9802477012056423,-0.764184087835053,2.4735670697051564,0.1218365381161971,2.005600810324908,-0.018983915272846374,1.1216220956340344,-1.776081868336214,-1.0775105936340634,1.0636741315914429,0.666664633175333,1.015035740943809,1.6006018371953235,0.05079519959158485,-0.764184087835053,0.025048275860569513
coupled,48000,19,2.318774573636091,0.35211656182737583,1.983659992675319,0.06916504314896771,2.353087444984226,0.02962617639722298,0.7232581041065388,-1.1343677794679454,-0.9671702843779364,0.9675036096631288,0.5131730937149847,0.7942118566196273,1.120926755407445,0.10706776342360302,0.35211656182737583,0.018092733603946004
coupled,48000,20,2.306433863865089,-0.011403691684421347,2.089469034492677,0.06395993959811375,2.3109678171779793,0.016256478470443647,0.9168811778174741,-1.2327902360705492,-1.0984212527047186,1.024816853189214,0.4779479237683423,1.0680869997028397,1.2085901171792621,0.24061273694700958,-0.011403691684421347,0.091723495495382
coupled,48000,21,1.8013918208378836,-0.8258533249964364,2.4016109548589344,0.06566921931754127,1.7686053757080633,0.03211496197416752,1.3509918555552796,-1.4996541987368046,-1.0765165568372859,1.0041825889013336,0.261287089168998,1.0484126550368678,1.1545835408634209,0.11636756415180649,-0.8258533249964364,0.04285105070712214
coupled,48000,22,2.3387225250523134,0.10652952630399914,1.9202940307737215,0.0819561854006321,2.288301189802536,0.05808405231385849,1.1467692039810249,-1.4204711856794847,-0.8285443939456159,0.4435375217919959,0.5036477136936106,0.8309756131355821,1.0422249872693037,0.24981008883621247,0.10652952630399914,0.1311240596864992
coupled,48000,23,2.5589212390807825,-0.9488351109711228,3.1691517139626217,0.06501678297513058,2.5176440581831936,0.025680032577705347,1.4804712251241996,-1.8883652216458948,-1.3793904935665842,1.3682655078793076,0.6457192587283016,1.3194904146452224,1.7113292673160774,0.13569590388396313,-0.9488351109711228,0.0275605907132366
coupled,48000,24,2.167648938906197,-0.3672768170550582,2.3749154576134455,0.06541359067542274,2.2089664430335008,0.004113937941466306,0.9973288791111434,-1.464486153413226,-1.2072314572433207,0.9131878317194311,0.5253298217610693,1.169412129179431,1.2858577353357,0.12811208894955006,-0.3672768170550582,0.016304202840298793
coupled,48000,25,2.1777971660618514,0.3424612742551356,1.6464835121017913,0.06459488799995355,2.1424286278570217,0.009393452276496017,0.22324370011934352,-0.43112212725691235,-1.1872596090461198,0.045679262245916674,1.285953091723289,1.1811713986201524,0.06819802038567935,0.3906660820982919,0.3424612742551356,0.14242364033480986
coupled,48000,26,2.207064544735627,-0.7118127223915134,2.916890707901226,0.06727786961299409,2.293076329735566,-0.051898890921901586,1.1432562750266908,-1.7620892099604817,-1.5127588275454595,1.1764432339370603,0.7271287392772322,1.40293978586434,1.65282648375499,0.07538713750613091,-0.7118127223915134,0.039579070857893306
coupled,48000,27,2.4717125948755196,0.7708262886881332,1.6234505349122015,0.010842383648814846,2.4545074184068385,0.009711801583299318,0.012106874654699395,-1.6346908244877327,0.0,0.0,1.6182541202808265,-4.440892098500626e-16,1.584912505582303,0.05623200673696305,0.7708262886881332,0.010825308289287912
coupled,48000,28,2.20186861280596,-0.8804849593154547,2.9282559973975237,0.07855732125010095,2.1910808943408124,-0.003480659557586696,1.2040126203676433,-1.8680893433496892,-1.237841334794008,1.164108449573951,0.6021115937422782,1.1004951510954655,1.568348071734205,0.14133341681469525,-0.8804849593154547,0.08135008971165089
coupled,48000,29,1.672540061136181,-0.06131544345025208,1.5813836299540847,0.05008666441544207,1.6468311935980997,-0.00636702337778694,0.5575984301140429,-1.5349429052743981,-0.3421533173334962,0.3411177290356774,0.8006700815695746,0.3009820094962664,1.3049195092089192,0.059723312228446734,-0.06131544345025208,0.03282492508917215
coupled,48000,30,2.1900797280691213,-0.4383571127054884,2.6961048723860213,0.08266480326677694,2.2006310897160053,-0.015985685767742397,0.6158334206373994,-1.5748561411261526,-1.3167749013510281,0.9513693520557875,1.074440635636555,1.0983396586109855,1.4876699311051498,0.18966448304725758,-0.4383571127054884,0.0314085799183183
default,12000,1,2.100615629320225,0.1476457700451128,1.7577161998307855,0.0774502927028769,2.1483541032982654,-0.043334882705156064,0.7253203147894592,-1.5766006204637693,-0.401956995481627,0.4029800850381561,0.9665642893075026,0.3957397886747239,1.392742173575043,0.030395465514574838,0.1476457700451128,0.0463162772845673
default,12000,2,2.4840265125817886,0.2542562381190834,1.9643670570680865,0.1047649111867553,2.4068585895374532,0.028296705060762872,0.3101171724320275,-1.1206505257868804,-0.7696645960766252,0.7695556057680762,1.0548576316872498,0.335459396356965,1.0405247298994043,0.38960003790064157,0.2542562381190834,0.05269397809292895
default,12000,3,1.7855092832806958,1.061219772922628,0.715768183725871,0.036862334047276346,1.8055329096047998,-0.006352258371802644,-0.07535679270367357,-0.6940160752118734,0.0,0.0,0.8574092633355859,-0.0586446528840161,0.6777240409425264,0.13361645199463568,1.061219772922628,0.08594956178325519
default,12000,4,1.5403395818888128,0.9639860828169636,0.7239184306055895,0.05588874108975739,1.5212339819807204,0.007776761175889324,0.0,-0.12084332170086709,-0.397211733522147,0.030978047914991147,0.5787874450943977,0.3968081243312782,0.05879772923327775,0.10872627044424421,0.9639860828169636,0.055673649053801205
default,12000,5,3.033334194963617,1.773542371366084,1.2113664799794903,0.06046823029796611,3.024942531200405,-0.00010871882836305247,-0.5487814191557716,-1.1896298116863515,0.0,0.0,1.8029172769879724,-0.4750279326299411,1.180263731571906,0.49561609230321624,1.773542371366084,0.04730871443705263
default,12000,6,1.8708397152927383,-0.27379664549683214,1.7206521219136734,0.07690000895868754,1.9123576020617035,-0.03273814931636354,1.0681835195091032,-1.1027624820377084,-1.4201518862038482,0.4964760226116859,0.819097003205833,1.2765542474484723,0.7227093752737019,0.07050820940357849,-0.27379664549683214,0.05421450589583685
default,12000,7,2.1884671293967544,0.35628231785134123,1.5320647947104749,0.11400525766479058,2.1704315966211736,0.018179183219449224,0.7772685987704405,-1.6705023209271228,-0.22939889262684854,0.23895669966806032,1.0656722637815932,0.2274334841500003,1.2493855417237563,0.0539849749447196,0.35628231785134123,0.047009670486191445
default,12000,8,3.9503552752274995,2.2846254081260744,1.6510602582836595,0.036673091319238904,3.9873169946422498,-0.03207001736209181,-0.4544916079956516,-1.65161493612208,0.0,0.0,2.112254111158982,-0.3196970775414839,1.6422177066266708,0.32986381474498805,2.2846254081260744,0.0203415346810956
default,12000,9,3.9114846692244543,1.6608235913277856,2.2685403976532954,0.08319083257497267,3.933229461586306,0.012392588746335642,-0.31344496513317044,-1.7641752295608404,-0.5848193862947193,0.5858011865930406,2.186970490765587,-0.22110761131763224,1.7622442234768614,0.5615872806758582,1.6608235913277856,0.04357015414966282
default,12000,10,2.3591838498347397,1.184282971554599,0.9849044934253746,0.0802785349758176,2.3209972078878716,-0.007026590974355207,-0.09444589410586479,-0.8834082291029859,-0.07952059648952925,0.08657438695556496,0.975950970133571,-0.020126832338593803,0.8712996268237407,0.1558519588497228,1.184282971554599,0.026126495930989868
default,12000,11,2.6749632006811046,-0.48413103810006275,2.9424421123842093,0.0813242654591223,2.643077756349913,3.8703440692122726e-05,1.2941139337218008,-1.5488343444797454,-1.3519985793476827,1.34680769250045,0.43142928951722836,1.2504879082370268,1.4885716441644303,0.24572696233839675,-0.48413103810006275,0.054134288514983586
default,12000,12,2.0285485444603175,0.11100229270016593,1.916479001739049,0.09879227336218621,1.990970488339742,0.0028605186333647836,0.1312184787997116,-0.11834676456028587,-1.9839526025840515,0.3822865587438302,1.5794008661311811,1.6150093932453602,0.1023093818056442,0.05321381643749312,0.11100229270016593,0.0379833878871222
default,12000,13,2.535175101968556,-0.09061568833454947,2.798299907742946,0.07405173967502204,2.5817837195871203,-0.05767244872196031,0.9201913631174714,-1.6488456579793127,-1.3880825012576947,0.9393737249971631,0.8857061125953142,1.3641003192237742,1.6204056988809497,0.29668179656916693,-0.09061568833454947,0.05365535457981225
default,12000,14,2.667829687374121,1.1251918362862992,1.433789708550886,0.08586522308579808,2.5649150011497106,0.02407220787548714,0.14696546041433733,-1.0982421128181716,-0.2478146721568163,0.2478146721568163,0.9983803790098595,0.21073708973123706,1.0512861001600027,0.1478830289222477,1.1251918362862992,0.025903083255100323
default,12000,15,2.3668441228000754,0.6786527302129766,1.5204011340054882,0.06909820628048025,2.3148470679625275,0.05036963381696369,0.20927709216192303,-1.0368961043083194,-0.4518712667367546,0.08192710268263914,0.718464063634989,0.43009018469311733,0.8196460426970796,0.1908981138956316,0.6786527302129766,0.026215135413263813
default,12000,16,1.4683785542897354,-0.4844970115207201,1.7709133217008262,0.12224048006786925,1.5372501964743615,-0.07838680052004598,0.869271302192756,-1.721606696178335,-0.5126663716222198,0.5055413513629545,0.8819899734705696,0.4998143007931015,1.2278414032359792,0.06032767145038531,-0.4844970115207201,0.03507166647459263
default,12000,17,2.5378983242620166,0.330323169110766,2.0931126065069385,0.08364496727776038,2.5915191768995087,0.0039622988092919975,0.3584541859058148,-1.6375535463099118,-0.4661070699963814,0.3849105253323103,1.2567055055387537,0.2710669553341911,1.2911230539138678,0.03651118442040846,0.330323169110766,0.062177361451193444
default,12000,18,2.1251054786732624,0.273790455872994,1.6019671919951999,0.05583148697581669,2.136116785524989,-0.01866205751775485,0.15059134498788618,-1.440194355430965,-0.2796839742060171,0.2835320694561725,1.1636254846064698,0.16015668159045915,1.2766039529505218,0.13282419607515228,0.273790455872994,0.03762681028087381
default,12000,19,1.9902157007699683,0.5578977187368122,1.9443468231331256,0.05883897491764911,2.026191407452756,0.004619745907545436,0.4062721166766411,-0.9863157263967511,-0.913201326404091,0.5920514344190476,0.9574684101345282,0.7652418828743037,0.9373407081239746,0.0949418531294497,0.5578977187368122,0.1258201912750155
default,12000,20,2.1159159768168463,0.14995890139532886,1.7636624393508207,0.07845835340505292,2.118245409306969,-0.03247644336189026,0.5019218548941162,-1.5282353906014963,-0.36306336990112326,0.36899231389300857,1.1020875156990555,0.3615543410497555,1.4265213162208807,0.08142716088220425,0.14995890139532886,0.03353706700799136
default,12000,21,2.293193822765896,0.9802623196342535,1.3017553827959132,0.06216910253905927,2.3434071818087476,0.0036444462513718356,-0.11723523324375207,-1.3044295788705997,0.0,0.0,1.2479957671631792,-0.022147542820215693,1.2444340692263745,0.12114637177359627,0.9802623196342535,0.07560808293144693
default,12000,22,4.090027606404282,1.720487998321504,1.8811471773096204,0.10815103694854103,4.028328688522322,0.035668014372196355,-0.35121917107412803,-1.6921354442880872,-0.19062825153294757,0.20020109840338784,2.2889439666144815,-0.27109437810534087,1.661220463841992,0.5451143881875005,1.720487998321504,0.07581853000707277
default,12000,23,2.2195400923279625,-0.5178701218952986,2.560381388528886,0.0659234165024265,2.139680857732701,0.03435190507411656,1.2266134879964246,-1.466433156706235,-1.384912439844085,1.1115593881152674,0.4588836638450491,1.2732675346552933,1.320356745878996,0.1792566962502613,-0.5178701218952986,0.059447499015976284
default,12000,24,2.126731959501078,-0.08960590238282995,2.3838003268323367,0.08120136000186262,2.112391792016699,-0.007068363017755486,0.964259378042249,-1.3582435020398989,-1.0900510556092196,0.6016640822678471,1.0995349414163724,0.9737129582231312,1.3127606244588361,0.19686767594158583,-0.08960590238282995,0.06730384646856717
default,12000,25,1.8104856998570833,0.5756726600621545,1.2723197919805866,0.06592493200343053,1.8532654074947112,-0.0604806876971401,0.05957877976349668,-0.9659613427176607,-0.3279672353481229,0.17544061509499587,1.3001619584560653,0.2826157031204033,0.9514550776353653,0.17174608546124648,0.5756726600621545,0.07387440761690786
default,12000,26,2.2000729525044402,0.5934882372162269,1.6418032149008792,0.07270169074952748,2.1577514742933177,0.02233004931851057,0.6515716667282825,-0.6645217901260907,-1.0721379016439028,0.4382084330485756,0.6721489209074473,1.0714496291134905,0.6013034979042567,0.1776076015587038,0.5934882372162269,0.07877603943536121
default,12000,27,2.69027280300516,0.35348208409393456,2.5009962578557134,0.0920824231608185,2.693442924359269,0.023685520625293943,0.3647398004334784,-1.7567377253393457,-0.7545687148707867,0.7572542924350922,1.4147098811645737,0.380631805214773,1.7381210922437118,0.31095126468508427,0.35348208409393456,0.013880512907984206
default,12000,28,1.894709671646897,0.3519256530772932,1.4220351192718388,0.09169668513956675,1.9313819278524411,-0.017592463038114126,0.29502121755990984,-1.1708479821477131,-0.04246188615354107,0.04367277246738194,1.12544920738618,0.043232266743948755,1.0909545872568627,0.12504383575599065,0.3519256530772932,0.03871925767159273
default,12000,29,1.886152422214006,0.6112365222162552,1.2189424556210153,0.060995237723307616,1.9700237284827447,-0.024316646538498077,0.07960238881083692,-1.261271783556721,0.0,0.0,1.2130855254139863,-2.220446049250313e-16,1.1957286379211403,0.030298038655168197,0.6112365222162552,0.07718051470996493
default,12000,30,2.2922677644527956,0.04850249950777097,2.2921649921899596,0.12458969118440633,2.2017145523041175,0.014063890106691956,0.5718550030289745,-1.4178990618082676,-1.0025666307250964,0.9786252809184903,0.5296474373328572,0.779002000414406,1.2565894183511563,0.20372498716018628,0.04850249950777097,0.05680559947920248
default,18000,1,1.6749871599993962,0.675028613906433,0.8658600025802536,0.08788631851011997,1.682757319348522,0.001037669383896933,0.23360226790234107,-0.5033950082523142,-0.4571638902618539,0.45655002080082074,0.4861436910707527,0.4297695875500127,0.4656639139113062,0.06473562873697836,0.675028613906433,0.04448999183837435
default,18000,2,2.2967737081643618,1.089888699656768,1.315998734951993,0.03762821901040192,2.2469734150113156,0.033476586049176804,0.2632974021071844,-0.8860111414399688,-0.421760369956116,0.43348633550582705,0.5690006636801253,0.2740644801525641,0.8431743327277006,0.1373111668010777,1.089888699656768,0.06338164669857814
default,18000,3,2.6361371382791354,0.832502020414766,1.3865148622348702,0.08537522004836162,2.6241451366898216,-0.000665675637057328,0.4544749696920585,-1.4008429791492714,-0.18007831488504822,0.18097374030834257,1.1097566894745032,0.1807297219520081,1.2226101534577127,0.03933974288027864,0.832502020414766,0.08453392053166392
default,18000,4,1.6617043729653451,-0.15077869368742203,1.4581261246877655,0.06962433084877429,1.6920692524735157,-0.014649796096235623,0.6815261120333526,-1.0845843305560887,-0.6281604727342809,0.6289948699076378,0.3620839707013217,0.5906455988305062,0.9975537975931353,0.06682746420229468,-0.15077869368742203,0.03178420508036217
default,18000,5,2.242428940826464,1.0897952759270597,1.0259795318040084,0.07326316793201432,2.2029909768493545,0.023071816827216596,0.4009553723945274,-0.857891497683124,-0.3348623128539088,0.29455693924194426,0.317538233258994,0.3493632123635467,0.8205388328331799,0.058913206375051264,1.0897952759270597,0.03374549502668761
default,18000,6,2.186432382740291,-1.320362542015481,3.327088855000614,0.1294292891889265,2.267627010973542,-0.0873042066670322,1.4915355279085396,-1.9150251445734936,-1.71351729712165,1.612894259780536,0.48405494382937797,1.5014811252316669,1.8066597688702193,0.17747658010514256,-1.320362542015481,0.09602506392185005
default,18000,7,2.1567250883760547,0.20053569538196125,1.749199586410764,0.04431130366796454,2.1527866626679293,0.008267267699821002,0.6747825677822175,-1.3261846268753246,-0.5381142863413069,0.5443101272883747,0.7903720462317335,0.4672810900808506,1.198987092989027,0.08285698560181942,0.20053569538196125,0.019624494960036973
default,18000,8,2.129830030829282,-0.554303341291801,2.6531092134027996,0.14252110900321335,2.2003109399061316,-0.015922918255449003,1.0534203315305126,-1.7542011115194382,-1.0159962767536403,0.9991730684887465,0.9421494351347317,0.7934022072833937,1.5663083953688286,0.1308258598311085,-0.554303341291801,0.04960095384862194
default,18000,9,3.4138758597499326,0.6864981258468692,2.511775132245939,0.08662808334682082,3.3633954787947546,0.03952477661727194,0.35925719423311553,-1.4620238163934198,-1.1037405471452346,1.1096149204719195,1.3752890641137503,0.36012796334656094,1.4649804239891577,0.5272327994318637,0.6864981258468692,0.05300446193212968
default,18000,10,2.2101362442859953,0.5046244357435301,1.5450783130973664,0.07521713799918511,2.160279489644065,0.0010078601282285105,0.4742991567820187,-1.2931743742750033,-0.5108164405871521,0.5255536732620496,0.9061210277574714,0.3744060830780719,1.0981932208260692,0.16378284783919117,0.5046244357435301,0.01607931206313247
default,18000,11,2.1056852812536597,0.38985881960385127,1.5806769539364858,0.06742780148900912,2.06695091010132,0.004561116590197423,0.34703572662335824,-1.216067315130666,-0.47167155489592705,0.477675617205108,0.9319375970547704,0.23888924383708487,1.1569738770128584,0.25536978220660667,0.38985881960385127,0.021170929601827482
default,18000,12,1.8673529254078982,-0.10071849896446139,1.8688802468959433,0.0948205256983774,1.8607893423797277,-0.02134887504052496,0.7707250366363316,-0.9656520433137915,-1.2002895922750914,0.9638596588222916,0.5834843109193204,0.9990873609248012,0.9588128069366035,0.15232265436449466,-0.10071849896446139,0.07208073857054864
default,18000,13,1.811174273816031,-0.9553178471963111,2.582941237483677,0.047821772578192645,1.7694398630296335,0.02579477816249176,1.5011330341028084,-1.5920754902523084,-1.2305221536053463,1.0948151665827672,0.31797406644783177,1.2232072065070656,1.2452520060496934,0.1625748415146928,-0.9553178471963111,0.058456263066393496
default,18000,14,2.2674174091449606,0.7758159947141661,1.2005890364936156,0.09373157768572715,2.402078408044722,-0.025333935728576673,-0.20788320814432182,-1.1004453249396422,-0.08713068514386588,0.09139194737062084,1.3113663049534927,-0.11340165631945917,1.088407968062714,0.49812649400670383,0.7758159947141661,0.036135971743153264
default,18000,15,1.8819753866830302,0.23447381648062926,1.6216411226560212,0.05538540993762514,1.8917272475969849,0.009617433876223602,0.5496121351318365,-0.8722545431352065,-0.70516931916967,0.2883086813862443,0.607960439207014,0.5525798370610797,0.5825908823207979,0.1322775432006988,0.23447381648062926,0.06404929238132911
default,18000,16,1.7164205873082772,-0.013714376230604008,1.5920478223215349,0.09147695724189908,1.6780820615710836,-0.005953553454622451,0.5474333010232014,-1.2027088450931263,-0.6320040547858603,0.6008788969696902,0.7881081445454435,0.34223464069228837,0.9133937409513897,0.10496016211725445,-0.013714376230604008,0.06659567107803843
default,18000,17,2.1314112074343683,-0.17715695661525133,2.0453567087872564,0.07283356705984306,2.1237849495039756,0.03619339383056874,0.5800122554224656,-1.3852389372587428,-0.7627777401737434,0.7762861181861981,0.8990742202762958,0.5410784158221911,1.3463780650269057,0.23753768118643814,-0.17715695661525133,0.054208407232226
default,18000,18,1.8917247735527556,-0.3700519605732506,2.0279473992835197,0.05325116901631888,1.8525290507230732,0.050361909322028,0.8606468814860355,-1.3769937729419233,-0.8776798773383321,0.7976928527201398,0.520370306337836,0.7795541016662724,1.2135872336276434,0.15212947674552058,-0.3700519605732506,0.039289736654028296
default,18000,19,2.163957059012782,1.0929295370930838,1.1155955298776332,0.05177670494607056,2.1764968368561735,0.028389722019365737,0.24589418632855686,-0.9022139154418711,-0.00031141866554762476,0.010965831819189642,0.7549424672569607,0.0,0.8580165157859492,0.03976652477251985,1.0929295370930838,0.1138422554835248
default,18000,20,2.5734268941311536,-0.34711239465914945,2.720504676111528,0.07177095272780143,2.467409176085547,0.04187308026587799,1.14112967520275,-1.3777810235985244,-1.5134698740628691,1.4688343815992715,0.5194030168644606,1.062888635061959,1.3625964535799713,0.2811406231236224,-0.34711239465914945,0.03130515949052923
default,18000,21,1.7446929781342546,-0.6016911252558499,2.2496745080817124,0.1232735614802063,1.763242071599479,-0.040383797259916476,1.077816167333112,-1.412439184285141,-0.9453069082190558,0.8986680090062156,0.5196385792819729,0.7894569234686631,1.1406259023350787,0.2152950261589649,-0.6016911252558499,0.036642035035622494
default,18000,22,2.448125026571854,1.611499241073452,0.7074488955638155,0.015394555954868272,2.3819829725182613,0.019764639560535757,-0.05028488785540186,-0.7003115551076441,0.0,0.0,0.7862035232038596,0.0,0.6536123614999085,0.007592253634181367,1.611499241073452,0.08351860192343642
default,18000,23,1.485067664953386,-0.6854148437704164,2.0499395903923325,0.07671889876641913,1.493572501660687,0.02457857753565773,0.832141818961333,-0.8569231259452328,-1.42730656412274,1.1771600160671323,0.2998626534300226,1.172933472454731,0.8404149718790547,0.10285522288073645,-0.6854148437704164,0.038324108026886114
default,18000,24,1.897969417700214,0.5031375151649986,1.3087947614657165,0.06856502428616507,1.895651643254356,0.027452307459276404,0.5098645129743389,-0.7421988380881506,-0.6815328081850918,0.4712532025223232,0.49701880740049853,0.6502823021614346,0.675981910668982,0.024637831831567425,0.5031375151649986,0.017292173256203636
default,18000,25,1.934565881797491,0.6251257373636314,1.1218191510249051,0.09639087698948368,1.9640682141328794,0.03145754198759576,0.3543423706801885,-0.9358379045962104,0.0,0.024903896230815237,0.7430158210582429,0.02332730165236907,0.8033569443999136,0.05882132282578478,0.6251257373636314,0.09989894287067891
default,18000,26,2.04815535914686,-1.0461328228522242,2.9635212508440887,0.06774313307282209,2.083584705559983,-0.016373537668124882,1.4287130100102707,-1.4971091313103209,-1.509952946069038,1.500145700994204,0.3674152401805185,1.356855297237751,1.391012349534022,0.1299596666016044,-1.0461328228522242,0.10119934610070261
default,18000,27,2.6497885562147703,0.06332126351790657,2.435010484942073,0.09164872450541262,2.6424355724948487,0.01023822683363007,1.0087274007804394,-1.3228203581652267,-1.0578907626901923,0.7711967506792209,0.9603473078073734,0.9853755316875925,0.930965286343535,0.2798718443406025,0.06332126351790657,0.07335843969330755
default,18000,28,1.9689384702996557,-0.14000468760191365,1.6214455738700866,0.03947396693194338,2.045881175840592,-0.026104813894160417,0.5975160728336495,-1.1048593033196925,-0.6580075703873179,0.6081068760501093,0.9418135761659869,0.5150451941165249,1.0127366922841103,0.2226920255821434,-0.14000468760191365,0.03130857184450826
default,18000,29,1.6939323409377884,0.10853631806096309,1.352330817695087,0.05708594243033416,1.6714935286613284,-0.004358685093538761,0.7508933875214124,-0.8981260254606345,-0.5154071305929484,0.4988946620199729,0.5719181704853942,0.5148803872081302,0.7707488723424674,0.02867843496426148,0.10853631806096309,0.06127952840779506
default,18000,30,2.461020255783424,0.4446969752815304,1.6237192576900208,0.036835187193028585,2.370096209865607,0.06743392574440699,0.6455928845161223,-0.8892137199941528,-0.9110877400253817,0.9136000602185604,0.2676083473904022,0.6041204357112234,0.8746513374166709,0.10558746515824047,0.4446969752815304,0.031091256942218648
default,24000,1,2.0089096719117316,0.11591058065312732,1.499389598114302,0.06672464109432036,1.9799511024768783,0.0030525985660126986,0.46216202570584874,-0.8787049983051428,-0.629919253588427,0.6171720513836179,0.5265095983106889,0.4675403040935327,0.8311465030817136,0.19773553080910689,0.11591058065312732,0.0250065578463263
default,24000,2,1.940928706399443,1.3024020261273397,0.6908351628049463,0.03625660781348772,1.9464766964750555,-0.0009109482726369356,0.0193370113627096,-0.6205017948544673,0.0,0.0,0.8371648352090322,0.0,0.5637009758808792,0.013016149845153091,1.3024020261273397,0.03856591223777789
default,24000,3,2.26302725773012,0.1559244875318453,1.9995433399163103,0.055000521652602274,2.298602381911324,-0.05678858128770781,-0.024956857363641838,-1.9936476702984378,0.0,0.0,2.173763610745472,-0.04322430166821789,1.8866590496974007,0.187911624229536,0.1559244875318453,0.0506422621424886
default,24000,4,1.6678889908283003,0.07278043411434654,1.6061376153145104,0.0651483585189151,1.6869792990556585,0.01380473794531245,0.693269354225846,-0.8341343146896887,-1.0128934509323035,0.9546245458355982,0.19725125012592315,0.8416182419829557,0.8105810997567272,0.03123243156692046,0.07278043411434654,0.06411684171970351
default,24000,5,1.9198641146463093,0.14489085077155006,1.7387480635539232,0.042569523010107746,1.8720890267626313,0.008921570124027944,0.46488530178931,-0.9121992147568752,-1.0469104553451105,0.8163594722610039,0.557639747734108,0.7636639746541825,0.8861361015866653,0.13763190504038247,0.14489085077155006,0.032282264404920366
default,24000,6,2.017848124132109,-0.649497190984712,2.3300907917021885,0.09936187804377689,2.086268953549864,-0.025295500471111954,0.9441421180757115,-1.425470483803187,-0.9680949190556413,0.9334955908829203,0.7070840290035215,0.8178866562376801,1.3438954295690384,0.2430436338656986,-0.649497190984712,0.023415691961474472
default,24000,7,2.7367607133442347,1.2093529613280138,1.5457753824921587,0.04467912171212485,2.762859125280417,0.004382312707043923,-0.10954148153823673,-1.3724061082693206,0.0,0.0,1.29956233965077,-0.0343554336592633,1.3719781373458275,0.16527539079071263,1.2093529613280138,0.036399726100161844
default,24000,8,1.9709843972336918,1.16284577518462,0.8022176583817823,0.04395287944253323,1.974844173800104,-0.00015089051940231357,0.1699003992205279,-0.6578978478974801,0.0,0.0,0.6308014318002153,0.0,0.6137756711624107,0.031740083604146374,1.16284577518462,0.09608453709601478
default,24000,9,3.9248340661053644,1.6411248336706228,2.3239896205512265,0.03329614164137559,3.8882084406712307,0.022729386791743744,-0.2725665110055371,-1.9388187423023413,-0.3918954263299833,0.3978852449855501,2.2309387845601094,-0.1861775997716968,1.940623097053133,0.5505965388399876,1.6411248336706228,0.031849283290517436
default,24000,10,2.2912093879848694,0.8221436884427324,1.2803996840841716,0.06227484173240633,2.2678322810136105,0.06303157420072614,0.33962376772428193,-0.797255869273169,-0.6241724350428781,0.5226104309034164,0.7741327421278696,0.3766238821302901,0.7214456415377425,0.1356442380749553,0.8221436884427324,0.00904808367832241
default,24000,11,2.460581298783411,0.2942057579782147,1.8017727131307966,0.04702565352372956,2.393178807728941,0.07520407344166258,0.7552609955081225,-1.3060682974997389,-0.839398522802346,0.7149344910474705,0.6521007242001652,0.47232369886348946,1.1881426417673504,0.15636578609729734,0.2942057579782147,0.044843549552077436
default,24000,12,1.9688899840731295,0.01894827776478447,1.858190797423231,0.05392948180444368,1.981848439856045,0.021690505005887317,0.8538328360641524,-0.9703956494009536,-1.3556142527954198,0.7254985489018546,0.46509558360418846,1.0670160970271754,0.7341042714529662,0.0725750676821102,0.01894827776478447,0.01701318924010405
default,24000,13,2.1874679467688094,-0.7690344224393231,2.797809167690156,0.08624916240489722,2.266669087758407,-0.07381458659133944,1.1313936013487178,-1.52827163932775,-1.561352001721894,1.338022294684135,0.46778655194366103,1.2859635310501933,1.431726989394885,0.20755114727764046,-0.7690344224393231,0.06079663234928747
default,24000,14,2.2124825671563526,0.5422697577793802,1.296380050157922,0.06715434056093106,2.234163163340851,-0.00512057736367022,0.3267006560392828,-1.0568450662627036,-0.8502197874719061,0.5323676773238737,0.8199230387427504,0.40450012869001395,0.8271661726766295,0.23790334428589044,0.5422697577793802,0.03345430269749952
default,24000,15,1.8078688617263743,0.5328304551069429,1.0172928837358537,0.07010730318904329,1.7996002144101286,-0.005563689615896372,0.31041136799498326,-0.8194046259281071,0.0,0.0,0.677714116562774,0.0,0.7930961081610198,0.14931668885298988,0.5328304551069429,0.03929672210779378
default,24000,16,1.6248094169170244,-0.24323150545520655,1.659606009041992,0.07094817279149335,1.626982252203203,0.013000668763206935,0.7866873408822713,-1.172771614924533,-0.7283088021142254,0.6876967164626296,0.4021114183577149,0.6845343002331928,0.9613888557112771,0.1997759618501288,-0.24323150545520655,0.10005039852995717
default,24000,17,2.952051760538093,1.2843146494589286,1.5345121151547274,0.09781504623291382,2.986642593147797,-0.042814470967224016,-0.009236843679663043,-1.5793636502368935,0.0,0.0,1.6089687538137758,-5.551115123125783e-16,1.5045642486914357,0.07797561291282618,1.2843146494589286,0.061339046331530055
default,24000,18,1.7958817138753553,0.23926447848616417,1.1348790335703607,0.06023540033943098,1.8109267748322015,0.026689908857716826,0.4579461222322375,-0.6759054731231109,-0.8660634504831173,0.3960653644629788,0.6022400411020298,0.6741309950636605,0.6206508874794339,0.09684203045806294,0.23926447848616417,0.04906987272907541
default,24000,19,2.4042425570115924,0.9286490287188822,1.6176615113760997,0.040614728565779856,2.4010694994033095,0.0045073877686108155,0.7102028742417399,-1.0400456103743445,-0.7124493338261879,0.7266730669573949,0.2766605292526795,0.5454429407825969,1.00966931955253,0.06639473398501172,0.9286490287188822,0.14812877411690856
default,24000,20,2.0183339476399045,0.17591246971818242,1.755640128657035,0.03948033495028758,1.9668720964291504,0.02939057423063074,0.4797669477162314,-1.2179118857420899,-0.4685275870437261,0.4650423801012288,0.790715847283234,0.3430177617162308,1.1656982604940214,0.15167557410338428,0.17591246971818242,0.021142363471312056
default,24000,21,1.789547563818925,-0.5826998766325906,2.31326909999356,0.048213919279830986,1.8558033878343663,-0.02647747951746271,0.9804151924199266,-1.1254900692890961,-1.1314281719006256,1.022582599644576,0.4044511737647317,1.0405829349837987,1.0695142307914405,0.17068814759144424,-0.5826998766325906,0.0424664680812486
default,24000,22,2.3467937173002342,-0.06075469287744917,2.211992854669994,0.06981037132823864,2.3404487328537744,0.01249982511981873,0.48886131309265135,-1.4701738702337934,-0.7543499004094545,0.7619188326776644,1.0767787483634126,0.39496574334831014,1.4683524055114734,0.21774639059098944,-0.06075469287744917,0.059039139107313815
default,24000,23,1.7755023661567493,0.224708843003403,1.508902811759964,0.033094186938677495,1.708855200487172,0.047967438141758634,0.6947669294771943,-0.8349216313022395,-0.9533729819889799,0.693012316247255,0.27467319163680637,0.7914970558408064,0.7736297691501686,0.05091336974963545,0.224708843003403,0.05243079498719615
default,24000,24,1.962770836478019,0.4666280120562172,1.479023295627842,0.04189973357279625,2.020774844185463,0.05138896955080252,0.29904071669945353,-0.7195587721849024,-0.9877390728563484,0.19771341342435222,0.6118312405138681,0.8739990894535558,0.5703941848410137,0.08264940448263536,0.4666280120562172,0.013212937864824303
default,24000,25,2.107629603645087,-0.26692212277505933,2.1859630851354765,0.08741964444948758,2.1198083552040323,-0.028657590967248292,0.8966554378881347,-1.771986470344455,-0.9799989283652788,0.8863599966693628,0.7489772490813679,0.8124525792765662,1.5925571129810328,0.06460631864703104,-0.26692212277505933,0.03780876345466112
default,24000,26,2.0214011946007346,-0.886758864394362,2.7919942705308234,0.0692352956467871,2.007903958142772,-0.007973891082695417,1.197073204995903,-1.4775270445719895,-1.6314117542954234,1.6096508162194227,0.3292687315069216,1.1833130992637964,1.428418220460868,0.18295213264378163,-0.886758864394362,0.09113233057649794
default,24000,27,2.694495027371807,-0.18130323376162716,2.2381223989548817,0.13078975057689013,2.7752467802811767,-0.00884596504294155,0.6512021527385656,-1.2274944726034058,-0.9829852403795316,0.7960642795863431,0.8708683274042737,0.6234453790247643,1.200136525711878,0.43735201802195145,-0.18130323376162716,0.027460939966711964
default,24000,28,2.0612808843485873,-0.18716657072344223,2.3058822476229706,0.08709325036495452,2.0973836656066007,-0.018856192080543677,0.9165538270744632,-1.2067023834037014,-1.631636283828772,1.1488687606562997,0.6558777539931693,1.2800242701650326,1.1449479768086102,0.08950116064782487,-0.18716657072344223,0.08442472068272844
default,24000,29,1.9075287860620411,0.6076380341244088,0.8811065114306754,0.04652375372161616,1.8029081723428606,-0.015218824537927,0.2200741892821474,-0.8329161795615322,-0.054066675858443713,0.06226558697925444,0.7083707579750798,0.0,0.7156840633422532,0.08895932073566826,0.6076380341244088,0.042111270419362704
default,24000,30,2.304038415849246,0.08006692048065656,2.039327625325013,0.058922680778386916,2.2758558245571248,0.03871268032482489,0.673997034205668,-1.203569150720051,-1.0277732022274177,1.0242124851535777,0.5739535313808302,0.7336200332656617,1.1737818625089682,0.2540107875165082,0.08006692048065656,0.06279628110748606
default,30000,1,1.965643647182092,-0.2571644386210472,2.101934426114046,0.08827623929734929,1.9356888325239796,0.009194504933685677,0.7081466886082347,-1.2359538853133243,-1.0237686028617436,1.0199540647901648,0.29946737145697844,0.748848467373362,1.1921875646859956,0.1473508753175311,-0.2571644386210472,0.07795725650018398
default,30000,2,1.8599077264620094,0.30743379890483435,1.4440944922683163,0.07763196824008245,1.768000841415017,0.05689584910950507,0.45474452046125624,-1.2852647694126744,-0.25120887460651353,0.25996597220258566,0.726036438371615,0.25276554270055923,1.157852892658956,0.064515869677227,0.30743379890483435,0.03199440233081116
default,30000,3,2.575640081159965,0.4837831875960883,1.9561015339343737,0.08822761461013379,2.5768523993571337,0.01856628206848665,-0.03309350868591121,-1.6995711954952741,-0.3756690004917753,0.38060757290197,1.7799073213114958,-0.06308554805643851,1.629168533192559,0.582153882022804,0.4837831875960883,0.0345792367509388
default,30000,4,1.9080262405663937,-0.5753722903107932,1.9478819672814225,0.07288182074869476,2.0825654004512772,-0.13365449520199002,0.9362259165566673,-1.3321137019061138,-1.3108204727256556,0.773814737472218,0.6530241123090078,1.209858856602796,1.0971640131641451,0.292417312566166,-0.5753722903107932,0.07864230416634058
default,30000,5,1.8876163363167044,0.4416479995182716,1.321953316655636,0.04958033210375379,1.9059057767026863,0.01671531410859961,0.42445347241517983,-1.0986704801417582,-0.40392489567077383,0.22605020686250787,0.6518843603539484,0.22586643043968435,0.9019204501521542,0.07386680013938829,0.4416479995182716,0.0436172292772653
default,30000,6,1.743020734564297,-0.756842778910461,2.593321485075619,0.0828197758612077,1.8623453616025099,-0.05689625898959483,0.9739108111843827,-1.4024958069383517,-1.1305639289047467,1.0904699624606626,0.5961673789855229,0.9977149857863604,1.3077216151635398,0.31033643419948886,-0.756842778910461,0.014519751014113406
default,30000,7,2.077346752246336,-0.20638112306081435,2.2789967280465646,0.050824368878625625,2.085146435883052,0.015518916834603269,0.8974278958831142,-1.5741411869085957,-0.8636769430785447,0.8632970850601397,0.5999693044026918,0.659577559078072,1.3474309599679204,0.11755979620267842,-0.20638112306081435,0.06813218661008896
default,30000,8,2.4205068306776623,0.3439898266742738,1.8184824267293014,0.04871913952917484,2.4482760154046757,-0.001968913397025096,0.2621076357866762,-0.8925884492265761,-1.0248795002608584,0.4750263836752615,1.2979163181447761,0.9275622943412515,0.7813414349015546,0.19841484493399886,0.3439898266742738,0.05039796187239817
default,30000,9,4.2257843199405976,0.8317329153125956,3.395778064422659,0.06694230360838127,4.211247488774893,0.029195833122113157,-0.10805071440726355,-1.798239172103521,-1.595571399629815,1.601144788847746,1.9987991236404277,-0.013982243599672373,1.8056087985698857,1.4675611921099463,0.8317329153125956,0.049519595523221896
default,30000,10,1.978517134547997,-0.1518214682391985,2.0546170098982217,0.09443275000219276,1.8299886861629737,0.00010726070905564544,0.6224754783403506,-0.9967986757479563,-1.1530573991407802,0.6969087181566549,0.7717764457552413,1.0869780406372525,0.8535867553487919,0.2027743594510052,-0.1518214682391985,0.03751678785739579
default,30000,11,1.9716724186842445,-0.17043524670467836,1.935603255920428,0.05666104656849669,2.0527651443462505,0.019699512513457584,0.7615409165981474,-1.675162631548318,-0.5533447305412088,0.5569691587755624,0.8941861551518526,0.550583647381918,1.3154863082038533,0.07675497087957306,-0.17043524670467836,0.028433663701524364
default,30000,12,1.9224548459285575,-0.5882778913852573,2.678311066151048,0.09829815136794051,2.006738225082265,-0.04580534718147211,0.8370963994030354,-1.417787191079983,-1.4833650638268026,1.159162079399772,0.8007129637337007,1.42943174144499,1.2626209821908603,0.1929856173926292,-0.5882778913852573,0.05258444621667312
default,30000,13,2.0822981367079305,-0.7869198807900628,2.7772032556003925,0.06646921438978992,2.012566705612894,0.016292647713037844,1.3583512544885603,-1.453042688354472,-1.4128684012445811,1.0138491025497935,0.49642351356337444,1.3488301629951809,1.2053937278144882,0.2036986994842539,-0.7869198807900628,0.034031732858985274
default,30000,14,2.16135473123562,0.37134188452026784,1.4055633824973088,0.10143820585981794,2.3256052333874075,-0.03379474172108243,0.43602804435992515,-0.7482381824777358,-1.0384517590381963,0.40960228043957436,0.9874468024962025,0.7950261710914184,0.6667873651996017,0.37903262869898025,0.37134188452026784,0.06432193160728587
default,30000,15,1.6598796072480804,0.09952771463492471,1.3920610903102508,0.051037700555296384,1.7054652575538052,-0.010344025888039843,0.19053537315730817,-1.0269864682969598,-0.5089901010246296,0.24016792206640414,0.7744340205144862,0.19077146683703217,0.9642067990692773,0.10941432729947753,0.09952771463492471,0.07823394563790542
default,30000,16,1.6524154392373327,0.12204225681876979,1.4597679669563095,0.051725467522844015,1.6651578699352052,-0.011022097075778947,0.4290287960462512,-1.0352362395528438,-0.6429732236446146,0.5473781111164487,1.0790890730983511,0.4817679733170127,1.0171287528603896,0.08966933609749295,0.12204225681876979,0.04109409913827598
default,30000,17,1.918955737919596,0.06890970857557055,1.5721894066537856,0.08065900621300431,1.8815900322715895,-0.011108503063140485,0.5957921556606374,-1.280627115722604,-0.5179669519651772,0.5260148330332,1.0560767611685489,0.49065205335369666,1.1435155766438578,0.06279744836805334,0.06890970857557055,0.030398254450562684
default,30000,18,1.7505035877783377,-0.13006470114258462,2.2151552943087083,0.09178003728437245,1.8078573204121537,-0.07983193333258398,0.43592987271404293,-1.2338400902252975,-1.1931198584998293,0.3362096019148676,1.112023466912961,1.1152614207432134,1.1023069961303387,0.22513502172232192,-0.13006470114258462,0.08852442885034441
default,30000,19,2.0836157378770017,0.5457857250876013,1.3180058919502229,0.0772308632507569,2.060560285345602,-0.00035468232160607016,0.2383477774648674,-1.121264077336633,-0.10441650881292408,0.13627894635196536,0.8677611339804512,0.11205262913371494,1.100651561905503,0.085031396458672,0.5457857250876013,0.13785183869340611
default,30000,20,2.2073224144076438,-0.3294819548896286,2.5162752471980667,0.04555974285519315,2.1646923796491353,0.046704215244273595,1.1677259975334358,-1.4836177764344987,-1.3337191590516961,1.1662068745106375,0.7421550961039496,1.1685952867795881,1.3818063884786533,0.059998394400130106,-0.3294819548896286,0.09173890786744551
default,30000,21,1.564334860744917,-0.10721765893469248,1.465432037195801,0.045575962628056244,1.5340861661331993,0.014302899535181823,0.7496185059921989,-1.0607376986078423,-0.5034026543448795,0.5043397359858104,0.5167353123443403,0.5075669795802764,0.8792140535553381,0.10411397854568061,-0.10721765893469248,0.018230296603437862
default,30000,22,2.375217140105674,-0.030247419361622452,2.582837354006144,0.0655835157447811,2.414851111867394,0.004186489968512008,0.5301234101473331,-1.3670929599508865,-0.9742015705544267,0.9754246766204037,0.8604689243949999,0.5613616811436876,1.363561967332476,0.25736030347312866,-0.030247419361622452,0.01577028110849369
default,30000,23,1.951912261487685,0.2721163643904828,1.4839547817960301,0.07036298782764394,1.951547340070808,0.025207190052111472,0.6496565643130512,-0.6672933311659582,-1.0720805305296817,0.4193912085229016,0.6642259134689962,1.019418483492164,0.5478090972590148,0.11746158284333763,0.2721163643904828,0.016040741291027547
default,30000,24,2.0653012243594464,-0.10937233319085582,1.837458261109575,0.08215381727468618,2.0407643643330333,0.02105165835314793,0.6949225342588039,-1.4838915307031062,-0.6126573601478136,0.5659984551178787,0.8199595468106482,0.5542250701879091,1.235892249109599,0.025540776775117346,-0.10937233319085582,0.04573017668143427
default,30000,25,2.5522572923938114,-0.4330638484266084,3.13947365883194,0.05207696865475886,2.539109094023151,0.012042881611313838,1.6936045029496754,-1.956089435343876,-1.4624300537415316,1.4225957636853777,0.35449274452100954,1.4208096787351023,1.6019542524311507,0.08869066136761983,-0.4330638484266084,0.09076439868549818
default,30000,26,1.9563456552203198,0.4936899491334874,1.183154289592089,0.03171259520997349,1.937554568267351,0.03603894409432784,0.44424285053888524,-0.9621120724984573,-0.7184936044343107,0.3851086920318866,0.6571531382995687,0.5658902208558307,0.8522928265967341,0.041406775358143966,0.4936899491334874,0.02936201591911436
default,30000,27,2.0896027921860725,0.13429381284484254,1.9277876020310316,0.06449675169742697,2.1089004977241785,-0.06047598940317478,0.010728734423300357,-1.9053223113321798,0.0,0.0,2.0188121434295425,-4.440892098500626e-16,1.747008253914472,0.11431015261290467,0.13429381284484254,0.08504829093446788
default,30000,28,1.8302354433175845,-0.2762989972095029,2.0800346790284006,0.05283111011613262,1.8157741302573915,0.0018060064524363373,0.7522824526900663,-1.3442605714253797,-1.306846822977388,0.5699496433321625,1.0048459243450796,1.1166431848371978,1.1673167438547376,0.18239386546211778,-0.2762989972095029,0.07361965384157025
default,30000,29,1.7949242164395431,-0.0606581104136934,1.6788609217104096,0.0908793898382746,1.7790838412531118,-0.0006026418202487172,0.649300165178607,-1.210995890971311,-0.73970091479218,0.5636912162259706,0.6157457799176786,0.6543070731295524,1.1060527139972545,0.16022782714906236,-0.0606581104136934,0.13135516522277008
default,30000,30,2.4085390822302255,-0.41615033618980113,2.6321830831082247,0.06143073890236661,2.3968086373678674,-0.05329948863470313,0.7046732899674855,-1.5304211539978627,-1.1178869051351614,1.1170858057507354,0.9603986731188499,0.6779675572639057,1.4967736664185827,0.3797544098600337,-0.41615033618980113,0.04876651711196013
default,36000,1,1.9262199711327397,-0.39928429783924724,1.996974392328712,0.06796023118925887,1.9032674021170548,-0.01163213992593981,0.9869876920691576,-1.2657144031188643,-0.9606486344960622,0.9241483618550724,0.42939796140812514,0.9188238578720027,1.189313950513113,0.22169010940461498,-0.39928429783924724,0.08702301441021232
default,36000,2,1.8622533188574022,-0.02823661560003532,1.741266832829178,0.05277085843549606,1.850668435155413,0.021529263392005782,0.6131911908055383,-1.1519607609608333,-0.686469527449486,0.6246906122400462,0.4223115700830885,0.5330703128985221,0.9944974485864972,0.054826266981490734,-0.02823661560003532,0.042765939065037395
default,36000,3,2.9087909282463817,0.9240720933702264,1.8976526625174257,0.1242005650878466,2.9392893569220337,-0.04216643471044956,0.08396928436274675,-1.8344251787578467,0.0,0.0,1.9069941640286063,-1.1102230246251565e-16,1.8049567153181854,0.05766757146569956,0.9240720933702264,0.06337078714140995
default,36000,4,1.853862148654236,-0.2865813442248957,2.039897235817397,0.07911566657249292,1.8806536446063324,-0.0067659648870525,0.716419084190054,-1.058583239379633,-1.0779521677244914,1.0040537326924714,0.7901271432781385,0.8447825409665238,1.055438016655432,0.08371828087789734,-0.2865813442248957,0.09975111268020714
default,36000,5,2.2374715540150554,0.14211476490429353,2.071133768092364,0.07534439562617623,2.2270815168290117,0.03502241906090342,0.9448768807907314,-1.1923366004357396,-0.7107892081724991,0.6159246853564389,0.7988836091782061,0.693714514427458,0.9631245875921958,0.4339417356352251,0.14211476490429353,0.021838189697512733
default,36000,6,1.913471500565101,-1.214355297201313,3.0511020735030505,0.07548688068371384,1.9657604528704016,-0.063022853456704,1.5496027916636108,-1.742723321427842,-1.4665128984035025,1.3281464980891649,0.4206354639752218,1.386311440534276,1.4589725893868926,0.19427096963406587,-1.214355297201313,0.03592878334823411
default,36000,7,2.030140505464327,0.4584454388710455,1.4541729982512805,0.061191994289498564,2.012682281062675,0.0060609373034906655,0.11086853254330464,-1.4048421347893558,-0.15436686788851012,0.15807753256180201,0.8752627050558239,1.1102230246251565e-16,1.1029594506397862,0.1644650464546773,0.4584454388710455,0.02745993646912319
default,36000,8,1.966593547101498,-0.4949474008318262,2.4136990750518637,0.059780147793447425,1.9849073606568948,0.00435955082156414,1.1980369441565744,-1.2322284310652638,-1.2729136879363177,1.2293127986996737,0.3220302015750076,1.0997966882282957,1.1750623505526794,0.1627446629277267,-0.4949474008318262,0.029852326591245593
default,36000,9,3.8950703395102995,1.3365573387325682,2.4989973895517545,0.04060943956931337,3.8420904544434484,0.06615642587458548,-0.3977124672654986,-2.065393690377255,-0.4154925705171943,0.4195782851969314,2.4819936489327636,-0.3398665888475434,2.0687514607894837,0.7876881078368867,1.3365573387325682,0.021031708090345616
default,36000,10,1.5522690717743113,0.18892568213441718,1.5008636115254914,0.08540202977928368,1.5633794008342305,-0.01217522581833208,0.5438517234030433,-0.6782999124035838,-0.9101689045644397,0.1899655469691372,0.8219226423396573,0.8646790749641724,0.559422601359397,0.1977675624466806,0.18892568213441718,0.017931920182966535
default,36000,11,2.2588838510386244,-0.2748065039723251,2.462875248370771,0.07353503776676606,2.255494089447697,-0.015500207857092718,0.9525548090338081,-1.4057634552898726,-1.1291306224308522,1.0713326427234957,0.6441968400762831,0.8518730251626156,1.354769045426219,0.3228087606483996,-0.2748065039723251,0.028310357789581617
default,36000,12,1.8879387153894993,-0.707947308592175,2.376012866285711,0.09603988275472763,1.974997628551379,-0.03698493639188294,1.1233784661185584,-1.348738475549785,-1.1413058058201293,1.0048162729045833,0.4892111257854038,1.0370123578947015,1.260956473879621,0.06175912956952434,-0.707947308592175,0.06699915244022764
default,36000,13,2.255995198800872,-0.8081322472096175,2.968233955551893,0.06728356083153486,2.2798776296920558,0.04651847027971878,1.4098074006933732,-1.4161521148254643,-1.6784278985131387,1.0873419873590082,0.6473700165285475,1.5959370734628542,1.0744996286537543,0.2708219844724513,-0.8081322472096175,0.07461801312984975
default,36000,14,1.929368930446294,0.653159287451198,1.61863985040426,0.060270013609878936,1.9352251081362684,0.02545758628907724,0.8034389104445917,-1.1612074043025609,-0.7226003963480048,0.5267276475904485,0.7072705038045128,0.7028540798040199,0.8963683574624922,0.16517267645609823,0.653159287451198,0.03560345799235972
default,36000,15,1.8239471742162965,-0.08589185551210221,1.6807016235581216,0.0777757441504977,1.7954685100799752,-0.015504744936746806,0.8473411274018893,-1.2710945174982524,-0.5452666724136699,0.5508949650382032,0.53808271711748,0.5112952794763674,1.2074949808191504,0.12115957674244338,-0.08589185551210221,0.08052078000100316
default,36000,16,2.033365950422489,0.051209803400484866,1.665075979861475,0.04766974779506128,2.069809485370856,-0.003702000676100825,0.6379827378049768,-1.0811956193073717,-0.6797752540106625,0.6750242191971633,0.5882604043205304,0.5644686895967795,1.0267880591724259,0.11071784790898054,0.051209803400484866,0.00947292855033429
default,36000,17,2.0804849018424543,0.6859920403426956,1.201515257310035,0.09083388018765981,2.018084581263336,0.02357473908756358,0.376359902781199,-1.0580686561047978,-0.1482375260099823,0.16812663463218158,0.6423739760764849,0.11003840462324965,1.0187176911334406,0.05717835418883377,0.6859920403426956,0.03444645088452235
default,36000,18,2.0439381393813907,0.8329553435136317,1.4133705205880438,0.15069520586040105,2.0705740422022876,-0.07299836821711736,0.24595062329342593,-0.9246684113663084,-0.7026519619979158,0.20057337729535807,0.5318290051814352,0.5368217449734036,0.9051173840128599,0.24757544629915967,0.8329553435136317,0.13105658639541723
default,36000,19,2.0244874852024686,0.27495795244633836,1.5759631677038688,0.04835454961342939,2.043661491895631,0.013061453376759236,0.4402544209194065,-1.0834331810363533,-0.9432922745627117,0.1751630333689017,1.2592398031095007,0.7480706133796513,0.9551252359847859,0.24744151360260114,0.27495795244633836,0.13147717728763586
default,36000,20,2.1106464238659157,-0.09173907040154505,1.9093733407615041,0.0657492791537142,2.0356653529863014,0.04446150738952259,0.9645594903536775,-1.193896546297113,-1.1643004646920985,0.6906286682910601,0.6406806948683149,1.0303245366265983,1.1699289898950158,0.08601233173934753,-0.09173907040154505,0.03296482678508461
default,36000,21,1.807138547501483,0.3440732036807599,1.14199054070306,0.06903037788352939,1.7627662206066712,-0.00547144165316249,0.5161078635199207,-0.919064056610199,-0.6424081132752801,0.474246850604655,0.3776847029464365,0.6089161604567358,0.8728078357182861,0.1346256474927895,0.3440732036807599,0.046858800078048324
default,36000,22,2.532520308163753,0.5283527816233262,1.8350400141880003,0.05060764471599177,2.45301323191786,0.05007582701809521,0.37936686516013113,-1.3206936329503285,-0.5677435477651458,0.5789845574773305,0.986149074319064,0.3550744102746578,1.3166944990737095,0.17368249310178685,0.5283527816233262,0.024936817703036074
default,36000,23,1.7686675145003432,-0.3237984051884606,1.9333624528599336,0.053557049667988466,1.7928590699516436,0.04952565753952465,0.8933273280878871,-1.3138540583856193,-0.9006385199516833,0.8534768045278549,0.5077503469465849,0.780439004398002,1.1725111984035368,0.11442034882745966,-0.3237984051884606,0.05473141930991102
default,36000,24,2.1853331167575796,0.4525851068799871,1.492665191596371,0.025445878926522503,2.1528525285024567,0.015379233286114236,0.7400497448240551,-1.161412824369797,-0.5632752704045665,0.5721218854933359,0.37799744983385963,0.5390591225359935,0.9592526128926774,0.057982264731444744,0.4525851068799871,0.026308558571767324
default,36000,25,2.143704509058762,0.18538078882586673,1.820616385167861,0.0700235998099305,2.2708979206599644,0.014458222459020509,0.5230118608233947,-0.9201796431215765,-0.8452494047465259,0.5058991597838486,0.5739817915159061,0.7750905338406813,0.9075490611677932,0.20409196919364048,0.18538078882586673,0.08123852160857231
default,36000,26,1.9414858282324703,-0.3545335532610032,2.1831243492757815,0.0754024594895798,1.8870647265984375,-0.011856610349301633,0.6552074067626035,-1.4545887184556787,-0.8551660083430841,0.7272755346724642,0.944215235179219,0.5365657788039259,1.3371100591517981,0.12384995505258639,-0.3545335532610032,0.04473976438790017
default,36000,27,2.091054075756049,0.9238152352988096,1.0317979753845439,0.06993938941415972,2.062879984639864,-0.004191951296300789,-0.09773759702250434,-0.8646231686503252,-5.551115123125783e-17,5.551115123125783e-17,0.9615879014023909,-0.1458620767003067,0.8413468812792182,0.23925101969140888,0.9238152352988096,0.039133754331443754
default,36000,28,1.5493596417907336,-0.6558668241499632,2.0429064761792803,0.08475019954394081,1.6094335951878584,-0.058203240390513944,0.9029019726485309,-1.1636435784978199,-1.2223716029185097,0.8078887704651702,0.42189259655553,1.0076077408592163,0.7623767865929687,0.2267756881600813,-0.6558668241499632,0.09124213955472205
default,36000,29,1.716540610875243,-0.448394006167508,2.2677516532239705,0.06999136767145292,1.786708467571799,-0.06473602913730303,0.6302133369429552,-1.3283017878916483,-0.7899185496339887,0.7838997757344355,0.3878931356057881,0.6886476023730168,1.2329247184446712,0.21308038833514242,-0.448394006167508,0.11601010116496066
default,36000,30,1.9334499395013314,-0.5247129827783896,2.296778665335208,0.04861647101669775,1.987589552539685,-0.0225814071040239,0.916748483350019,-1.3821525485310082,-0.9669995947225956,0.936989024559103,0.5442143623570926,0.7627136643799814,1.239934413031225,0.23638087039127642,-0.5247129827783896,0.04587664043187062
default,42000,1,1.747144790537789,0.5735948902628203,1.253761664624589,0.07885430569341179,1.8181887862937454,-0.0045546838645006416,0.26628235251915755,-0.7721372769140746,-0.9550956279188785,0.27041148923432656,0.7370235581183967,0.956370546229603,0.33004592505796204,0.10619279505314472,0.5735948902628203,0.05202460203357316
default,42000,2,1.7253837538345507,0.19555874779090066,1.4699334292078863,0.04686069418722649,1.706028192594954,-0.016235398257143707,0.5452116406872796,-1.0550060326227766,-0.5274436196726786,0.5066620798217722,0.7024738741881656,0.3573803151910475,1.0224926395602072,0.1595061166566496,0.19555874779090066,0.047347444512785095
default,42000,3,3.30879664002268,1.983142718594837,1.2309899486145868,0.06031057791146055,3.307922851022826,0.0008737889998535753,-0.4026397009907625,-1.2234154655195906,0.0,0.0,1.8279037248866412,-0.3194295838031612,1.2190725802545503,0.3300371658252297,1.983142718594837,0.05788988092835945
default,42000,4,1.9444728344139466,-0.32676561864979536,2.372003466042928,0.035564238638152,1.9326249930106125,0.01779953950437374,0.8288793798730223,-1.1851128480292539,-1.0582572440363316,1.0567784245563936,0.45469565583601235,0.7783935152367752,1.1776986623979924,0.18302917942505625,-0.32676561864979536,0.09516292158257128
default,42000,5,2.1513960467862834,0.20203294849273346,1.7093486331705785,0.08519381534155845,2.1235233597241434,0.012707807671908489,0.6494059307011166,-1.2986687142912285,-0.5836236494838872,0.5348714319277563,0.890207038684255,0.5303628581324056,1.232181718641577,0.13534445694161834,0.20203294849273346,0.044178721316533075
default,42000,6,1.9425158764139647,-0.36887400951814264,2.3135229113840037,0.07732873612159963,2.013189182002538,-0.08868089933467171,0.5408900736562076,-1.4626127485214626,-0.8103208957971468,0.7959581146912821,1.0562904219040714,0.45247755675890367,1.3899766018217456,0.377092668453031,-0.36887400951814264,0.0784301610824284
default,42000,7,1.8034147771695532,0.8252110015485902,0.9004835538440528,0.04546437120551344,1.7646605572356466,0.003252298919469654,-0.03558209987544059,-0.6745800481918391,0.0,1.1102230246251565e-16,0.640340309764791,-0.15141168695164287,0.6638387227234098,0.3250226685347876,0.8252110015485902,0.03272367918191217
default,42000,8,1.7955937193386171,0.14600762101683906,1.5613638544712396,0.053612204508164896,1.8423737459831089,0.0033460008915218165,0.25422174648695917,-1.4006096751134445,-0.31080178900955935,0.32439514186518026,1.0874306437356664,0.12812938765771464,1.3813959721415117,0.13939711726538773,0.14600762101683906,0.04376803851508855
default,42000,9,2.893361445006126,0.7199639692051738,2.099522754583494,0.1074483019680526,2.8588495880894307,0.021076618090703825,-0.1906724100974717,-1.815077294418526,-0.2838481988504532,0.28652111414298553,2.193627626220281,-0.17969891134909233,1.804376102630835,0.5315715149344706,0.7199639692051738,0.016009797529162706
default,42000,10,2.132302639775591,0.20480024041577116,1.7786995577299605,0.040076588603368046,2.0756387729995636,0.017816337878976407,0.6153251639701072,-0.8032595895760399,-1.1395503388513453,0.637489050082946,0.6513365272052343,1.0826638594503355,0.7513600276890906,0.1456406052004391,0.20480024041577116,0.05738501063397913
default,42000,11,2.364392547449817,0.05969286765370563,2.113017513044069,0.04262696707442459,2.3715722468408496,0.007648448255021756,0.7558935335057984,-1.232981776834642,-0.9881423210581887,0.8317196931031214,0.6042151849981845,0.748867203875865,1.1967622156708528,0.18911752261303927,0.05969286765370563,0.06281745531941843
default,42000,12,1.9539080977965297,-0.7383307443791887,2.429059932598757,0.0676105644837145,1.9523912434107853,-0.04360244026623117,0.9973070421031078,-1.14546450685533,-1.6476394198624151,1.36819202437494,0.7419727666227103,1.3381785473840835,1.1327717746048511,0.10415417222508905,-0.7383307443791887,0.027804126840495713
default,42000,13,1.9525793684206003,-0.9756557710158167,2.9399358053259954,0.06989395496881357,2.0604306974088242,-0.06383477207815846,1.1009591247898207,-1.4736211340641483,-1.5586872937100873,1.5217236670782204,0.5324509908840782,1.349054495499689,1.4227622966995845,0.28143761951653723,-0.9756557710158167,0.04428730583882301
default,42000,14,2.1298452910535075,-0.26650404502089287,2.22412389379949,0.06804987070665247,2.096166510746884,0.025170475290205108,0.8993702814506472,-1.3564733011728027,-1.1162258531388494,1.0416278637350636,0.33360545107295125,0.9883239474597633,1.2331610554290389,0.15760743248645748,-0.26650404502089287,0.041176804490413256
default,42000,15,1.5933326965388253,-0.1861491033731082,1.7747312853265136,0.0739177984357341,1.617893770305792,-0.00850496084259933,0.7024154246777572,-1.021901673649365,-0.8444112692999375,0.7698460788693751,0.29980314775709344,0.6732540617970274,0.981691936699701,0.10650770110670443,-0.1861491033731082,0.044957289734416095
default,42000,16,1.9741517335594507,-0.22606198000727407,1.8410834872486386,0.05450669189011592,1.9458954242572943,0.022536632200252815,0.9205457044792144,-1.4180084153109442,-1.0357667322932815,0.5341881806425132,0.8501408316609045,0.9792201103619469,1.1122833108402816,0.0749845055078383,-0.22606198000727407,0.01291799841564012
default,42000,17,1.7923632217436838,0.4271748053157385,1.4761129424178612,0.050861190117692856,1.7802677966111082,-0.002984630713354086,0.3941826208139989,-1.0176103410665918,-0.7795148432204307,0.33315067983934266,0.35207091246091937,0.7814586662291119,0.7961828738431947,0.14062432719444473,0.4271748053157385,0.08039771884839444
default,42000,18,1.7864696680597052,-0.07141063087294208,1.7314186885411118,0.07427916391454215,1.8009872031943723,-0.008722566057326686,0.7258157291692361,-1.2369100396888266,-0.6782001665241143,0.6703796454332245,0.562803921243186,0.6471762499320862,1.1212508944154462,0.1524080200295166,-0.07141063087294208,0.06652278755664845
default,42000,19,1.9778863588747386,-0.10432444405242536,1.967627014704358,0.046100051821992505,1.898963738417438,0.029961265435179185,0.9874545468248898,-1.402571490206535,-0.8017200445450294,0.7811689466466999,0.45349147824167524,0.7677823490131316,1.2792343104350388,0.10372790067157056,-0.10432444405242536,0.10724149209445961
default,42000,20,1.9833531402709346,-0.1808766048521897,2.2054706620662854,0.0905237150782644,2.0772034791938427,-0.02982218197738662,0.9321162186727806,-1.364080709543524,-1.2062796192550111,0.892533584185193,0.6696976855341665,1.0918611778496499,1.2817415722725118,0.10542000273993901,-0.1808766048521897,0.0571413971801223
default,42000,21,1.8899448566095711,-0.15153295882935902,1.8830373580060535,0.07501773224085573,1.886186245257154,0.02820447810058646,0.8754089676455008,-1.376282929783759,-0.7091010317950841,0.7003366484702328,0.674532192431255,0.6718395609316784,1.257566765473232,0.11514309407778134,-0.15153295882935902,0.02215993629947588
default,42000,22,2.2145279607586845,-0.6523573276577341,2.5468065090059713,0.06657687619276398,2.2034576429523627,0.01276436964854366,1.0397398322125455,-1.5441710566929179,-1.0128946485895243,1.0031317679351217,1.1088594991100966,0.862357809642144,1.4478698716232286,0.10632463712807338,-0.6523573276577341,0.017598764924655914
default,42000,23,1.9823222773312414,-0.16350502507141917,1.994038274301138,0.040606451627356765,2.0307379389657587,0.037920244721362684,0.8612634163015065,-1.3067042156632802,-1.16016242944968,0.9091313186467573,0.7144073083890564,0.9964750341191773,1.130206720124787,0.0474124600319491,-0.16350502507141917,0.05630122994871706
default,42000,24,1.9222892855231946,0.08371225161443796,1.9231120874918928,0.12262779201900875,2.027372163882261,-0.06485937376680484,0.23885648409743077,-1.7036739039198343,-0.11149870722992272,0.11199007587729959,1.4503288111276298,0.03262071161493785,1.518968770073052,0.30732817442576654,0.08371225161443796,0.06761088724411171
default,42000,25,1.9207672922312553,-0.3962726054317387,2.356027480406781,0.08970501219427596,2.1796690423604623,-0.08457494240872687,0.8014635635443408,-1.3979681676124223,-1.2719997864102783,1.106527252491202,0.6313023636458955,0.8566215407899905,1.2797756915649328,0.24180040928948787,-0.3962726054317387,0.06355721926543961
default,42000,26,1.723707943408146,-0.8916883847777455,2.5410211012870505,0.07063194177457754,1.7765341171510975,-0.05860361511133261,1.1597270890518292,-1.4012510152078936,-1.3006648125790035,1.0708162259301375,0.44318679520837023,1.0863200073965888,1.2290289334083577,0.17251670236456423,-0.8916883847777455,0.03520783933408639
default,42000,27,1.874865688410074,0.7123664102481932,1.047369774209356,0.09641647288781952,1.8642589379719139,-0.022649372217481423,0.0055509791066746805,-0.8339101213659688,-0.2354241030932615,0.08902853175620379,0.7603584067358081,-5.551115123125783e-17,0.768382887947856,0.1309639317558089,0.7123664102481932,0.12456655113590118
default,42000,28,1.6717400734952295,-0.12322382134551702,1.584496740905688,0.07467396596779641,1.609120532740838,-0.012088412718202157,0.5945625912979806,-0.6404245669097774,-1.1805071483503529,0.47233341364951775,0.5615017955067682,1.058703667221637,0.5094092081348992,0.19172696285281532,-0.12322382134551702,0.0395281569031915
default,42000,29,1.5133698752595048,-0.6792646863197811,2.2442813124678933,0.04416385226292019,1.5868313132134146,0.008434378008003174,0.9810546692614984,-1.1708120665668367,-1.211288263761165,1.1006310050902073,0.34937548506412774,1.0118658200351165,1.0414750736928426,0.17474260102246897,-0.6792646863197811,0.022715237031685213
default,42000,30,1.9595711178500008,-0.5062805897987479,2.365178697461094,0.04882471596490551,1.9891441334177689,-0.025157267183111953,0.7925944939176324,-1.3647460910004128,-0.933479461896825,0.9243989596737802,0.7494275943797988,0.771260603763336,1.3244396010132586,0.35645480170503197,-0.5062805897987479,0.04644064150314642
default,48000,1,2.2243707188570854,0.7218041861475739,1.2871286669313826,0.0752816715209188,2.269906664659924,0.009079344726568905,0.17473445364236706,-1.1732364133458122,-0.07365961431082707,0.10140645368671763,0.9557244750820393,0.08917336943453302,1.0873276953155266,0.08637115450082977,0.7218041861475739,0.05560523148833289
default,48000,2,1.7207093416130221,0.8405768804945319,1.0409725306520081,0.043728109871258636,1.7297553925797575,0.013322636129997623,0.10719737338450375,-1.0309328188963245,-0.0826386742640488,0.08841226673820535,0.5182075630055534,0.05692400412421106,0.8167232194460181,0.05827986462374468,0.8405768804945319,0.0577388825499175
default,48000,3,1.6510810730497734,-0.1585150498810617,1.7854020505382047,0.059605336194164305,1.6576409090020006,0.012874714982884505,0.6866244895658083,-1.5150870449385283,-0.5290712733218105,0.30116418628741315,0.9044151420496715,0.5118219848269059,1.38083449865861,0.04673014671371678,-0.1585150498810617,0.04582307023362399
default,48000,4,1.9577546448671301,-0.5363882156608633,2.3018184494543057,0.07276700214401455,1.910596578405622,0.012830523399871785,0.8697560211910383,-1.3300134114148532,-0.9345496051038291,0.9458588419794929,0.5294083836016096,0.655912397105415,1.2696532075772888,0.13561069098650613,-0.5363882156608633,0.05235864089608505
default,48000,5,2.2714877910710967,0.3637457797248178,1.8001111259733924,0.06347675132904063,2.251810941765921,0.01063182369279947,0.5307648661220449,-1.0169322651757295,-1.0050366171330352,0.030745536518297034,1.0051165206352866,0.993293015800656,0.9488973925390689,0.17629322026450012,0.3637457797248178,0.016727268707737858
default,48000,6,1.7659483432756868,-1.0888624562087306,2.901975837443934,0.07708478855608336,1.8632338774098127,-0.0516452777362818,1.4516508473583078,-1.7136884455791757,-1.284410947004789,1.2330115788540335,0.3298672619922335,1.2326381313001933,1.4291633459638853,0.230403190124981,-1.0888624562087306,0.059894477489001785
default,48000,7,1.8511468495344507,0.3071699667704586,1.4621969831661472,0.08946891378009869,1.861965337346609,-0.02104005275748111,0.7141045181904343,-1.2405054181211663,-0.3255101752225429,0.3266569416775128,1.0243746157755171,0.32420872101568177,1.1619640527464234,0.09988256343645197,0.3071699667704586,0.0595282322059017
default,48000,8,2.158670081516901,0.4016887962837621,1.8560488128174168,0.038478331839153945,2.115428024127291,0.02556539288754256,0.6230020899830829,-1.3129378666483995,-0.7501933726384189,0.7526634265811641,0.5978288231404301,0.6035122163944597,1.225079194327562,0.09273439031277109,0.4016887962837621,0.03316575881369056
default,48000,9,3.3374410699955894,0.997268860056765,2.283406218679585,0.04826998003483732,3.260287267970841,0.03914572001966188,-0.2123610578918228,-1.6656003020585628,-0.43158544482888694,0.4376398037849505,2.1041612236813654,-0.15502792919362007,1.6713072536079725,0.9974339854541474,0.997268860056765,0.02354787516583684
default,48000,10,2.062123486090578,-0.3666889768758663,2.040642040888329,0.05539745491932324,2.102011776793405,-0.021498625796083415,0.8605365445566041,-1.0551443256279596,-1.128118500234799,0.8934865628077293,0.6188187539060832,1.0308254881469707,0.9834007410343875,0.29673027499562943,-0.3666889768758663,0.04919403481771123
default,48000,11,2.0740153136863846,-0.02619017296226711,1.861919477476111,0.10659329997279654,2.1091045097293333,-0.021126330185771036,0.5418511657077145,-1.3789793259845635,-1.1150637089282798,0.4320120457283064,0.7073794900453954,0.9143946010386563,1.301167457599092,0.30498535203753074,-0.02619017296226711,0.10621467480369373
default,48000,12,1.710629062053592,-0.6600503254139418,2.289837540365161,0.08720026704789308,1.6848599685161885,-0.039943530926195625,0.9744032595344982,-1.3774042788883865,-1.4246269985282347,1.041377302869495,0.45118360219111175,1.0724642909434643,1.1086770907159265,0.19060309338644688,-0.6600503254139418,0.03955077394849053
default,48000,13,2.1004573948627008,0.24608483394894543,1.6208921447083746,0.07114316537760218,2.082468552718791,-0.020417843323742302,0.14909696053906107,-1.080670443938248,-0.6446919432689695,0.2578899578147481,1.1055370905632056,0.30638837112498807,1.068045115214918,0.2903057253173238,0.24608483394894543,0.055919818648206124
default,48000,14,2.079400860165612,0.3351568477157081,1.6666819212037343,0.06407345631859951,2.026331817099943,-0.0038546149214624403,0.596429629435351,-1.1931654440799229,-0.9221065927184524,0.44633786352602367,0.857088151633734,0.8671303246336144,0.8653281375475248,0.25617691063850945,0.3351568477157081,0.12611719931554324
default,48000,15,1.8727136228088015,-0.04180760033406372,1.8406061124741266,0.06899873991145933,1.8456101494211548,0.03206409648304309,0.7204894643877171,-1.3604278779209342,-0.8456410964769636,0.8429331640741371,0.46280116548921935,0.6501245224072011,1.1932386125833645,0.16388027931736482,-0.04180760033406372,0.05900372234536129
default,48000,16,1.9728200445382678,0.05160600226517942,1.5049991273485104,0.06164647255477873,1.9304124324584508,0.04074141943254994,0.569275047910287,-0.8942702953703396,-1.1595747589267593,0.5096399462848595,0.8405494874083195,0.9327058512992058,0.7487023407563641,0.1403230639221864,0.05160600226517942,0.02978015853323912
default,48000,17,1.8030387376993113,0.6053400045746471,1.0868361006616034,0.058756260056780196,1.7778160397200187,0.03816903313357678,0.2334152842292927,-0.9668300470226949,-0.17040757171193166,0.1931338039541463,0.8279948981935185,0.1711853394457331,0.8847820483086504,0.052116348043758975,0.6053400045746471,0.06050425569360823
default,48000,18,1.8592378400783256,-0.36638493498535696,2.1130522798254394,0.0459713733089947,1.875886622764594,-0.007672770632484172,0.7648857574789927,-1.3886039784274748,-0.9201142951992002,0.7969492649972537,0.3783263309588164,0.7985750062034501,1.1877107723291256,0.17240570767729102,-0.36638493498535696,0.07025028049895965
default,48000,19,1.914450246718702,-0.4741157425345284,2.1452253141720496,0.0983267330567873,1.9319080923767982,-0.033521202726908284,0.8898249678076593,-1.4095972620108157,-1.0230597323237327,1.0133955748338048,0.7863899038862573,0.9048825206419823,1.3203773408809663,0.2490644008980567,-0.4741157425345284,0.14116758160428933
default,48000,20,1.9401759590422194,-0.4737134361597657,2.1495599938594143,0.0583605905460145,1.9408771479580147,-0.013351886560466264,0.9988802220479456,-1.697931133225162,-1.0487865888037704,0.721778972739344,0.8048196633771778,0.8845225843234953,1.4148181653786278,0.06549737723888471,-0.4737134361597657,0.06228737536285836
default,48000,21,1.702112091776916,0.1632434623576695,1.1831221222757344,0.04064216313939811,1.6862608097153111,-0.004780298526902982,0.2715522647294133,-1.4102880592664095,-0.0036948686106399453,0.006306373206413807,1.1537608374401722,0.002975294970608555,1.1230770126497882,0.059951325050062954,0.1632434623576695,0.029498305517492995
default,48000,22,2.4082512378976184,0.777005081523754,1.5746844516902023,0.10816816353247294,2.4713407781949064,-0.024444404871303282,-0.023722802691698908,-1.3502120834735183,-0.21278312385094478,0.21944253603720099,1.2710556891347105,-2.220446049250313e-16,1.265597722378645,0.14793086456930915,0.777005081523754,0.11231832611251796
default,48000,23,2.127492606139233,-0.43398999593802223,2.362325126981427,0.10880212044360932,2.1398877002753607,-0.013165056511134976,0.9359174823381615,-1.1624958941670913,-1.2993674802673023,0.9282612528258899,0.6754714752169648,1.030072331982304,1.0233091858851027,0.21641764168681388,-0.43398999593802223,0.01881483738594509
default,48000,24,1.8172819887948228,-0.15178878551370367,1.8608231518876437,0.09009665091587737,1.908503582635832,-0.03352770735066157,0.47944414247830724,-1.3367901347310378,-1.0154635433848411,0.5849132915595278,0.8520209792452381,0.9644892708727133,1.2635024689885452,0.18450782670315002,-0.15178878551370367,0.0686008089428845
default,48000,25,1.9995454663592387,-0.4437980277558562,2.266770790224662,0.10942950061270096,1.9908096125793922,-0.046474453575301,0.7378812569835891,-1.4275550374735038,-0.9687963737472202,0.8719196610132529,0.7822022226674754,0.6860834593905818,1.3003364097540615,0.24520229116250047,-0.4437980277558562,0.08572656728838016
default,48000,26,1.9846755409289265,-0.6939589160479689,2.6091415100297124,0.08883500972130265,1.9782332209398508,-0.011339824318762348,0.9761867918288305,-1.5607274110220062,-1.1754653558701953,1.170067997575732,0.4825203456764189,0.9003798911089507,1.4785758816418921,0.2136967612400098,-0.6939589160479689,0.04623168515005999
default,48000,27,1.6745056727359697,0.8628754217721033,0.8424301642599924,0.06553919708656958,1.7058547501908894,-0.02211005366626817,0.12580930106281463,-0.6782938842210289,0.0,0.0,0.8786405055363684,0.0,0.6345204285920164,0.07098866979671958,0.8628754217721033,0.10226903352108913
default,48000,28,1.6994492439369453,0.3352767609239944,1.3082739181524805,0.10834268899164146,1.7466882264026538,-0.047049189229722344,0.13480072540575683,-0.4729360651191662,-1.0395583688627381,0.11988694838473202,0.9397844048259474,0.8429662742420191,0.42223020320674953,0.08203289635894495,0.3352767609239944,0.04542125878574704
default,48000,29,1.7033193286024257,0.060566212135655384,1.4914175590092908,0.0906900622689758,1.7211497806475906,0.004906586089411413,0.40186427074616804,-1.1635361850320736,-0.5983155423722797,0.37956854581905464,1.1019372073899674,0.5730837758780829,1.1114852646219389,0.05649369250609626,0.060566212135655384,0.08020660965943122
default,48000,30,1.8604732119596263,-0.2098967853201419,2.1400574322134833,0.08323863923471092,1.9031457927953253,0.027716592495280135,0.5786095299763448,-1.5972125608929635,-0.6373372104676034,0.6364153028904965,1.1103304711565274,0.4012000301440505,1.3919292236773542,0.11632161866236257,-0.2098967853201419,0.02215774324592297
