checkpoint,seed,metric,default,coupled,raw_diff_coupled_minus_default,delta_default_from_12k,delta_coupled_from_12k,delta_delta
12000,1,phi_r_g,2.100615629320225,2.100615629320225,0.0,0.0,0.0,0.0
12000,2,phi_r_g,2.4840265125817886,2.4840265125817886,0.0,0.0,0.0,0.0
12000,3,phi_r_g,1.7855092832806958,1.7855092832806958,0.0,0.0,0.0,0.0
12000,4,phi_r_g,1.5403395818888128,1.5403395818888128,0.0,0.0,0.0,0.0
12000,5,phi_r_g,3.033334194963617,3.033334194963617,0.0,0.0,0.0,0.0
12000,6,phi_r_g,1.8708397152927383,1.8708397152927383,0.0,0.0,0.0,0.0
12000,7,phi_r_g,2.1884671293967544,2.1884671293967544,0.0,0.0,0.0,0.0
12000,8,phi_r_g,3.9503552752274995,3.9503552752274995,0.0,0.0,0.0,0.0
12000,9,phi_r_g,3.9114846692244543,3.9114846692244543,0.0,0.0,0.0,0.0
12000,10,phi_r_g,2.3591838498347397,2.3591838498347397,0.0,0.0,0.0,0.0
12000,11,phi_r_g,2.6749632006811046,2.6749632006811046,0.0,0.0,0.0,0.0
12000,12,phi_r_g,2.0285485444603175,2.0285485444603175,0.0,0.0,0.0,0.0
12000,13,phi_r_g,2.535175101968556,2.535175101968556,0.0,0.0,0.0,0.0
12000,14,phi_r_g,2.667829687374121,2.667829687374121,0.0,0.0,0.0,0.0
12000,15,phi_r_g,2.3668441228000754,2.3668441228000754,0.0,0.0,0.0,0.0
12000,16,phi_r_g,1.4683785542897354,1.4683785542897354,0.0,0.0,0.0,0.0
12000,17,phi_r_g,2.5378983242620166,2.5378983242620166,0.0,0.0,0.0,0.0
12000,18,phi_r_g,2.1251054786732624,2.1251054786732624,0.0,0.0,0.0,0.0
12000,19,phi_r_g,1.9902157007699683,1.9902157007699683,0.0,0.0,0.0,0.0
12000,20,phi_r_g,2.1159159768168463,2.1159159768168463,0.0,0.0,0.0,0.0
12000,21,phi_r_g,2.293193822765896,2.293193822765896,0.0,0.0,0.0,0.0
12000,22,phi_r_g,4.090027606404282,4.090027606404282,0.0,0.0,0.0,0.0
12000,23,phi_r_g,2.2195400923279625,2.2195400923279625,0.0,0.0,0.0,0.0
12000,24,phi_r_g,2.126731959501078,2.126731959501078,0.0,0.0,0.0,0.0
12000,25,phi_r_g,1.8104856998570833,1.8104856998570833,0.0,0.0,0.0,0.0
12000,26,phi_r_g,2.2000729525044402,2.2000729525044402,0.0,0.0,0.0,0.0
12000,27,phi_r_g,2.69027280300516,2.69027280300516,0.0,0.0,0.0,0.0
12000,28,phi_r_g,1.894709671646897,1.894709671646897,0.0,0.0,0.0,0.0
12000,29,phi_r_g,1.886152422214006,1.886152422214006,0.0,0.0,0.0,0.0
12000,30,phi_r_g,2.2922677644527956,2.2922677644527956,0.0,0.0,0.0,0.0
18000,1,phi_r_g,1.6749871599993962,2.225275145154619,0.5502879851552227,-0.425628469320829,0.12465951583439372,0.5502879851552227
18000,2,phi_r_g,2.2967737081643618,1.932845746806324,-0.36392796135803773,-0.18725280441742687,-0.5511807657754646,-0.36392796135803773
18000,3,phi_r_g,2.6361371382791354,1.7864480516013632,-0.8496890866777722,0.8506278549984396,0.0009387683206674158,-0.8496890866777722
18000,4,phi_r_g,1.6617043729653451,1.7871424107139815,0.12543803774863638,0.12136479107653231,0.24680282882516869,0.12543803774863638
18000,5,phi_r_g,2.242428940826464,2.38937847253543,0.14694953170896596,-0.7909052541371526,-0.6439557224281867,0.14694953170896596
18000,6,phi_r_g,2.186432382740291,2.416093577007187,0.22966119426689602,0.31559266744755265,0.5452538617144487,0.22966119426689602
18000,7,phi_r_g,2.1567250883760547,2.617336952323899,0.4606118639478445,-0.03174204102069966,0.4288698229271448,0.4606118639478445
18000,8,phi_r_g,2.129830030829282,2.6923247840841116,0.5624947532548297,-1.8205252443982176,-1.258030491143388,0.5624947532548297
18000,9,phi_r_g,3.4138758597499326,2.6599372503821845,-0.753938609367748,-0.4976088094745217,-1.2515474188422697,-0.753938609367748
18000,10,phi_r_g,2.2101362442859953,2.7702313342792766,0.5600950899932813,-0.1490476055487444,0.41104748444453687,0.5600950899932813
18000,11,phi_r_g,2.1056852812536597,1.9437526917820045,-0.16193258947165523,-0.5692779194274449,-0.7312105088991001,-0.16193258947165523
18000,12,phi_r_g,1.8673529254078982,1.6308412754133252,-0.23651164999457297,-0.1611956190524193,-0.3977072690469923,-0.23651164999457297
18000,13,phi_r_g,1.811174273816031,2.068085641087098,0.256911367271067,-0.724000828152525,-0.467089460881458,0.256911367271067
18000,14,phi_r_g,2.2674174091449606,2.2741985286811284,0.006781119536167779,-0.40041227822916037,-0.3936311586929926,0.006781119536167779
18000,15,phi_r_g,1.8819753866830302,1.8004413265125292,-0.08153406017050102,-0.4848687361170452,-0.5664027962875462,-0.08153406017050102
18000,16,phi_r_g,1.7164205873082772,2.0058696419717936,0.28944905466351645,0.24804203301854177,0.5374910876820582,0.28944905466351645
18000,17,phi_r_g,2.1314112074343683,2.1582546941569647,0.0268434867225964,-0.40648711682764826,-0.37964363010505187,0.0268434867225964
18000,18,phi_r_g,1.8917247735527556,1.9666035871434788,0.07487881359072324,-0.2333807051205068,-0.15850189152978356,0.07487881359072324
18000,19,phi_r_g,2.163957059012782,1.9298449754195235,-0.23411208359325864,0.17374135824281378,-0.060370725350444854,-0.23411208359325864
18000,20,phi_r_g,2.5734268941311536,2.358122572559532,-0.2153043215716215,0.45751091731430726,0.24220659574268577,-0.2153043215716215
18000,21,phi_r_g,1.7446929781342546,2.052379809904555,0.30768683177030054,-0.5485008446316413,-0.24081401286134074,0.30768683177030054
18000,22,phi_r_g,2.448125026571854,2.43798593503968,-0.01013909153217396,-1.6419025798324283,-1.6520416713646022,-0.01013909153217396
18000,23,phi_r_g,1.485067664953386,1.7804250184697683,0.29535735351638226,-0.7344724273745764,-0.43911507385819415,0.29535735351638226
18000,24,phi_r_g,1.897969417700214,2.1440546108689293,0.24608519316871535,-0.22876254180086408,0.01732265136785127,0.24608519316871535
18000,25,phi_r_g,1.934565881797491,2.900423414813667,0.965857533016176,0.1240801819404076,1.0899377149565836,0.965857533016176
18000,26,phi_r_g,2.04815535914686,1.8234505083096626,-0.2247048508371976,-0.15191759335758004,-0.37662244419477764,-0.2247048508371976
18000,27,phi_r_g,2.6497885562147703,2.1054810174676497,-0.5443075387471206,-0.040484246790389644,-0.5847917855375102,-0.5443075387471206
18000,28,phi_r_g,1.9689384702996557,2.1333257477653187,0.16438727746566295,0.07422879865275878,0.23861607611842173,0.16438727746566295
18000,29,phi_r_g,1.6939323409377884,2.058477445094953,0.36454510415716435,-0.1922200812762176,0.17232502288094675,0.36454510415716435
18000,30,phi_r_g,2.461020255783424,2.385195654258996,-0.07582460152442838,0.16875249133062864,0.09292788980620026,-0.07582460152442838
24000,1,phi_r_g,2.0089096719117316,2.159110991192607,0.15020131928087554,-0.09170595740849352,0.05849536187238202,0.15020131928087554
24000,2,phi_r_g,1.940928706399443,1.9022645615666693,-0.038664144832773584,-0.5430978061823457,-0.5817619510151193,-0.038664144832773584
24000,3,phi_r_g,2.26302725773012,1.955638028101345,-0.307389229628775,0.47751797444942423,0.1701287448206492,-0.307389229628775
24000,4,phi_r_g,1.6678889908283003,1.9884637278535422,0.32057473702524186,0.12754940893948752,0.4481241459647294,0.32057473702524186
24000,5,phi_r_g,1.9198641146463093,1.9148227872342523,-0.005041327412057095,-1.1134700803173074,-1.1185114077293645,-0.005041327412057095
24000,6,phi_r_g,2.017848124132109,2.0557017948733733,0.037853670741264445,0.1470084088393706,0.18486207958063505,0.037853670741264445
24000,7,phi_r_g,2.7367607133442347,2.112094512480823,-0.6246662008634116,0.5482935839474803,-0.07637261691593134,-0.6246662008634116
24000,8,phi_r_g,1.9709843972336918,2.4976006815479517,0.5266162843142599,-1.9793708779938077,-1.4527545936795478,0.5266162843142599
24000,9,phi_r_g,3.9248340661053644,2.432123968877953,-1.4927100972274117,0.013349396880910191,-1.4793607003465015,-1.4927100972274117
24000,10,phi_r_g,2.2912093879848694,2.391748161968777,0.10053877398390743,-0.06797446184987033,0.0325643121340371,0.10053877398390743
24000,11,phi_r_g,2.460581298783411,1.6291844727339013,-0.8313968260495095,-0.2143819018976938,-1.0457787279472033,-0.8313968260495095
24000,12,phi_r_g,1.9688899840731295,1.7723321774397258,-0.19655780663340372,-0.059658560387187975,-0.2562163670205917,-0.19655780663340372
24000,13,phi_r_g,2.1874679467688094,2.083114074171083,-0.10435387259772622,-0.3477071551997466,-0.4520610277974728,-0.10435387259772622
24000,14,phi_r_g,2.2124825671563526,2.568235630311589,0.3557530631552366,-0.45534712021776835,-0.09959405706253177,0.3557530631552366
24000,15,phi_r_g,1.8078688617263743,1.7565400596905683,-0.05132880203580603,-0.5589752610737011,-0.6103040631095071,-0.05132880203580603
24000,16,phi_r_g,1.6248094169170244,2.089137543832566,0.4643281269155417,0.156430862627289,0.6207589895428307,0.4643281269155417
24000,17,phi_r_g,2.952051760538093,2.980205694657693,0.028153934119599988,0.41415343627607637,0.44230737039567636,0.028153934119599988
24000,18,phi_r_g,1.7958817138753553,1.8511312126581994,0.05524949878284402,-0.32922376479790705,-0.27397426601506303,0.05524949878284402
24000,19,phi_r_g,2.4042425570115924,2.001375228595759,-0.4028673284158333,0.41402685624162405,0.011159527825790772,-0.4028673284158333
24000,20,phi_r_g,2.0183339476399045,2.3466780076796643,0.3283440600397598,-0.09758202917694181,0.230762030862818,0.3283440600397598
24000,21,phi_r_g,1.789547563818925,1.6906992879231701,-0.09884827589575496,-0.5036462589469708,-0.6024945348427257,-0.09884827589575496
24000,22,phi_r_g,2.3467937173002342,3.1377661653043694,0.7909724480041351,-1.7432338891040482,-0.9522614410999131,0.7909724480041351
24000,23,phi_r_g,1.7755023661567493,1.8171471454930883,0.04164477933633903,-0.4440377261712132,-0.40239294683487414,0.04164477933633903
24000,24,phi_r_g,1.962770836478019,2.089891604605198,0.1271207681271791,-0.1639611230230591,-0.03684035489588,0.1271207681271791
24000,25,phi_r_g,2.107629603645087,2.5284937372169964,0.42086413357190944,0.2971439037880037,0.7180080373599131,0.42086413357190944
24000,26,phi_r_g,2.0214011946007346,2.2251518755681214,0.2037506809673868,-0.1786717579037056,0.025078923063681202,0.2037506809673868
24000,27,phi_r_g,2.694495027371807,2.063160821299694,-0.631334206072113,0.004222224366646987,-0.627111981705466,-0.631334206072113
24000,28,phi_r_g,2.0612808843485873,2.396683355496876,0.3354024711482886,0.16657121270169029,0.5019736838499789,0.3354024711482886
24000,29,phi_r_g,1.9075287860620411,2.0801514675325117,0.17262268147047055,0.021376363848035096,0.19399904531850565,0.17262268147047055
24000,30,phi_r_g,2.304038415849246,2.5520636020776912,0.24802518622844527,0.011770651396450393,0.25979583762489566,0.24802518622844527
30000,1,phi_r_g,1.965643647182092,1.8648361258539676,-0.10080752132812432,-0.13497198213813322,-0.23577950346625753,-0.10080752132812432
30000,2,phi_r_g,1.8599077264620094,1.884097659702097,0.02418993324008767,-0.6241187861197792,-0.5999288528796916,0.02418993324008767
30000,3,phi_r_g,2.575640081159965,2.4386067068166533,-0.13703337434331164,0.7901307978792691,0.6530974235359575,-0.13703337434331164
30000,4,phi_r_g,1.9080262405663937,2.070915876628013,0.16288963606161944,0.3676866586775809,0.5305762947392003,0.16288963606161944
30000,5,phi_r_g,1.8876163363167044,1.764143170205703,-0.12347316611100134,-1.1457178586469123,-1.2691910247579137,-0.12347316611100134
30000,6,phi_r_g,1.743020734564297,2.016396852275381,0.27337611771108383,-0.12781898072844133,0.1455571369826425,0.27337611771108383
30000,7,phi_r_g,2.077346752246336,1.8824009913971533,-0.19494576084918247,-0.11112037715041856,-0.30606613799960103,-0.19494576084918247
30000,8,phi_r_g,2.4205068306776623,3.0705124435827518,0.6500056129050895,-1.5298484445498373,-0.8798428316447477,0.6500056129050895
30000,9,phi_r_g,4.2257843199405976,2.398334530779428,-1.8274497891611694,0.3142996507161433,-1.513150138445026,-1.8274497891611694
30000,10,phi_r_g,1.978517134547997,2.1254697950638475,0.14695266051585043,-0.3806667152867427,-0.23371405477089224,0.14695266051585043
30000,11,phi_r_g,1.9716724186842445,1.7826772325917153,-0.1889951860925292,-0.7032907819968601,-0.8922859680893893,-0.1889951860925292
30000,12,phi_r_g,1.9224548459285575,1.985300493172357,0.06284564724379949,-0.10609369853175998,-0.0432480512879605,0.06284564724379949
30000,13,phi_r_g,2.0822981367079305,2.017002443695074,-0.06529569301285632,-0.4528769652606255,-0.5181726582734818,-0.06529569301285632
30000,14,phi_r_g,2.16135473123562,2.356248617164993,0.19489388592937296,-0.5064749561385011,-0.3115810702091282,0.19489388592937296
30000,15,phi_r_g,1.6598796072480804,1.9097913976691465,0.24991179042106615,-0.706964515551995,-0.45705272513092887,0.24991179042106615
30000,16,phi_r_g,1.6524154392373327,1.9931270612741376,0.34071162203680494,0.1840368849475973,0.5247485069844022,0.34071162203680494
30000,17,phi_r_g,1.918955737919596,2.057869872132096,0.13891413421249998,-0.6189425863424205,-0.4800284521299205,0.13891413421249998
30000,18,phi_r_g,1.7505035877783377,1.6057437057498527,-0.144759882028485,-0.3746018908949247,-0.5193617729234097,-0.144759882028485
30000,19,phi_r_g,2.0836157378770017,2.1292532633388337,0.045637525461831974,0.09340003710703337,0.13903756256886535,0.045637525461831974
30000,20,phi_r_g,2.2073224144076438,2.9045216435536116,0.6971992291459679,0.09140643759079747,0.7886056667367654,0.6971992291459679
30000,21,phi_r_g,1.564334860744917,2.2650419822689942,0.7007071215240772,-0.7288589620209789,-0.02815184049690167,0.7007071215240772
30000,22,phi_r_g,2.375217140105674,2.773647384332592,0.3984302442269181,-1.7148104662986086,-1.3163802220716905,0.3984302442269181
30000,23,phi_r_g,1.951912261487685,2.419480297697587,0.46756803620990217,-0.2676278308402775,0.19994020536962465,0.46756803620990217
30000,24,phi_r_g,2.0653012243594464,2.274898862709634,0.2095976383501874,-0.061430735141631665,0.14816690320855574,0.2095976383501874
30000,25,phi_r_g,2.5522572923938114,2.5841605414904945,0.03190324909668307,0.7417715925367281,0.7736748416334112,0.03190324909668307
30000,26,phi_r_g,1.9563456552203198,2.1082700839880033,0.15192442876768353,-0.24372729728412046,-0.09180286851643693,0.15192442876768353
30000,27,phi_r_g,2.0896027921860725,2.644749495149421,0.5551467029633486,-0.6006700108190874,-0.04552330785573888,0.5551467029633486
30000,28,phi_r_g,1.8302354433175845,2.3266335762290042,0.49639813291141976,-0.06447422832931249,0.4319239045821073,0.49639813291141976
30000,29,phi_r_g,1.7949242164395431,1.8710897530493429,0.07616553660979974,-0.09122820577446289,-0.015062669164663145,0.07616553660979974
30000,30,phi_r_g,2.4085390822302255,2.6451662349626304,0.23662715273240487,0.11627131777742994,0.3528984705098348,0.23662715273240487
36000,1,phi_r_g,1.9262199711327397,1.578250766690219,-0.34796920444252066,-0.17439565818748548,-0.5223648626300061,-0.34796920444252066
36000,2,phi_r_g,1.8622533188574022,1.9093655224420059,0.04711220358460366,-0.6217731937243864,-0.5746609901397828,0.04711220358460366
36000,3,phi_r_g,2.9087909282463817,1.9703985005829567,-0.938392427663425,1.123281644965686,0.18488921730226093,-0.938392427663425
36000,4,phi_r_g,1.853862148654236,2.172128446464506,0.31826629781027016,0.3135225667654231,0.6317888645756933,0.31826629781027016
36000,5,phi_r_g,2.2374715540150554,2.1812704599083186,-0.05620109410673679,-0.7958626409485614,-0.8520637350552982,-0.05620109410673679
36000,6,phi_r_g,1.913471500565101,1.9872058408781081,0.07373434031300707,0.04263178527236278,0.11636612558536985,0.07373434031300707
36000,7,phi_r_g,2.030140505464327,1.915139086290452,-0.11500141917387507,-0.15832662393242725,-0.2733280431063023,-0.11500141917387507
36000,8,phi_r_g,1.966593547101498,2.4115634103480925,0.4449698632465946,-1.9837617281260016,-1.538791864879407,0.4449698632465946
36000,9,phi_r_g,3.8950703395102995,2.771291482576635,-1.1237788569336646,-0.016414329714154796,-1.1401931866478194,-1.1237788569336646
36000,10,phi_r_g,1.5522690717743113,2.370990934288435,0.8187218625141237,-0.8069147780604284,0.011807084453695271,0.8187218625141237
36000,11,phi_r_g,2.2588838510386244,1.6717082390086189,-0.5871756120300056,-0.41607934964248017,-1.0032549616724857,-0.5871756120300056
36000,12,phi_r_g,1.8879387153894993,2.174362930066108,0.2864242146766087,-0.1406098290708182,0.14581438560579052,0.2864242146766087
36000,13,phi_r_g,2.255995198800872,1.8283047720628127,-0.42769042673805946,-0.2791799031676838,-0.7068703299057433,-0.42769042673805946
36000,14,phi_r_g,1.929368930446294,2.7989494203032854,0.8695804898569914,-0.738460756927827,0.13111973292916446,0.8695804898569914
36000,15,phi_r_g,1.8239471742162965,1.8917365896196918,0.06778941540339534,-0.5428969485837789,-0.47510753318038357,0.06778941540339534
36000,16,phi_r_g,2.033365950422489,1.9505358808637983,-0.08283006955869077,0.5649873961327536,0.48215732657406285,-0.08283006955869077
36000,17,phi_r_g,2.0804849018424543,2.457793075248519,0.3773081734060648,-0.4574134224195623,-0.08010524901349747,0.3773081734060648
36000,18,phi_r_g,2.0439381393813907,1.6883782054731937,-0.35555993390819696,-0.0811673392918717,-0.43672727320006866,-0.35555993390819696
36000,19,phi_r_g,2.0244874852024686,2.0415294391150898,0.0170419539126212,0.03427178443250023,0.05131373834512143,0.0170419539126212
36000,20,phi_r_g,2.1106464238659157,2.3813381533738056,0.2706917295078899,-0.005269552950930567,0.2654221765569593,0.2706917295078899
36000,21,phi_r_g,1.807138547501483,1.9006027427438488,0.09346419524236582,-0.48605527526441294,-0.3925910800220471,0.09346419524236582
36000,22,phi_r_g,2.532520308163753,2.0636467046701283,-0.4688736034936247,-1.5575072982405294,-2.026380901734154,-0.4688736034936247
36000,23,phi_r_g,1.7686675145003432,2.058368737336947,0.2897012228366036,-0.45087257782761925,-0.16117135499101565,0.2897012228366036
36000,24,phi_r_g,2.1853331167575796,2.1160430324991744,-0.06929008425840522,0.0586011572565015,-0.010688927001903714,-0.06929008425840522
36000,25,phi_r_g,2.143704509058762,2.3927221274352526,0.24901761837649072,0.33321880920167857,0.5822364275781693,0.24901761837649072
36000,26,phi_r_g,1.9414858282324703,2.0892855284869616,0.1477997002544913,-0.25858712427196995,-0.11078742401747865,0.1477997002544913
36000,27,phi_r_g,2.091054075756049,2.1968840528626785,0.10582997710662934,-0.5992187272491107,-0.4933887501424814,0.10582997710662934
36000,28,phi_r_g,1.5493596417907336,2.116151133834883,0.5667914920441495,-0.34535002985616337,0.2214414621879861,0.5667914920441495
36000,29,phi_r_g,1.716540610875243,1.6642443071306712,-0.05229630374457184,-0.16961181133876302,-0.22190811508333486,-0.05229630374457184
36000,30,phi_r_g,1.9334499395013314,2.6969426234124163,0.7634926839110849,-0.3588178249514642,0.40467485895962074,0.7634926839110849
42000,1,phi_r_g,1.747144790537789,1.6997193742346044,-0.04742541630318464,-0.3534708387824361,-0.40089625508562077,-0.04742541630318464
42000,2,phi_r_g,1.7253837538345507,1.9140023674465014,0.18861861361195076,-0.758642758747238,-0.5700241451352872,0.18861861361195076
42000,3,phi_r_g,3.30879664002268,1.8815327250896523,-1.4272639149330275,1.523287356741984,0.0960234418089565,-1.4272639149330275
42000,4,phi_r_g,1.9444728344139466,2.2417041692744535,0.2972313348605069,0.40413325252513377,0.7013645873856407,0.2972313348605069
42000,5,phi_r_g,2.1513960467862834,2.0688800435487753,-0.08251600323750807,-0.8819381481773334,-0.9644541514148415,-0.08251600323750807
42000,6,phi_r_g,1.9425158764139647,2.1644373855981556,0.22192150918419085,0.07167616112122643,0.2935976703054173,0.22192150918419085
42000,7,phi_r_g,1.8034147771695532,2.289418243458247,0.4860034662886936,-0.38505235222720113,0.10095111406149249,0.4860034662886936
42000,8,phi_r_g,1.7955937193386171,2.2038616087725194,0.40826788943390224,-2.154761555888882,-1.7464936664549802,0.408267889433902
42000,9,phi_r_g,2.893361445006126,2.5378944859997743,-0.3554669590063515,-1.0181232242183285,-1.37359018322468,-0.3554669590063515
42000,10,phi_r_g,2.132302639775591,2.1373853234485405,0.005082683672949617,-0.22688121005914885,-0.22179852638619924,0.005082683672949617
42000,11,phi_r_g,2.364392547449817,2.2136720195341404,-0.1507205279156767,-0.3105706532312875,-0.4612911811469642,-0.1507205279156767
42000,12,phi_r_g,1.9539080977965297,2.061622193111022,0.10771409531449239,-0.07464044666378777,0.03307364865070461,0.10771409531449239
42000,13,phi_r_g,1.9525793684206003,1.7862911282353402,-0.16628824018526012,-0.5825957335479557,-0.7488839737332158,-0.16628824018526012
42000,14,phi_r_g,2.1298452910535075,2.346950293773202,0.21710500271969435,-0.5379843963206135,-0.3208793936009191,0.21710500271969435
42000,15,phi_r_g,1.5933326965388253,2.3533434762596874,0.7600107797208622,-0.7735114262612501,-0.013500646540387962,0.7600107797208622
42000,16,phi_r_g,1.9741517335594507,1.937151013191374,-0.03700072036807667,0.5057731792697153,0.46877245890163866,-0.03700072036807667
42000,17,phi_r_g,1.7923632217436838,1.9841499515765983,0.19178672983291456,-0.7455351025183328,-0.5537483726854182,0.19178672983291456
42000,18,phi_r_g,1.7864696680597052,1.9260925310529706,0.13962286299326543,-0.3386358106135572,-0.19901294762029176,0.13962286299326543
42000,19,phi_r_g,1.9778863588747386,2.0467134790672765,0.0688271201925379,-0.012329341895229717,0.05649777829730818,0.0688271201925379
42000,20,phi_r_g,1.9833531402709346,2.655533585269959,0.6721804449990243,-0.13256283654591172,0.5396176084531126,0.6721804449990243
42000,21,phi_r_g,1.8899448566095711,1.7855620962747727,-0.10438276033479843,-0.4032489661563248,-0.5076317264911232,-0.10438276033479843
42000,22,phi_r_g,2.2145279607586845,1.5393602820002523,-0.6751676787584322,-1.875499645645598,-2.55066732440403,-0.6751676787584322
42000,23,phi_r_g,1.9823222773312414,2.552670796010699,0.5703485186794577,-0.237217814996721,0.3331307036827367,0.5703485186794577
42000,24,phi_r_g,1.9222892855231946,2.29213649091127,0.3698472053880755,-0.20444267397788352,0.16540453141019196,0.3698472053880755
42000,25,phi_r_g,1.9207672922312553,2.488801659859589,0.5680343676283335,0.11028159237417201,0.6783159600025055,0.5680343676283335
42000,26,phi_r_g,1.723707943408146,2.1817035467536368,0.45799560334549083,-0.4763650090962943,-0.01836940575080348,0.45799560334549083
42000,27,phi_r_g,1.874865688410074,1.5551907353690249,-0.3196749530410492,-0.8154071145950859,-1.135082067636135,-0.3196749530410492
42000,28,phi_r_g,1.6717400734952295,2.178224209058314,0.5064841355630845,-0.2229695981516675,0.28351453741141697,0.5064841355630845
42000,29,phi_r_g,1.5133698752595048,1.6162932825012994,0.1029234072417946,-0.3727825469545012,-0.2698591397127066,0.1029234072417946
42000,30,phi_r_g,1.9595711178500008,2.4146630957379447,0.45509197788794387,-0.33269664660279474,0.12239533128514912,0.45509197788794387
48000,1,phi_r_g,2.2243707188570854,1.9096866851141412,-0.3146840337429442,0.12375508953686021,-0.19092894420608397,-0.3146840337429442
48000,2,phi_r_g,1.7207093416130221,1.8723818193631168,0.15167247775009463,-0.7633171709687665,-0.6116446932186719,0.15167247775009463
48000,3,phi_r_g,1.6510810730497734,2.034319847552939,0.38323877450316557,-0.13442821023092244,0.24881056427224313,0.38323877450316557
48000,4,phi_r_g,1.9577546448671301,2.0694202127016714,0.11166556783454129,0.4174150629783173,0.5290806308128586,0.11166556783454129
48000,5,phi_r_g,2.2714877910710967,2.158141694192951,-0.11334609687814545,-0.7618464038925201,-0.8751925007706656,-0.11334609687814545
48000,6,phi_r_g,1.7659483432756868,1.9858793935964487,0.21993105032076188,-0.10489137201705145,0.11503967830371042,0.21993105032076188
48000,7,phi_r_g,1.8511468495344507,2.4016731938312796,0.5505263442968289,-0.3373202798623036,0.21320606443452528,0.5505263442968289
48000,8,phi_r_g,2.158670081516901,2.026787226348145,-0.1318828551687563,-1.7916851937105984,-1.9235680488793547,-0.1318828551687563
48000,9,phi_r_g,3.3374410699955894,1.8298695879543136,-1.5075714820412758,-0.5740435992288648,-2.0816150812701406,-1.5075714820412758
48000,10,phi_r_g,2.062123486090578,2.153214758778585,0.09109127268800687,-0.29706036374416156,-0.20596909105615469,0.09109127268800687
48000,11,phi_r_g,2.0740153136863846,1.9802791138117117,-0.09373619987467285,-0.60094788699472,-0.6946840868693929,-0.09373619987467285
48000,12,phi_r_g,1.710629062053592,1.8040724916395625,0.09344342958597052,-0.3179194824067255,-0.224476052820755,0.09344342958597052
48000,13,phi_r_g,2.1004573948627008,2.0271998930083526,-0.0732575018543482,-0.4347177071058552,-0.5079752089602034,-0.0732575018543482
48000,14,phi_r_g,2.079400860165612,2.4329334763942647,0.3535326162286525,-0.5884288272085088,-0.23489621097985625,0.3535326162286525
48000,15,phi_r_g,1.8727136228088015,2.092533203195382,0.21981958038658034,-0.4941304999912739,-0.27431091960469356,0.21981958038658034
48000,16,phi_r_g,1.9728200445382678,1.9598428793338267,-0.012977165204441032,0.5044414902485324,0.4914643250440913,-0.012977165204441032
48000,17,phi_r_g,1.8030387376993113,1.7923104915227932,-0.01072824617651813,-0.7348595865627052,-0.7455878327392234,-0.01072824617651813
48000,18,phi_r_g,1.8592378400783256,1.9802477012056423,0.12100986112731671,-0.2658676385949368,-0.14485777746762007,0.12100986112731671
48000,19,phi_r_g,1.914450246718702,2.318774573636091,0.40432432691738907,-0.07576545405126645,0.3285588728661226,0.40432432691738907
48000,20,phi_r_g,1.9401759590422194,2.306433863865089,0.3662579048228696,-0.1757400177746269,0.19051788704824268,0.3662579048228696
48000,21,phi_r_g,1.702112091776916,1.8013918208378836,0.09927972906096771,-0.59108173098898,-0.49180200192801227,0.09927972906096771
48000,22,phi_r_g,2.4082512378976184,2.3387225250523134,-0.06952871284530504,-1.681776368506664,-1.751305081351969,-0.06952871284530504
48000,23,phi_r_g,2.127492606139233,2.5589212390807825,0.4314286329415493,-0.09204748618872927,0.33938114675282005,0.4314286329415493
48000,24,phi_r_g,1.8172819887948228,2.167648938906197,0.3503669501113742,-0.30944997070625524,0.04091697940511896,0.3503669501113742
48000,25,phi_r_g,1.9995454663592387,2.1777971660618514,0.17825169970261268,0.1890597665021554,0.36731146620476807,0.17825169970261268
48000,26,phi_r_g,1.9846755409289265,2.207064544735627,0.22238900380670068,-0.21539741157551373,0.006991592231186949,0.22238900380670068
48000,27,phi_r_g,1.6745056727359697,2.4717125948755196,0.7972069221395499,-1.0157671302691902,-0.21856020812964028,0.7972069221395499
48000,28,phi_r_g,1.6994492439369453,2.20186861280596,0.5024193688690146,-0.19526042770995167,0.30715894115906295,0.5024193688690146
48000,29,phi_r_g,1.7033193286024257,1.672540061136181,-0.03077926746624482,-0.1828330936115803,-0.2136123610778251,-0.03077926746624482
48000,30,phi_r_g,1.8604732119596263,2.1900797280691213,0.329606516109495,-0.4317945524931692,-0.10218803638367424,0.329606516109495
12000,1,group_decoupling_g,0.1476457700451128,0.1476457700451128,0.0,0.0,0.0,0.0
12000,2,group_decoupling_g,0.2542562381190834,0.2542562381190834,0.0,0.0,0.0,0.0
12000,3,group_decoupling_g,1.061219772922628,1.061219772922628,0.0,0.0,0.0,0.0
12000,4,group_decoupling_g,0.9639860828169636,0.9639860828169636,0.0,0.0,0.0,0.0
12000,5,group_decoupling_g,1.773542371366084,1.773542371366084,0.0,0.0,0.0,0.0
12000,6,group_decoupling_g,-0.27379664549683214,-0.27379664549683214,0.0,0.0,0.0,0.0
12000,7,group_decoupling_g,0.35628231785134123,0.35628231785134123,0.0,0.0,0.0,0.0
12000,8,group_decoupling_g,2.2846254081260744,2.2846254081260744,0.0,0.0,0.0,0.0
12000,9,group_decoupling_g,1.6608235913277856,1.6608235913277856,0.0,0.0,0.0,0.0
12000,10,group_decoupling_g,1.184282971554599,1.184282971554599,0.0,0.0,0.0,0.0
12000,11,group_decoupling_g,-0.48413103810006275,-0.48413103810006275,0.0,0.0,0.0,0.0
12000,12,group_decoupling_g,0.11100229270016593,0.11100229270016593,0.0,0.0,0.0,0.0
12000,13,group_decoupling_g,-0.09061568833454947,-0.09061568833454947,0.0,0.0,0.0,0.0
12000,14,group_decoupling_g,1.1251918362862992,1.1251918362862992,0.0,0.0,0.0,0.0
12000,15,group_decoupling_g,0.6786527302129766,0.6786527302129766,0.0,0.0,0.0,0.0
12000,16,group_decoupling_g,-0.4844970115207201,-0.4844970115207201,0.0,0.0,0.0,0.0
12000,17,group_decoupling_g,0.330323169110766,0.330323169110766,0.0,0.0,0.0,0.0
12000,18,group_decoupling_g,0.273790455872994,0.273790455872994,0.0,0.0,0.0,0.0
12000,19,group_decoupling_g,0.5578977187368122,0.5578977187368122,0.0,0.0,0.0,0.0
12000,20,group_decoupling_g,0.14995890139532886,0.14995890139532886,0.0,0.0,0.0,0.0
12000,21,group_decoupling_g,0.9802623196342535,0.9802623196342535,0.0,0.0,0.0,0.0
12000,22,group_decoupling_g,1.720487998321504,1.720487998321504,0.0,0.0,0.0,0.0
12000,23,group_decoupling_g,-0.5178701218952986,-0.5178701218952986,0.0,0.0,0.0,0.0
12000,24,group_decoupling_g,-0.08960590238282995,-0.08960590238282995,0.0,0.0,0.0,0.0
12000,25,group_decoupling_g,0.5756726600621545,0.5756726600621545,0.0,0.0,0.0,0.0
12000,26,group_decoupling_g,0.5934882372162269,0.5934882372162269,0.0,0.0,0.0,0.0
12000,27,group_decoupling_g,0.35348208409393456,0.35348208409393456,0.0,0.0,0.0,0.0
12000,28,group_decoupling_g,0.3519256530772932,0.3519256530772932,0.0,0.0,0.0,0.0
12000,29,group_decoupling_g,0.6112365222162552,0.6112365222162552,0.0,0.0,0.0,0.0
12000,30,group_decoupling_g,0.04850249950777097,0.04850249950777097,0.0,0.0,0.0,0.0
18000,1,group_decoupling_g,0.675028613906433,0.9419465262116034,0.26691791230517037,0.5273828438613202,0.7943007561664905,0.26691791230517037
18000,2,group_decoupling_g,1.089888699656768,0.034802047342498366,-1.0550866523142697,0.8356324615376847,-0.219454190776585,-1.0550866523142697
18000,3,group_decoupling_g,0.832502020414766,0.5191378240703615,-0.3133641963444045,-0.22871775250786208,-0.5420819488522666,-0.3133641963444045
18000,4,group_decoupling_g,-0.15077869368742203,-0.2854127765208887,-0.13463408283346667,-1.1147647765043858,-1.2493988593378522,-0.13463408283346645
18000,5,group_decoupling_g,1.0897952759270597,-0.8934200111414263,-1.983215287068486,-0.6837470954390243,-2.6669623825075104,-1.983215287068486
18000,6,group_decoupling_g,-1.320362542015481,-0.6349331316381399,0.6854294103773411,-1.0465658965186488,-0.3611364861413078,0.6854294103773411
18000,7,group_decoupling_g,0.20053569538196125,1.5510808092787345,1.3505451138967732,-0.15574662246937998,1.1947984914273932,1.3505451138967732
18000,8,group_decoupling_g,-0.554303341291801,0.3379148182500509,0.8922181595418519,-2.8389287494178754,-1.9467105898760235,0.8922181595418519
18000,9,group_decoupling_g,0.6864981258468692,0.5442970010592123,-0.1422011247876569,-0.9743254654809164,-1.1165265902685733,-0.1422011247876569
18000,10,group_decoupling_g,0.5046244357435301,1.4104000284353457,0.9057755926918156,-0.6796585358110689,0.22611705688074668,0.9057755926918156
18000,11,group_decoupling_g,0.38985881960385127,-0.3647817011968886,-0.7546405208007398,0.873989857703914,0.11934933690317417,-0.7546405208007398
18000,12,group_decoupling_g,-0.10071849896446139,-0.5013078118110403,-0.40058931284657895,-0.21172079166462732,-0.6123101045112063,-0.40058931284657895
18000,13,group_decoupling_g,-0.9553178471963111,-0.29825218663900177,0.6570656605573093,-0.8647021588617616,-0.2076364983044523,0.6570656605573093
18000,14,group_decoupling_g,0.7758159947141661,0.24364500257644228,-0.5321709921377238,-0.3493758415721331,-0.8815468337098569,-0.5321709921377238
18000,15,group_decoupling_g,0.23447381648062926,-0.17750758666216293,-0.4119814031427922,-0.4441789137323473,-0.8561603168751395,-0.4119814031427922
18000,16,group_decoupling_g,-0.013714376230604008,0.6470369676751775,0.6607513439057815,0.4707826352901161,1.1315339791958976,0.6607513439057815
18000,17,group_decoupling_g,-0.17715695661525133,0.2335990858628847,0.410756042478136,-0.5074801257260173,-0.09672408324788129,0.410756042478136
18000,18,group_decoupling_g,-0.3700519605732506,0.08848447223795164,0.45853643281120227,-0.6438424164462446,-0.18530598363504236,0.45853643281120227
18000,19,group_decoupling_g,1.0929295370930838,0.13173727619983566,-0.9611922608932482,0.5350318183562717,-0.4261604425369765,-0.9611922608932482
18000,20,group_decoupling_g,-0.34711239465914945,-0.2812867237033574,0.06582567095579206,-0.4970712960544783,-0.43124562509868625,0.06582567095579206
18000,21,group_decoupling_g,-0.6016911252558499,0.19011097539130795,0.7918021006471578,-1.5819534448901034,-0.7901513442429455,0.7918021006471578
18000,22,group_decoupling_g,1.611499241073452,0.09367507139463349,-1.5178241696788186,-0.1089887572480519,-1.6268129269268705,-1.5178241696788186
18000,23,group_decoupling_g,-0.6854148437704164,-0.8157955620697699,-0.1303807182993535,-0.16754472187511782,-0.2979254401744713,-0.1303807182993535
18000,24,group_decoupling_g,0.5031375151649986,-0.3137017160285449,-0.8168392311935435,0.5927434175478286,-0.22409581364571496,-0.8168392311935435
18000,25,group_decoupling_g,0.6251257373636314,0.4840664949440425,-0.1410592424195889,0.049453077301476966,-0.09160616511811193,-0.1410592424195889
18000,26,group_decoupling_g,-1.0461328228522242,-0.1302583341869572,0.915874488665267,-1.639621060068451,-0.7237465714031841,0.915874488665267
18000,27,group_decoupling_g,0.06332126351790657,0.11516978064611738,0.051848517128210814,-0.290160820576028,-0.23831230344781718,0.051848517128210814
18000,28,group_decoupling_g,-0.14000468760191365,-0.7317306768091085,-0.5917259892071949,-0.4919303406792068,-1.0836563298864017,-0.5917259892071949
18000,29,group_decoupling_g,0.10853631806096309,0.7798522663636454,0.6713159483026823,-0.5027002041552922,0.1686157441473901,0.6713159483026823
18000,30,group_decoupling_g,0.4446969752815304,0.038803472494084446,-0.40589350278744596,0.39619447577375944,-0.009699027013686523,-0.40589350278744596
24000,1,group_decoupling_g,0.11591058065312732,-0.07974775065411355,-0.19565833130724086,-0.0317351893919855,-0.22739352069922636,-0.19565833130724086
24000,2,group_decoupling_g,1.3024020261273397,0.09095759223968103,-1.2114444338876587,1.0481457880082563,-0.16329864587940235,-1.2114444338876587
24000,3,group_decoupling_g,0.1559244875318453,1.5291242483654002,1.3731997608335549,-0.9052952853907827,0.46790447544277214,1.3731997608335549
24000,4,group_decoupling_g,0.07278043411434654,0.27980133901835424,0.2070209049040077,-0.8912056487026171,-0.6841847437986094,0.2070209049040077
24000,5,group_decoupling_g,0.14489085077155006,0.5534358254967089,0.4085449747251588,-1.628651520594534,-1.2201065458693752,0.4085449747251588
24000,6,group_decoupling_g,-0.649497190984712,-0.28937803637883985,0.3601191546058722,-0.3757005454878799,-0.015581390882007717,0.3601191546058722
24000,7,group_decoupling_g,1.2093529613280138,-0.15603835454877713,-1.365391315876791,0.8530706434766726,-0.5123206724001184,-1.365391315876791
24000,8,group_decoupling_g,1.16284577518462,-1.1763497805845424,-2.3391955557691624,-1.1217796329414544,-3.460975188710617,-2.3391955557691624
24000,9,group_decoupling_g,1.6411248336706228,0.7088284678417494,-0.9322963658288734,-0.01969875765716278,-0.9519951234860362,-0.9322963658288734
24000,10,group_decoupling_g,0.8221436884427324,-0.4481580037272477,-1.2703016921699801,-0.3621392831118666,-1.6324409752818467,-1.2703016921699801
24000,11,group_decoupling_g,0.2942057579782147,0.14324958052774917,-0.15095617745046552,0.7783367960782774,0.6273806186278119,-0.15095617745046552
24000,12,group_decoupling_g,0.01894827776478447,-0.21754195074779226,-0.23649022851257673,-0.09205401493538146,-0.3285442434479582,-0.23649022851257673
24000,13,group_decoupling_g,-0.7690344224393231,-0.87103141257618,-0.10199699013685692,-0.6784187341047736,-0.7804157242416305,-0.10199699013685692
24000,14,group_decoupling_g,0.5422697577793802,-0.06963515238091755,-0.6119049101602978,-0.5829220785069189,-1.1948269886672167,-0.6119049101602978
24000,15,group_decoupling_g,0.5328304551069429,0.6037353475960208,0.07090489248907783,-0.14582227510603363,-0.0749173826169558,0.07090489248907783
24000,16,group_decoupling_g,-0.24323150545520655,-0.0899975517980125,0.15323395365719406,0.24126550606551356,0.3944994597227076,0.15323395365719406
24000,17,group_decoupling_g,1.2843146494589286,1.2108924053788783,-0.07342224408005027,0.9539914803481626,0.8805692362681123,-0.07342224408005027
24000,18,group_decoupling_g,0.23926447848616417,-0.16883209918994346,-0.40809657767610763,-0.03452597738682983,-0.44262255506293746,-0.40809657767610763
24000,19,group_decoupling_g,0.9286490287188822,0.13701656376455573,-0.7916324649543265,0.37075130998207007,-0.4208811549722564,-0.7916324649543265
24000,20,group_decoupling_g,0.17591246971818242,0.6585533868123441,0.4826409170941617,0.02595356832285356,0.5085944854170152,0.4826409170941617
24000,21,group_decoupling_g,-0.5826998766325906,0.05293647593236628,0.6356363525649569,-1.562962196266844,-0.9273258437018872,0.6356363525649569
24000,22,group_decoupling_g,-0.06075469287744917,1.0354521839674513,1.0962068768449005,-1.7812426911989532,-0.6850358143540527,1.0962068768449005
24000,23,group_decoupling_g,0.224708843003403,-0.5413891014984502,-0.7660979445018532,0.7425789648987016,-0.023518979603151635,-0.7660979445018532
24000,24,group_decoupling_g,0.4666280120562172,0.6646087864561565,0.19798077439993933,0.5562339144390471,0.7542146888389865,0.19798077439993933
24000,25,group_decoupling_g,-0.26692212277505933,0.9063494705950192,1.1732715933700786,-0.8425947828372138,0.3306768105328648,1.1732715933700786
24000,26,group_decoupling_g,-0.886758864394362,0.33730006732056794,1.22405893171493,-1.480247101610589,-0.25618816989565896,1.22405893171493
24000,27,group_decoupling_g,-0.18130323376162716,-0.2894537162877775,-0.10815048252615034,-0.5347853178555617,-0.642935800381712,-0.10815048252615034
24000,28,group_decoupling_g,-0.18716657072344223,-1.1273816678535105,-0.9402150971300682,-0.5390922238007354,-1.4793073209308036,-0.9402150971300682
24000,29,group_decoupling_g,0.6076380341244088,-0.04524192436121899,-0.6528799584856277,-0.0035984880918464857,-0.6564784465774742,-0.6528799584856277
24000,30,group_decoupling_g,0.08006692048065656,-0.3965393057855522,-0.47660622626620874,0.03156442097288559,-0.44504180529332316,-0.47660622626620874
30000,1,group_decoupling_g,-0.2571644386210472,0.1987138052442663,0.4558782438653135,-0.40481020866616,0.05106803519915348,0.4558782438653135
30000,2,group_decoupling_g,0.30743379890483435,0.27709320351124656,-0.0303405953935878,0.05317756078575098,0.022836965392163178,-0.0303405953935878
30000,3,group_decoupling_g,0.4837831875960883,0.89674826094126,0.41296507334517174,-0.5774365853265397,-0.164471511981368,0.41296507334517174
30000,4,group_decoupling_g,-0.5753722903107932,0.36156397192720136,0.9369362622379945,-1.5393583731277567,-0.6024221108897623,0.9369362622379944
30000,5,group_decoupling_g,0.4416479995182716,0.41161161843890026,-0.030036381079371344,-1.3318943718478125,-1.3619307529271838,-0.030036381079371344
30000,6,group_decoupling_g,-0.756842778910461,-0.28199948501138694,0.4748432938990741,-0.4830461334136289,-0.008202839514554805,0.4748432938990741
30000,7,group_decoupling_g,-0.20638112306081435,0.18993428066010365,0.396315403720918,-0.5626634409121556,-0.16634803719123759,0.396315403720918
30000,8,group_decoupling_g,0.3439898266742738,-0.08121195432089046,-0.42520178099516426,-1.9406355814518006,-2.365837362446965,-0.42520178099516426
30000,9,group_decoupling_g,0.8317329153125956,0.6284853739330629,-0.20324754137953271,-0.8290906760151899,-1.0323382173947226,-0.20324754137953271
30000,10,group_decoupling_g,-0.1518214682391985,-0.109811932336211,0.042009535902987505,-1.3361044397937976,-1.29409490389081,0.042009535902987505
30000,11,group_decoupling_g,-0.17043524670467836,0.10523987453359807,0.2756751212382764,0.3136957913953844,0.5893709126336608,0.2756751212382764
30000,12,group_decoupling_g,-0.5882778913852573,-0.14430617219726094,0.4439717191879964,-0.6992801840854233,-0.25530846489742687,0.4439717191879964
30000,13,group_decoupling_g,-0.7869198807900628,-0.5102571781311656,0.27666270265889725,-0.6963041924555133,-0.4196414897966161,0.27666270265889725
30000,14,group_decoupling_g,0.37134188452026784,0.191280927505596,-0.18006095701467184,-0.7538499517660313,-0.9339109087807032,-0.18006095701467184
30000,15,group_decoupling_g,0.09952771463492471,0.35511137131902815,0.25558365668410343,-0.5791250155780518,-0.3235413588939484,0.25558365668410343
30000,16,group_decoupling_g,0.12204225681876979,-0.38739169493229264,-0.5094339517510624,0.6065392683394899,0.09710531658842747,-0.5094339517510624
30000,17,group_decoupling_g,0.06890970857557055,1.425846066763136,1.3569363581875655,-0.26141346053519543,1.09552289765237,1.3569363581875655
30000,18,group_decoupling_g,-0.13006470114258462,-0.9827731279092411,-0.8527084267666565,-0.4038551570155786,-1.256563583782235,-0.8527084267666565
30000,19,group_decoupling_g,0.5457857250876013,0.5141785655838871,-0.03160715950371418,-0.012111993649210895,-0.04371915315292507,-0.03160715950371418
30000,20,group_decoupling_g,-0.3294819548896286,0.5215206919520186,0.8510026468416472,-0.4794408562849575,0.3715617905566897,0.8510026468416472
30000,21,group_decoupling_g,-0.10721765893469248,0.8654564726392635,0.972674131573956,-1.087479978568946,-0.11480584699498997,0.972674131573956
30000,22,group_decoupling_g,-0.030247419361622452,0.6379444827945238,0.6681919021561462,-1.7507354176831265,-1.0825435155269802,0.6681919021561462
30000,23,group_decoupling_g,0.2721163643904828,0.19783407818876508,-0.07428228620171773,0.7899864862857814,0.7157042000840637,-0.07428228620171773
30000,24,group_decoupling_g,-0.10937233319085582,0.10646019079956393,0.21583252399041974,-0.01976643080802587,0.19606609318239387,0.21583252399041974
30000,25,group_decoupling_g,-0.4330638484266084,0.6111611859653308,1.044225034391939,-1.008736508488763,0.035488525903176305,1.0442250343919393
30000,26,group_decoupling_g,0.4936899491334874,-0.6975694582970255,-1.191259407430513,-0.0997982880827395,-1.2910576955132524,-1.191259407430513
30000,27,group_decoupling_g,0.13429381284484254,0.6502706437525287,0.5159768309076862,-0.21918827124909201,0.2967885596585942,0.5159768309076862
30000,28,group_decoupling_g,-0.2762989972095029,-0.6056986148347212,-0.3293996176252183,-0.6282246502867961,-0.9576242679120144,-0.3293996176252183
30000,29,group_decoupling_g,-0.0606581104136934,1.2321354368788646,1.292793547292558,-0.6718946326299486,0.6208989146626094,1.292793547292558
30000,30,group_decoupling_g,-0.41615033618980113,-0.330151170130089,0.08599916605971214,-0.4646528356975721,-0.37865366963785996,0.08599916605971214
36000,1,group_decoupling_g,-0.39928429783924724,-0.08990270425982039,0.30938159357942685,-0.54693006788436,-0.2375484743049332,0.30938159357942685
36000,2,group_decoupling_g,-0.02823661560003532,0.3760115117782099,0.4042481273782452,-0.2824928537191187,0.12175527365912653,0.4042481273782452
36000,3,group_decoupling_g,0.9240720933702264,-0.0038961834067825496,-0.927968276777009,-0.1371476795524016,-1.0651159563294106,-0.927968276777009
36000,4,group_decoupling_g,-0.2865813442248957,-0.12617189621787217,0.1604094480070235,-1.2505674270418594,-1.090157979034836,0.1604094480070235
36000,5,group_decoupling_g,0.14211476490429353,0.4552733538295093,0.31315858892521575,-1.6314276064617905,-1.3182690175365748,0.31315858892521575
36000,6,group_decoupling_g,-1.214355297201313,-0.46466653920417844,0.7496887579971345,-0.9405586517044808,-0.1908698937073463,0.7496887579971345
36000,7,group_decoupling_g,0.4584454388710455,-0.3484799039660724,-0.8069253428371179,0.10216312101970426,-0.7047622218174137,-0.8069253428371179
36000,8,group_decoupling_g,-0.4949474008318262,-0.2794585595003982,0.21548884133142798,-2.7795728089579006,-2.5640839676264724,0.2154888413314282
36000,9,group_decoupling_g,1.3365573387325682,0.6434500702855759,-0.6931072684469923,-0.32426625259521735,-1.0173735210422097,-0.6931072684469923
36000,10,group_decoupling_g,0.18892568213441718,0.2976145331998228,0.1086888510654056,-0.9953572894201819,-0.8866684383547763,0.1086888510654056
36000,11,group_decoupling_g,-0.2748065039723251,0.14241791469385823,0.4172244186661833,0.20932453412773766,0.626548952793921,0.4172244186661833
36000,12,group_decoupling_g,-0.707947308592175,-0.3298152834352901,0.37813202515688493,-0.818949601292341,-0.440817576135456,0.37813202515688493
36000,13,group_decoupling_g,-0.8081322472096175,-0.7640691786679441,0.04406306854167341,-0.717516558875068,-0.6734534903333946,0.04406306854167341
36000,14,group_decoupling_g,0.653159287451198,0.4838424525825924,-0.1693168348686056,-0.47203254883510115,-0.6413493837037068,-0.1693168348686056
36000,15,group_decoupling_g,-0.08589185551210221,0.1860327576448615,0.2719246131569637,-0.7645445857250788,-0.49261997256811507,0.2719246131569637
36000,16,group_decoupling_g,0.051209803400484866,0.2660007454451703,0.2147909420446854,0.535706814921205,0.7504977569658904,0.2147909420446854
36000,17,group_decoupling_g,0.6859920403426956,0.7149779770187783,0.028985936676082735,0.3556688712319296,0.3846548079080123,0.028985936676082735
36000,18,group_decoupling_g,0.8329553435136317,-0.26541705753171874,-1.0983724010453504,0.5591648876406377,-0.5392075134047127,-1.0983724010453504
36000,19,group_decoupling_g,0.27495795244633836,0.23709441343047355,-0.03786353901586481,-0.2829397662904738,-0.3208033053063386,-0.03786353901586481
36000,20,group_decoupling_g,-0.09173907040154505,-0.27407705088763645,-0.1823379804860914,-0.2416979717968739,-0.4240359522829653,-0.1823379804860914
36000,21,group_decoupling_g,0.3440732036807599,-0.48753522638188196,-0.8316084300626418,-0.6361891159534936,-1.4677975460161354,-0.8316084300626418
36000,22,group_decoupling_g,0.5283527816233262,0.20758581636576345,-0.32076696525756276,-1.1921352166981778,-1.5129021819557407,-0.3207669652575629
36000,23,group_decoupling_g,-0.3237984051884606,-0.030461489450274826,0.29333691573818577,0.19407171670683798,0.48740863244502375,0.29333691573818577
36000,24,group_decoupling_g,0.4525851068799871,-0.6063255301944768,-1.0589106370744639,0.542191009262817,-0.5167196278116468,-1.0589106370744639
36000,25,group_decoupling_g,0.18538078882586673,-0.04138128778248218,-0.2267620766083489,-0.3902918712362877,-0.6170539478446366,-0.2267620766083489
36000,26,group_decoupling_g,-0.3545335532610032,-1.1169038384100396,-0.7623702851490364,-0.9480217904772301,-1.7103920756262665,-0.7623702851490364
36000,27,group_decoupling_g,0.9238152352988096,0.4938273460992497,-0.4299878891995599,0.570333151204875,0.14034526200531516,-0.4299878891995599
36000,28,group_decoupling_g,-0.6558668241499632,-1.1271064505524602,-0.47123962640249695,-1.0077924772272564,-1.4790321036297533,-0.47123962640249695
36000,29,group_decoupling_g,-0.448394006167508,0.8282304530939912,1.2766244592614993,-1.0596305283837633,0.216993930877736,1.2766244592614993
36000,30,group_decoupling_g,-0.5247129827783896,0.5068455877570086,1.0315585705353982,-0.5732154822861606,0.45834308824923764,1.0315585705353982
42000,1,group_decoupling_g,0.5735948902628203,-0.34624273632394464,-0.9198376265867649,0.4259491202177075,-0.49388850636905746,-0.9198376265867649
42000,2,group_decoupling_g,0.19555874779090066,-0.8259309545467475,-1.0214897023376481,-0.05869749032818272,-1.0801871926658309,-1.0214897023376481
42000,3,group_decoupling_g,1.983142718594837,0.4064726884013157,-1.5766700301935213,0.9219229456722089,-0.6547470845213124,-1.5766700301935213
42000,4,group_decoupling_g,-0.32676561864979536,-0.5123062401495218,-0.1855406214997264,-1.290751701466759,-1.4762923229664855,-0.1855406214997264
42000,5,group_decoupling_g,0.20203294849273346,0.7243647734507803,0.5223318249580469,-1.5715094228733506,-1.0491775979153037,0.5223318249580469
42000,6,group_decoupling_g,-0.36887400951814264,0.02846448824796033,0.39733849776610297,-0.0950773640213105,0.30226113374479247,0.39733849776610297
42000,7,group_decoupling_g,0.8252110015485902,0.35656739867087395,-0.4686436028777162,0.46892868369724894,0.0002850808195327126,-0.4686436028777162
42000,8,group_decoupling_g,0.14600762101683906,0.38881357347818235,0.2428059524613433,-2.1386177871092356,-1.895811834647892,0.2428059524613435
42000,9,group_decoupling_g,0.7199639692051738,0.3625901238619602,-0.3573738453432136,-0.9408596221226118,-1.2982334674658254,-0.3573738453432136
42000,10,group_decoupling_g,0.20480024041577116,-0.29584962629868494,-0.5006498667144561,-0.9794827311388279,-1.480132597853284,-0.5006498667144561
42000,11,group_decoupling_g,0.05969286765370563,-1.2987173602505617,-1.3584102279042674,0.5438239057537684,-0.814586322150499,-1.3584102279042674
42000,12,group_decoupling_g,-0.7383307443791887,-0.6669343254201372,0.07139641895905147,-0.8493330370793546,-0.7779366181203031,0.07139641895905147
42000,13,group_decoupling_g,-0.9756557710158167,-1.0279580242959963,-0.05230225328017957,-0.8850400826812672,-0.9373423359614468,-0.05230225328017957
42000,14,group_decoupling_g,-0.26650404502089287,-0.13956509665584704,0.12693894836504582,-1.391695881307192,-1.2647569329421462,0.12693894836504582
42000,15,group_decoupling_g,-0.1861491033731082,0.22359611748889696,0.40974522086200516,-0.8648018335860848,-0.4550566127240796,0.40974522086200516
42000,16,group_decoupling_g,-0.22606198000727407,-0.78336299057795,-0.5573010105706759,0.25843503151344605,-0.2988659790572299,-0.5573010105706759
42000,17,group_decoupling_g,0.4271748053157385,0.21248675485093593,-0.21468805046480255,0.0968516362049725,-0.11783641425983005,-0.21468805046480255
42000,18,group_decoupling_g,-0.07141063087294208,-0.6715758986949867,-0.6001652678220446,-0.3452010867459361,-0.9453663545679807,-0.6001652678220446
42000,19,group_decoupling_g,-0.10432444405242536,0.07175776653844301,0.17608221059086837,-0.6622221627892375,-0.48613995219836914,0.17608221059086837
42000,20,group_decoupling_g,-0.1808766048521897,0.2666368053974375,0.4475134102496272,-0.33083550624751856,0.11667790400210865,0.4475134102496272
42000,21,group_decoupling_g,-0.15153295882935902,-0.9464441999555993,-0.7949112411262402,-1.1317952784636125,-1.9267065195898527,-0.7949112411262402
42000,22,group_decoupling_g,-0.6523573276577341,-0.9354692470213612,-0.2831119193636271,-2.372845325979238,-2.655957245342865,-0.2831119193636269
42000,23,group_decoupling_g,-0.16350502507141917,-0.18570778237952146,-0.022202757308102283,0.3543650968238794,0.3321623395157771,-0.022202757308102283
42000,24,group_decoupling_g,0.08371225161443796,0.40718405794900603,0.32347180633456807,0.1733181539972679,0.496789960331836,0.32347180633456807
42000,25,group_decoupling_g,-0.3962726054317387,0.10476788376927626,0.501040489201015,-0.9719452654938932,-0.4709047762928782,0.501040489201015
42000,26,group_decoupling_g,-0.8916883847777455,-0.5342370468092008,0.35745133796854467,-1.4851766219939724,-1.1277252840254277,0.35745133796854467
42000,27,group_decoupling_g,0.7123664102481932,0.3421038602752451,-0.37026254997294816,0.3588843261542587,-0.01137822381868947,-0.37026254997294816
42000,28,group_decoupling_g,-0.12322382134551702,0.009655668703408171,0.1328794900489252,-0.4751494744228102,-0.342269984373885,0.1328794900489252
42000,29,group_decoupling_g,-0.6792646863197811,0.742225314537954,1.4214900008577351,-1.2905012085360363,0.1309887923216988,1.4214900008577351
42000,30,group_decoupling_g,-0.5062805897987479,0.016865459913721015,0.5231460497124689,-0.5547830893065189,-0.031637039594049954,0.5231460497124689
48000,1,group_decoupling_g,0.7218041861475739,-0.99265716758832,-1.714461353735894,0.5741584161024611,-1.1403029376334328,-1.714461353735894
48000,2,group_decoupling_g,0.8405768804945319,-0.8710645044583123,-1.7116413849528442,0.5863206423754486,-1.1253207425773957,-1.7116413849528442
48000,3,group_decoupling_g,-0.1585150498810617,1.198004765046993,1.3565198149280546,-1.2197348228036897,0.1367849921243649,1.3565198149280546
48000,4,group_decoupling_g,-0.5363882156608633,-0.7039817306408578,-0.16759351497999453,-1.5003742984778268,-1.6679678134578215,-0.16759351497999475
48000,5,group_decoupling_g,0.3637457797248178,0.28833278866817813,-0.07541299105663968,-1.4097965916412663,-1.485209582697906,-0.07541299105663968
48000,6,group_decoupling_g,-1.0888624562087306,-0.5750473220936494,0.5138151341150812,-0.8150658107118984,-0.30125067659681726,0.5138151341150812
48000,7,group_decoupling_g,0.3071699667704586,-0.3739401584836122,-0.6811101252540708,-0.04911235108088263,-0.7302224763349534,-0.6811101252540708
48000,8,group_decoupling_g,0.4016887962837621,0.3809995266763331,-0.020689269607429006,-1.8829366118423123,-1.9036258814497413,-0.020689269607429006
48000,9,group_decoupling_g,0.997268860056765,-0.8169685325995932,-1.8142373926563582,-0.6635547312710206,-2.4777921239273786,-1.814237392656358
48000,10,group_decoupling_g,-0.3666889768758663,-0.38452017947010564,-0.017831202594239315,-1.5509719484304654,-1.5688031510247047,-0.017831202594239315
48000,11,group_decoupling_g,-0.02619017296226711,-0.8005072634684867,-0.7743170905062196,0.45794086513779564,-0.3163762253684239,-0.7743170905062196
48000,12,group_decoupling_g,-0.6600503254139418,-0.9888859897400857,-0.32883566432614386,-0.7710526181141077,-1.0998882824402516,-0.32883566432614386
48000,13,group_decoupling_g,0.24608483394894543,-0.8435804438473746,-1.08966527779632,0.3367005222834949,-0.7529647555128252,-1.08966527779632
48000,14,group_decoupling_g,0.3351568477157081,0.09614283006937341,-0.23901401764633468,-0.7900349885705911,-1.0290490062169257,-0.23901401764633468
48000,15,group_decoupling_g,-0.04180760033406372,-0.5186117343759526,-0.4768041340418889,-0.7204603305470403,-1.1972644645889292,-0.4768041340418889
48000,16,group_decoupling_g,0.05160600226517942,-0.8305564096467455,-0.8821624119119249,0.5361030137858995,-0.3460593981260254,-0.8821624119119249
48000,17,group_decoupling_g,0.6053400045746471,0.11988283019312207,-0.485457174381525,0.2750168354638811,-0.2104403389176439,-0.485457174381525
48000,18,group_decoupling_g,-0.36638493498535696,-0.764184087835053,-0.397799152849696,-0.640175390858351,-1.037974543708047,-0.397799152849696
48000,19,group_decoupling_g,-0.4741157425345284,0.35211656182737583,0.8262323043619042,-1.0320134612713405,-0.20578115690943632,0.8262323043619042
48000,20,group_decoupling_g,-0.4737134361597657,-0.011403691684421347,0.46230974447534434,-0.6236723375550945,-0.1613625930797502,0.46230974447534434
48000,21,group_decoupling_g,0.1632434623576695,-0.8258533249964364,-0.9890967873541059,-0.817018857276584,-1.8061156446306899,-0.9890967873541059
48000,22,group_decoupling_g,0.777005081523754,0.10652952630399914,-0.6704755552197549,-0.94348291679775,-1.6139584720175049,-0.6704755552197549
48000,23,group_decoupling_g,-0.43398999593802223,-0.9488351109711228,-0.5148451150331006,0.08388012595727634,-0.43096498907582426,-0.5148451150331006
48000,24,group_decoupling_g,-0.15178878551370367,-0.3672768170550582,-0.21548803154135454,-0.06218288313087372,-0.27767091467222826,-0.21548803154135454
48000,25,group_decoupling_g,-0.4437980277558562,0.3424612742551356,0.7862593020109918,-1.0194706878180106,-0.23321138580701883,0.7862593020109918
48000,26,group_decoupling_g,-0.6939589160479689,-0.7118127223915134,-0.017853806343544498,-1.2874471532641958,-1.3053009596077403,-0.017853806343544498
48000,27,group_decoupling_g,0.8628754217721033,0.7708262886881332,-0.09204913308397011,0.5093933376781687,0.41734420459419863,-0.09204913308397011
48000,28,group_decoupling_g,0.3352767609239944,-0.8804849593154547,-1.215761720239449,-0.01664889215329879,-1.2324106123927479,-1.215761720239449
48000,29,group_decoupling_g,0.060566212135655384,-0.06131544345025208,-0.12188165558590747,-0.5506703100805999,-0.6725519656665073,-0.12188165558590747
48000,30,group_decoupling_g,-0.2098967853201419,-0.4383571127054884,-0.2284603273853465,-0.25839928482791286,-0.48685961221325935,-0.2284603273853465
12000,1,group_downward_g,1.7577161998307855,1.7577161998307855,0.0,0.0,0.0,0.0
12000,2,group_downward_g,1.9643670570680865,1.9643670570680865,0.0,0.0,0.0,0.0
12000,3,group_downward_g,0.715768183725871,0.715768183725871,0.0,0.0,0.0,0.0
12000,4,group_downward_g,0.7239184306055895,0.7239184306055895,0.0,0.0,0.0,0.0
12000,5,group_downward_g,1.2113664799794903,1.2113664799794903,0.0,0.0,0.0,0.0
12000,6,group_downward_g,1.7206521219136734,1.7206521219136734,0.0,0.0,0.0,0.0
12000,7,group_downward_g,1.5320647947104749,1.5320647947104749,0.0,0.0,0.0,0.0
12000,8,group_downward_g,1.6510602582836595,1.6510602582836595,0.0,0.0,0.0,0.0
12000,9,group_downward_g,2.2685403976532954,2.2685403976532954,0.0,0.0,0.0,0.0
12000,10,group_downward_g,0.9849044934253746,0.9849044934253746,0.0,0.0,0.0,0.0
12000,11,group_downward_g,2.9424421123842093,2.9424421123842093,0.0,0.0,0.0,0.0
12000,12,group_downward_g,1.916479001739049,1.916479001739049,0.0,0.0,0.0,0.0
12000,13,group_downward_g,2.798299907742946,2.798299907742946,0.0,0.0,0.0,0.0
12000,14,group_downward_g,1.433789708550886,1.433789708550886,0.0,0.0,0.0,0.0
12000,15,group_downward_g,1.5204011340054882,1.5204011340054882,0.0,0.0,0.0,0.0
12000,16,group_downward_g,1.7709133217008262,1.7709133217008262,0.0,0.0,0.0,0.0
12000,17,group_downward_g,2.0931126065069385,2.0931126065069385,0.0,0.0,0.0,0.0
12000,18,group_downward_g,1.6019671919951999,1.6019671919951999,0.0,0.0,0.0,0.0
12000,19,group_downward_g,1.9443468231331256,1.9443468231331256,0.0,0.0,0.0,0.0
12000,20,group_downward_g,1.7636624393508207,1.7636624393508207,0.0,0.0,0.0,0.0
12000,21,group_downward_g,1.3017553827959132,1.3017553827959132,0.0,0.0,0.0,0.0
12000,22,group_downward_g,1.8811471773096204,1.8811471773096204,0.0,0.0,0.0,0.0
12000,23,group_downward_g,2.560381388528886,2.560381388528886,0.0,0.0,0.0,0.0
12000,24,group_downward_g,2.3838003268323367,2.3838003268323367,0.0,0.0,0.0,0.0
12000,25,group_downward_g,1.2723197919805866,1.2723197919805866,0.0,0.0,0.0,0.0
12000,26,group_downward_g,1.6418032149008792,1.6418032149008792,0.0,0.0,0.0,0.0
12000,27,group_downward_g,2.5009962578557134,2.5009962578557134,0.0,0.0,0.0,0.0
12000,28,group_downward_g,1.4220351192718388,1.4220351192718388,0.0,0.0,0.0,0.0
12000,29,group_downward_g,1.2189424556210153,1.2189424556210153,0.0,0.0,0.0,0.0
12000,30,group_downward_g,2.2921649921899596,2.2921649921899596,0.0,0.0,0.0,0.0
18000,1,group_downward_g,0.8658600025802536,1.2571928939296737,0.39133289134942006,-0.8918561972505319,-0.5005233059011118,0.39133289134942006
18000,2,group_downward_g,1.315998734951993,1.7709547619225618,0.4549560269705688,-0.6483683221160934,-0.1934122951455246,0.4549560269705688
18000,3,group_downward_g,1.3865148622348702,0.8321965522504198,-0.5543183099844504,0.6707466785089992,0.11642836852454874,-0.5543183099844504
18000,4,group_downward_g,1.4581261246877655,1.8677949767984867,0.40966885211072124,0.734207694082176,1.1438765461928972,0.40966885211072124
18000,5,group_downward_g,1.0259795318040084,3.088970398528442,2.0629908667244337,-0.18538694817548196,1.8776039185489517,2.0629908667244337
18000,6,group_downward_g,3.327088855000614,2.8222511510070305,-0.5048377039935836,1.6064367330869407,1.101599029093357,-0.5048377039935836
18000,7,group_downward_g,1.749199586410764,0.8484813299126958,-0.9007182564980681,0.21713479170028904,-0.6835834647977791,-0.9007182564980681
18000,8,group_downward_g,2.6531092134027996,1.8915908928638792,-0.7615183205389204,1.00204895511914,0.24053063458021962,-0.7615183205389204
18000,9,group_downward_g,2.511775132245939,2.080053553484384,-0.43172157876155515,0.24323473459264378,-0.18848684416891137,-0.43172157876155515
18000,10,group_downward_g,1.5450783130973664,1.3513582178004104,-0.193720095296956,0.5601738196719919,0.36645372437503587,-0.193720095296956
18000,11,group_downward_g,1.5806769539364858,2.2453814107575476,0.6647044568210618,-1.3617651584477235,-0.6970607016266617,0.6647044568210618
18000,12,group_downward_g,1.8688802468959433,1.929501908806231,0.06062166191028773,-0.047598754843105606,0.013022907067182121,0.06062166191028773
18000,13,group_downward_g,2.582941237483677,2.3094120603707586,-0.27352917711291846,-0.2153586702592687,-0.48888784737218716,-0.27352917711291846
18000,14,group_downward_g,1.2005890364936156,2.147385325232854,0.9467962887392383,-0.23320067205727035,0.7135956166819679,0.9467962887392383
18000,15,group_downward_g,1.6216411226560212,1.9052886672082634,0.28364754455224217,0.10123998865053307,0.38488753320277524,0.28364754455224217
18000,16,group_downward_g,1.5920478223215349,1.2483623664540717,-0.34368545586746313,-0.1788654993792913,-0.5225509552467544,-0.34368545586746313
18000,17,group_downward_g,2.0453567087872564,1.834266636639665,-0.21109007214759146,-0.04775589771968214,-0.2588459698672736,-0.21109007214759146
18000,18,group_downward_g,2.0279473992835197,1.6755161158266145,-0.3524312834569052,0.42598020728831987,0.07354892383141465,-0.3524312834569052
18000,19,group_downward_g,1.1155955298776332,1.676700044043615,0.5611045141659818,-0.8287512932554923,-0.2676467790895105,0.5611045141659818
18000,20,group_downward_g,2.720504676111528,2.22061510392084,-0.4998895721906882,0.9568422367607075,0.45695266457001926,-0.4998895721906882
18000,21,group_downward_g,2.2496745080817124,1.8131043805645084,-0.43657012751720403,0.9479191252857992,0.5113489977685952,-0.43657012751720403
18000,22,group_downward_g,0.7074488955638155,2.23523186777765,1.5277829722138345,-1.1736982817458048,0.3540846904680295,1.5277829722138343
18000,23,group_downward_g,2.0499395903923325,2.486351126543084,0.43641153615075146,-0.5104417981365534,-0.07403026198580198,0.43641153615075146
18000,24,group_downward_g,1.3087947614657165,2.3068828879889303,0.9980881265232138,-1.0750055653666202,-0.0769174388434064,0.9980881265232138
18000,25,group_downward_g,1.1218191510249051,2.3352227070916163,1.2134035560667111,-0.1505006409556815,1.0629029151110296,1.2134035560667111
18000,26,group_downward_g,2.9635212508440887,1.961281232606439,-1.0022400182376496,1.3217180359432095,0.31947801770555984,-1.0022400182376496
18000,27,group_downward_g,2.435010484942073,1.7485562037384794,-0.6864542812035934,-0.0659857729136406,-0.752440054117234,-0.6864542812035934
18000,28,group_downward_g,1.6214455738700866,2.7711509706215374,1.1497053967514508,0.1994104545982478,1.3491158513496986,1.1497053967514508
18000,29,group_downward_g,1.352330817695087,1.4617731352110663,0.10944231751597933,0.13338836207407168,0.242830679590051,0.10944231751597933
18000,30,group_downward_g,1.6237192576900208,2.164903358972494,0.5411841012824734,-0.6684457344999388,-0.12726163321746542,0.5411841012824734
24000,1,group_downward_g,1.499389598114302,2.274468666867823,0.775079068753521,-0.2583266017164836,0.5167524670370374,0.775079068753521
24000,2,group_downward_g,0.6908351628049463,1.556310841253048,0.8654756784481017,-1.2735318942631402,-0.4080562158150385,0.8654756784481017
24000,3,group_downward_g,1.9995433399163103,0.4909446339383341,-1.5085987059779762,1.2837751561904391,-0.22482354978753694,-1.5085987059779762
24000,4,group_downward_g,1.6061376153145104,1.688761377808318,0.08262376249380754,0.8822191847089209,0.9648429472027285,0.08262376249380754
24000,5,group_downward_g,1.7387480635539232,1.2407133513446373,-0.49803471220928586,0.5273815835744329,0.02934687136514702,-0.49803471220928586
24000,6,group_downward_g,2.3300907917021885,2.3517975378691776,0.021706746166989088,0.609438669788515,0.6311454159555041,0.021706746166989088
24000,7,group_downward_g,1.5457753824921587,2.392444655369138,0.8466692728769791,0.01371058778168388,0.860379860658663,0.8466692728769791
24000,8,group_downward_g,0.8022176583817823,3.5347136306962983,2.732495972314516,-0.8488425999018773,1.8836533724126387,2.732495972314516
24000,9,group_downward_g,2.3239896205512265,1.5324539382026243,-0.7915356823486022,0.05544922289793108,-0.7360864594506711,-0.7915356823486022
24000,10,group_downward_g,1.2803996840841716,2.6001837037831996,1.319784019699028,0.29549519065879704,1.615279210357825,1.319784019699028
24000,11,group_downward_g,1.8017727131307966,1.2604664813996695,-0.541306231731127,-1.1406693992534127,-1.6819756309845397,-0.541306231731127
24000,12,group_downward_g,1.858190797423231,1.6497703206955563,-0.20842047672767472,-0.05828820431581794,-0.26670868104349266,-0.20842047672767472
24000,13,group_downward_g,2.797809167690156,2.871556577379084,0.07374740968892812,-0.0004907400527898176,0.0732566696361383,0.07374740968892812
24000,14,group_downward_g,1.296380050157922,2.4900795992732125,1.1936995491152906,-0.13740965839296404,1.0562898907223266,1.1936995491152906
24000,15,group_downward_g,1.0172928837358537,1.2574206890174908,0.24012780528163713,-0.5031082502696345,-0.26298044498799733,0.24012780528163713
24000,16,group_downward_g,1.659606009041992,1.967130257996629,0.30752424895463704,-0.1113073126588342,0.19621693629580284,0.30752424895463704
24000,17,group_downward_g,1.5345121151547274,1.5917212142255153,0.05720909907078786,-0.5586004913522111,-0.5013913922814233,0.05720909907078786
24000,18,group_downward_g,1.1348790335703607,1.9006601773847929,0.7657811438144322,-0.4670881584248392,0.298692985389593,0.7657811438144322
24000,19,group_downward_g,1.6176615113760997,1.5422395383211271,-0.07542197305497256,-0.32668531175702586,-0.4021072848119984,-0.07542197305497256
24000,20,group_downward_g,1.755640128657035,1.6441913678498346,-0.11144876080720034,-0.008022310693785784,-0.11947107150098613,-0.11144876080720034
24000,21,group_downward_g,2.31326909999356,1.7219576469608788,-0.5913114530326813,1.011513717197647,0.42020226416496564,-0.5913114530326813
24000,22,group_downward_g,2.211992854669994,2.0664754215381627,-0.1455174331318312,0.3308456773603734,0.18532824422854222,-0.1455174331318312
24000,23,group_downward_g,1.508902811759964,2.0226788280275825,0.5137760162676184,-1.0514785767689219,-0.5377025605013035,0.5137760162676184
24000,24,group_downward_g,1.479023295627842,1.3401818025035408,-0.13884149312430116,-0.9047770312044947,-1.0436185243287959,-0.13884149312430116
24000,25,group_downward_g,2.1859630851354765,1.449642550066765,-0.7363205350687116,0.9136432931548899,0.17732275808617826,-0.7363205350687116
24000,26,group_downward_g,2.7919942705308234,1.5992224407849234,-1.1927718297459,1.1501910556299442,-0.042580774115955844,-1.1927718297459
24000,27,group_downward_g,2.2381223989548817,2.111167125722271,-0.1269552732326109,-0.2628738589008317,-0.3898291321334426,-0.1269552732326109
24000,28,group_downward_g,2.3058822476229706,3.4405629529239823,1.1346807053010117,0.8838471283511318,2.0185278336521435,1.1346807053010117
24000,29,group_downward_g,0.8811065114306754,2.0488524769622085,1.167745965531533,-0.3378359441903399,0.8299100213411932,1.167745965531533
24000,30,group_downward_g,2.039327625325013,2.886008841232497,0.8466812159074837,-0.2528373668649464,0.5938438490425373,0.8466812159074837
30000,1,group_downward_g,2.101934426114046,1.4297400285080677,-0.6721943976059781,0.34421822628326026,-0.32797617132271784,-0.6721943976059781
30000,2,group_downward_g,1.4440944922683163,1.3214357590176418,-0.12265873325067456,-0.5202725647997701,-0.6429312980504447,-0.12265873325067456
30000,3,group_downward_g,1.9561015339343737,1.8821929774773973,-0.07390855645697636,1.2403333502085028,1.1664247937515264,-0.07390855645697636
30000,4,group_downward_g,1.9478819672814225,1.7287779227922961,-0.21910404448912635,1.223963536675833,1.0048594921867067,-0.21910404448912635
30000,5,group_downward_g,1.321953316655636,1.3135394411959582,-0.008413875459677866,0.11058683667614577,0.1021729612164679,-0.008413875459677866
30000,6,group_downward_g,2.593321485075619,2.0060538144729767,-0.5872676706026425,0.8726693631619458,0.28540169255930325,-0.5872676706026425
30000,7,group_downward_g,2.2789967280465646,1.6047354605363795,-0.6742612675101851,0.7469319333360898,0.07267066582590465,-0.6742612675101851
30000,8,group_downward_g,1.8184824267293014,3.1406117378065344,1.322129311077233,0.16742216844564184,1.4895514795228748,1.322129311077233
30000,9,group_downward_g,3.395778064422659,1.7248051945479537,-1.6709728698747055,1.1272376667693638,-0.5437352031053417,-1.6709728698747055
30000,10,group_downward_g,2.0546170098982217,1.930148143398048,-0.12446886650017364,1.0697125164728472,0.9452436499726735,-0.12446886650017364
30000,11,group_downward_g,1.935603255920428,1.488703916236226,-0.4468993396842018,-1.0068388564637814,-1.4537381961479832,-0.4468993396842018
30000,12,group_downward_g,2.678311066151048,2.1883891895295458,-0.48992187662150233,0.7618320644119991,0.2719101877904968,-0.48992187662150233
30000,13,group_downward_g,2.7772032556003925,1.8708392040385227,-0.9063640515618698,-0.021096652142553296,-0.9274607037044231,-0.9063640515618698
30000,14,group_downward_g,1.4055633824973088,2.16516080404858,0.7595974215512711,-0.02822632605357711,0.731371095497694,0.7595974215512711
30000,15,group_downward_g,1.3920610903102508,1.4916527437876372,0.09959165347738641,-0.12834004369523733,-0.028748390217850917,0.09959165347738641
30000,16,group_downward_g,1.4597679669563095,2.1709799837934654,0.7112120168371558,-0.31114535474451666,0.4000666620926392,0.7112120168371558
30000,17,group_downward_g,1.5721894066537856,0.5834209707796614,-0.9887684358741242,-0.5209231998531529,-1.5096916357272772,-0.9887684358741242
30000,18,group_downward_g,2.2151552943087083,2.3614828366317684,0.1463275423230601,0.6131881023135084,0.7595156446365685,0.1463275423230601
30000,19,group_downward_g,1.3180058919502229,1.4005122714573424,0.08250637950711948,-0.6263409311829027,-0.5438345516757832,0.08250637950711948
30000,20,group_downward_g,2.5162752471980667,2.398662891034641,-0.11761235616342569,0.752612807847246,0.6350004516838204,-0.11761235616342569
30000,21,group_downward_g,1.465432037195801,1.2676811256222469,-0.19775091157355407,0.16367665439988777,-0.0340742571736663,-0.19775091157355407
30000,22,group_downward_g,2.582837354006144,2.0467965923924583,-0.5360407616136857,0.7016901766965236,0.16564941508283781,-0.5360407616136857
30000,23,group_downward_g,1.4839547817960301,2.2337016631101463,0.7497468813141162,-1.0764266067328558,-0.3266797254187397,0.7497468813141162
30000,24,group_downward_g,1.837458261109575,2.1365864762036884,0.29912821509411325,-0.5463420657227616,-0.2472138506286483,0.29912821509411325
30000,25,group_downward_g,3.13947365883194,2.0762503007710706,-1.0632233580608692,1.8671538668513532,0.803930508790484,-1.0632233580608692
30000,26,group_downward_g,1.183154289592089,2.8258118677677024,1.6426575781756134,-0.4586489253087902,1.1840086528668232,1.6426575781756134
30000,27,group_downward_g,1.9277876020310316,1.9716889420884351,0.04390134005740354,-0.5732086558246818,-0.5293073157672783,0.04390134005740354
30000,28,group_downward_g,2.0800346790284006,2.8245829365197848,0.7445482574913842,0.6579995597565618,1.402547817247946,0.7445482574913842
30000,29,group_downward_g,1.6788609217104096,0.8279385909732893,-0.8509223307371203,0.45991846608939424,-0.3910038646477261,-0.8509223307371203
30000,30,group_downward_g,2.6321830831082247,2.875415470651223,0.24323238754299847,0.34001809091826507,0.5832504784612635,0.24323238754299847
36000,1,group_downward_g,1.996974392328712,1.5416228698485503,-0.45535152248016164,0.23925819249792646,-0.21609332998223518,-0.45535152248016164
36000,2,group_downward_g,1.741266832829178,1.454662138018019,-0.28660469481115913,-0.2231002242389084,-0.5097049190500675,-0.28660469481115913
36000,3,group_downward_g,1.8976526625174257,1.883031376383936,-0.014621286133489786,1.1818844787915546,1.1672631926580648,-0.014621286133489786
36000,4,group_downward_g,2.039897235817397,2.4113952755704924,0.37149803975309537,1.3159788052118075,1.687476844964903,0.37149803975309537
36000,5,group_downward_g,2.071133768092364,1.7776114480861867,-0.2935223200061774,0.8597672881128737,0.5662449681066963,-0.2935223200061774
36000,6,group_downward_g,3.0511020735030505,2.357758913965267,-0.6933431595377835,1.330449951589377,0.6371067920515936,-0.6933431595377835
36000,7,group_downward_g,1.4541729982512805,2.4652049974076764,1.0110319991563959,-0.0778917964591943,0.9331402026972015,1.0110319991563959
36000,8,group_downward_g,2.4136990750518637,2.571755356450491,0.15805628139862726,0.7626388167682041,0.9206950981668314,0.15805628139862726
36000,9,group_downward_g,2.4989973895517545,1.8821601518399869,-0.6168372377117677,0.23045699189845914,-0.38638024581330854,-0.6168372377117677
36000,10,group_downward_g,1.5008636115254914,2.0392486131598133,0.5383850016343219,0.5159591181001169,1.0543441197344388,0.5383850016343219
36000,11,group_downward_g,2.462875248370771,1.5058487758797816,-0.9570264724909894,-0.4795668640134383,-1.4365933365044277,-0.9570264724909894
36000,12,group_downward_g,2.376012866285711,2.10153359847975,-0.2744792678059609,0.459533864546662,0.18505459674070113,-0.2744792678059609
36000,13,group_downward_g,2.968233955551893,2.7913703058023858,-0.17686364974950708,0.16993404780894705,-0.006929601940560026,-0.17686364974950708
36000,14,group_downward_g,1.61863985040426,2.270551969054473,0.6519121186502128,0.18485014185337412,0.8367622605035869,0.6519121186502128
36000,15,group_downward_g,1.6807016235581216,1.8321648057727327,0.15146318221461108,0.16030048955263343,0.3117636717672445,0.15146318221461108
36000,16,group_downward_g,1.665075979861475,1.757928379768734,0.09285239990725902,-0.10583734183935123,-0.012984941932092209,0.09285239990725902
36000,17,group_downward_g,1.201515257310035,1.6893678104550038,0.4878525531449689,-0.8915973491969036,-0.4037447960519347,0.4878525531449689
36000,18,group_downward_g,1.4133705205880438,1.8114565581517363,0.39808603756369254,-0.18859667140715608,0.20948936615653646,0.39808603756369254
36000,19,group_downward_g,1.5759631677038688,1.8282893490759666,0.25232618137209784,-0.3683836554292568,-0.11605747405715894,0.25232618137209784
36000,20,group_downward_g,1.9093733407615041,2.503674173981854,0.5943008332203499,0.14571090141068344,0.7400117346310333,0.5943008332203499
36000,21,group_downward_g,1.14199054070306,2.043101561419202,0.9011110207161419,-0.15976484209285324,0.7413461786232887,0.9011110207161419
36000,22,group_downward_g,1.8350400141880003,1.9587285511716668,0.12368853698366644,-0.04610716312162011,0.07758137386204633,0.12368853698366644
36000,23,group_downward_g,1.9333624528599336,2.0821403047348914,0.14877785187495784,-0.6270189356689524,-0.47824108379399455,0.14877785187495784
36000,24,group_downward_g,1.492665191596371,2.5398438366929907,1.0471786450966198,-0.8911351352359658,0.15604350986065407,1.0471786450966198
36000,25,group_downward_g,1.820616385167861,2.3696395839892728,0.5490231988214118,0.5482965931872743,1.0973197920086861,0.5490231988214118
36000,26,group_downward_g,2.1831243492757815,2.931058642185663,0.7479342929098816,0.5413211343749023,1.2892554272847838,0.7479342929098816
36000,27,group_downward_g,1.0317979753845439,1.7574921996591848,0.7256942242746409,-1.4691982824711696,-0.7435040581965286,0.7256942242746409
36000,28,group_downward_g,2.0429064761792803,3.155654623473902,1.1127481472946217,0.6208713569074416,1.7336195042020632,1.1127481472946217
36000,29,group_downward_g,2.2677516532239705,0.694085220884631,-1.5736664323393397,1.0488091976029552,-0.5248572347363843,-1.5736664323393397
36000,30,group_downward_g,2.296778665335208,1.9511658655769026,-0.3456127997583054,0.004613673145248409,-0.340999126613057,-0.3456127997583054
42000,1,group_downward_g,1.253761664624589,1.8848075584907473,0.6310458938661583,-0.5039545352061965,0.1270913586599618,0.6310458938661583
42000,2,group_downward_g,1.4699334292078863,2.6019777735929743,1.132044344385088,-0.4944336278602002,0.6376107165248879,1.132044344385088
42000,3,group_downward_g,1.2309899486145868,1.338812535852513,0.10782258723792615,0.5152217648887157,0.6230443521266419,0.10782258723792615
42000,4,group_downward_g,2.372003466042928,2.7145874375436927,0.3425839715007646,1.6480850354373386,1.9906690069381032,0.3425839715007646
42000,5,group_downward_g,1.7093486331705785,1.2936026289444846,-0.41574600422609387,0.4979821531910882,0.08223614896499432,-0.41574600422609387
42000,6,group_downward_g,2.3135229113840037,2.0277757520923894,-0.2857471592916143,0.5928707894703302,0.3071236301787159,-0.2857471592916143
42000,7,group_downward_g,0.9004835538440528,1.9164015813044686,1.0159180274604158,-0.6315812408664221,0.38433678659399373,1.0159180274604158
42000,8,group_downward_g,1.5613638544712396,1.9628155481061187,0.4014516936348791,-0.08969640381241994,0.31175528982245915,0.4014516936348791
42000,9,group_downward_g,2.099522754583494,1.9690423251085587,-0.1304804294749351,-0.1690176430698016,-0.2994980725447367,-0.1304804294749351
42000,10,group_downward_g,1.7786995577299605,2.4145211064462395,0.635821548716279,0.7937950643045859,1.429616613020865,0.635821548716279
42000,11,group_downward_g,2.113017513044069,3.4798846936639745,1.3668671806199053,-0.8294245993401401,0.5374425812797652,1.3668671806199053
42000,12,group_downward_g,2.429059932598757,2.6105095564041134,0.18144962380535645,0.512580930859708,0.6940305546650645,0.18144962380535645
42000,13,group_downward_g,2.9399358053259954,2.715323786919405,-0.2246120184065905,0.14163589758304962,-0.08297612082354089,-0.2246120184065905
42000,14,group_downward_g,2.22412389379949,2.3427035030269234,0.11857960922743338,0.7903341852486041,0.9089137944760375,0.11857960922743338
42000,15,group_downward_g,1.7747312853265136,1.8758299336487678,0.10109864832225424,0.25433015132102543,0.35542879964327967,0.10109864832225424
42000,16,group_downward_g,1.8410834872486386,2.600692135442629,0.7596086481939905,0.07017016554781241,0.829778813741803,0.7596086481939905
42000,17,group_downward_g,1.4761129424178612,1.5939700333890445,0.11785709097118335,-0.6169996640890774,-0.499142573117894,0.11785709097118335
42000,18,group_downward_g,1.7314186885411118,2.706506668837992,0.9750879802968804,0.12945149654591193,1.1045394768427923,0.9750879802968804
42000,19,group_downward_g,1.967627014704358,1.7337794613922868,-0.2338475533120712,0.0232801915712324,-0.2105673617408388,-0.2338475533120712
42000,20,group_downward_g,2.2054706620662854,2.3957133301421347,0.19024266807584933,0.4418082227154647,0.632050890791314,0.19024266807584933
42000,21,group_downward_g,1.8830373580060535,2.7829981063066684,0.8999607483006149,0.5812819752101404,1.4812427235107553,0.8999607483006149
42000,22,group_downward_g,2.5468065090059713,2.380850426515236,-0.16595608249073512,0.6656593316963508,0.4997032492056157,-0.16595608249073512
42000,23,group_downward_g,1.994038274301138,2.6804850009307035,0.6864467266295655,-0.566343114227748,0.12010361240181755,0.6864467266295655
42000,24,group_downward_g,1.9231120874918928,1.5821017682492464,-0.34101031924264635,-0.4606882393404439,-0.8016985585830902,-0.34101031924264635
42000,25,group_downward_g,2.356027480406781,2.1600646248198365,-0.1959628555869446,1.0837076884261945,0.8877448328392499,-0.1959628555869446
42000,26,group_downward_g,2.5410211012870505,2.7906338851398655,0.24961278385281505,0.8992178863861713,1.1488306702389863,0.24961278385281505
42000,27,group_downward_g,1.047369774209356,1.272814369357181,0.225444595147825,-1.4536264836463575,-1.2281818884985325,0.225444595147825
42000,28,group_downward_g,1.584496740905688,2.3695547775977657,0.7850580366920776,0.16246162163384925,0.9475196583259269,0.7850580366920776
42000,29,group_downward_g,2.2442813124678933,1.105430178507789,-1.1388511339601044,1.025338856846878,-0.11351227711322642,-1.1388511339601044
42000,30,group_downward_g,2.365178697461094,2.10382764153234,-0.26135105592875396,0.07301370527113438,-0.18833735065761958,-0.26135105592875396
48000,1,group_downward_g,1.2871286669313826,2.6765973696336203,1.3894687027022377,-0.4705875328994029,0.9188811698028347,1.3894687027022377
48000,2,group_downward_g,1.0409725306520081,2.46510799986927,1.424135469217262,-0.9233945264160783,0.5007409428011838,1.424135469217262
48000,3,group_downward_g,1.7854020505382047,0.7928839342781151,-0.9925181162600896,1.0696338668123335,0.07711575055224407,-0.9925181162600895
48000,4,group_downward_g,2.3018184494543057,2.8258087148913162,0.5239902654370105,1.5779000188487162,2.1018902842857266,0.5239902654370103
48000,5,group_downward_g,1.8001111259733924,1.8327860582135878,0.032674932240195353,0.5887446459939021,0.6214195782340974,0.032674932240195353
48000,6,group_downward_g,2.901975837443934,2.4968049467420057,-0.40517089070192824,1.1813237155302605,0.7761528248283323,-0.40517089070192824
48000,7,group_downward_g,1.4621969831661472,2.989384696339856,1.5271877131737086,-0.06986781154432764,1.457319901629381,1.5271877131737086
48000,8,group_downward_g,1.8560488128174168,1.553389011999331,-0.30265980081808586,0.2049885545337573,-0.09767124628432855,-0.30265980081808586
48000,9,group_downward_g,2.283406218679585,2.2526776455729727,-0.030728573106612256,0.014865821026289527,-0.01586275208032273,-0.030728573106612256
48000,10,group_downward_g,2.040642040888329,2.3432404221380465,0.3025983812497177,1.0557375474629542,1.358335928712672,0.3025983812497177
48000,11,group_downward_g,1.861919477476111,2.2386406396046614,0.37672116212855045,-1.0805226349080983,-0.7038014727795479,0.37672116212855045
48000,12,group_downward_g,2.289837540365161,2.678747112150809,0.3889095717856481,0.373358538626112,0.7622681104117601,0.3889095717856481
48000,13,group_downward_g,1.6208921447083746,2.822784134138581,1.2018919894302065,-1.1774077630345712,0.0244842263956353,1.2018919894302065
48000,14,group_downward_g,1.6666819212037343,2.1357925674188993,0.4691106462151651,0.23289221265284832,0.7020028588680134,0.4691106462151651
48000,15,group_downward_g,1.8406061124741266,2.4045143489659493,0.5639082364918226,0.3202049784686385,0.8841132149604611,0.5639082364918226
48000,16,group_downward_g,1.5049991273485104,2.7676134095935097,1.2626142822449993,-0.2659141943523158,0.9967000878926835,1.2626142822449993
48000,17,group_downward_g,1.0868361006616034,1.4953366438162443,0.4085005431546409,-1.0062765058453351,-0.5977759626906942,0.4085005431546409
48000,18,group_downward_g,2.1130522798254394,2.4735670697051564,0.36051478987971697,0.5110850878302395,0.8715998777099565,0.36051478987971697
48000,19,group_downward_g,2.1452253141720496,1.983659992675319,-0.16156532149673075,0.20087849103892408,0.03931316954219333,-0.16156532149673075
48000,20,group_downward_g,2.1495599938594143,2.089469034492677,-0.06009095936673736,0.38589755450859364,0.3258065951418563,-0.06009095936673736
48000,21,group_downward_g,1.1831221222757344,2.4016109548589344,1.2184888325832,-0.11863326052017875,1.0998555720630212,1.2184888325832
48000,22,group_downward_g,1.5746844516902023,1.9202940307737215,0.3456095790835192,-0.3064627256194181,0.03914685346410107,0.3456095790835192
48000,23,group_downward_g,2.362325126981427,3.1691517139626217,0.8068265869811948,-0.19805626154745903,0.6087703254337358,0.8068265869811948
48000,24,group_downward_g,1.8608231518876437,2.3749154576134455,0.5140923057258018,-0.522977174944693,-0.0088848692188912,0.5140923057258018
48000,25,group_downward_g,2.266770790224662,1.6464835121017913,-0.6202872781228705,0.9944509982440752,0.3741637201212047,-0.6202872781228705
48000,26,group_downward_g,2.6091415100297124,2.916890707901226,0.30774919787151367,0.9673382951288332,1.2750874930003468,0.30774919787151367
48000,27,group_downward_g,0.8424301642599924,1.6234505349122015,0.7810203706522091,-1.658566093595721,-0.877545722943512,0.781020370652209
48000,28,group_downward_g,1.3082739181524805,2.9282559973975237,1.6199820792450432,-0.11376120111935828,1.506220878125685,1.6199820792450432
48000,29,group_downward_g,1.4914175590092908,1.5813836299540847,0.08996607094479381,0.2724751033882755,0.3624411743330693,0.08996607094479381
48000,30,group_downward_g,2.1400574322134833,2.6961048723860213,0.5560474401725379,-0.1521075599764763,0.40393988019606164,0.5560474401725379
12000,1,group_part_driven_g,0.0774502927028769,0.0774502927028769,0.0,0.0,0.0,0.0
12000,2,group_part_driven_g,0.1047649111867553,0.1047649111867553,0.0,0.0,0.0,0.0
12000,3,group_part_driven_g,0.036862334047276346,0.036862334047276346,0.0,0.0,0.0,0.0
12000,4,group_part_driven_g,0.05588874108975739,0.05588874108975739,0.0,0.0,0.0,0.0
12000,5,group_part_driven_g,0.06046823029796611,0.06046823029796611,0.0,0.0,0.0,0.0
12000,6,group_part_driven_g,0.07690000895868754,0.07690000895868754,0.0,0.0,0.0,0.0
12000,7,group_part_driven_g,0.11400525766479058,0.11400525766479058,0.0,0.0,0.0,0.0
12000,8,group_part_driven_g,0.036673091319238904,0.036673091319238904,0.0,0.0,0.0,0.0
12000,9,group_part_driven_g,0.08319083257497267,0.08319083257497267,0.0,0.0,0.0,0.0
12000,10,group_part_driven_g,0.0802785349758176,0.0802785349758176,0.0,0.0,0.0,0.0
12000,11,group_part_driven_g,0.0813242654591223,0.0813242654591223,0.0,0.0,0.0,0.0
12000,12,group_part_driven_g,0.09879227336218621,0.09879227336218621,0.0,0.0,0.0,0.0
12000,13,group_part_driven_g,0.07405173967502204,0.07405173967502204,0.0,0.0,0.0,0.0
12000,14,group_part_driven_g,0.08586522308579808,0.08586522308579808,0.0,0.0,0.0,0.0
12000,15,group_part_driven_g,0.06909820628048025,0.06909820628048025,0.0,0.0,0.0,0.0
12000,16,group_part_driven_g,0.12224048006786925,0.12224048006786925,0.0,0.0,0.0,0.0
12000,17,group_part_driven_g,0.08364496727776038,0.08364496727776038,0.0,0.0,0.0,0.0
12000,18,group_part_driven_g,0.05583148697581669,0.05583148697581669,0.0,0.0,0.0,0.0
12000,19,group_part_driven_g,0.05883897491764911,0.05883897491764911,0.0,0.0,0.0,0.0
12000,20,group_part_driven_g,0.07845835340505292,0.07845835340505292,0.0,0.0,0.0,0.0
12000,21,group_part_driven_g,0.06216910253905927,0.06216910253905927,0.0,0.0,0.0,0.0
12000,22,group_part_driven_g,0.10815103694854103,0.10815103694854103,0.0,0.0,0.0,0.0
12000,23,group_part_driven_g,0.0659234165024265,0.0659234165024265,0.0,0.0,0.0,0.0
12000,24,group_part_driven_g,0.08120136000186262,0.08120136000186262,0.0,0.0,0.0,0.0
12000,25,group_part_driven_g,0.06592493200343053,0.06592493200343053,0.0,0.0,0.0,0.0
12000,26,group_part_driven_g,0.07270169074952748,0.07270169074952748,0.0,0.0,0.0,0.0
12000,27,group_part_driven_g,0.0920824231608185,0.0920824231608185,0.0,0.0,0.0,0.0
12000,28,group_part_driven_g,0.09169668513956675,0.09169668513956675,0.0,0.0,0.0,0.0
12000,29,group_part_driven_g,0.060995237723307616,0.060995237723307616,0.0,0.0,0.0,0.0
12000,30,group_part_driven_g,0.12458969118440633,0.12458969118440633,0.0,0.0,0.0,0.0
18000,1,group_part_driven_g,0.08788631851011997,0.04426519621101721,-0.043621122299102755,0.010436025807243066,-0.03318509649185969,-0.043621122299102755
18000,2,group_part_driven_g,0.03762821901040192,0.06913978056194658,0.031511561551544665,-0.06713669217635337,-0.03562513062480871,0.031511561551544665
18000,3,group_part_driven_g,0.08537522004836162,0.039018385070309414,-0.04635683497805221,0.048512886001085276,0.0021560510230330676,-0.04635683497805221
18000,4,group_part_driven_g,0.06962433084877429,0.07994311501739826,0.010318784168623973,0.013735589759016897,0.02405437392764087,0.010318784168623973
18000,5,group_part_driven_g,0.07326316793201432,0.09974803167185786,0.026484863739843545,0.012794937634048209,0.039279801373891754,0.026484863739843545
18000,6,group_part_driven_g,0.1294292891889265,0.060423786079200625,-0.06900550310972586,0.05252928023023895,-0.016476222879486913,-0.06900550310972586
18000,7,group_part_driven_g,0.04431130366796454,0.036327103740596,-0.00798419992736854,-0.06969395399682604,-0.07767815392419458,-0.00798419992736854
18000,8,group_part_driven_g,0.14252110900321335,0.07145043006088014,-0.07107067894233321,0.10584801768397445,0.03477733874164124,-0.07107067894233321
18000,9,group_part_driven_g,0.08662808334682082,0.08946762766483601,0.002839544318015197,0.0034372507718481438,0.006276795089863341,0.002839544318015197
18000,10,group_part_driven_g,0.07521713799918511,0.08347810130593741,0.0082609633067523,-0.005061396976632493,0.0031995663301198074,0.0082609633067523
18000,11,group_part_driven_g,0.06742780148900912,0.06813456690987235,0.0007067654208632312,-0.013896463970113182,-0.01318969854924995,0.0007067654208632312
18000,12,group_part_driven_g,0.0948205256983774,0.035861351020956556,-0.058959174677420845,-0.003971747663808811,-0.06293092234122966,-0.058959174677420845
18000,13,group_part_driven_g,0.047821772578192645,0.055302872738986264,0.007481100160793619,-0.0262299670968294,-0.01874886693603578,0.007481100160793619
18000,14,group_part_driven_g,0.09373157768572715,0.1293750195292418,0.035643441843514645,0.00786635459992907,0.043509796443443716,0.035643441843514645
18000,15,group_part_driven_g,0.05538540993762514,0.06931721668285329,0.013931806745228148,-0.013712796342855105,0.00021901040237304326,0.013931806745228148
18000,16,group_part_driven_g,0.09147695724189908,0.046005633509551,-0.04547132373234808,-0.03076352282597017,-0.07623484655831825,-0.04547132373234808
18000,17,group_part_driven_g,0.07283356705984306,0.06335697989096578,-0.009476587168877282,-0.010811400217917322,-0.020287987386794604,-0.009476587168877282
18000,18,group_part_driven_g,0.05325116901631888,0.05951400359187087,0.00626283457555199,-0.002580317959497813,0.0036825166160541767,0.00626283457555199
18000,19,group_part_driven_g,0.05177670494607056,0.04682332196707151,-0.004953382978999055,-0.00706226997157855,-0.012015652950577604,-0.004953382978999055
18000,20,group_part_driven_g,0.07177095272780143,0.07562041696424537,0.0038494642364439446,-0.006687400677251487,-0.0028379364408075425,0.0038494642364439446
18000,21,group_part_driven_g,0.1232735614802063,0.0698242413187144,-0.0534493201614919,0.06110445894114702,0.007655138779655124,-0.0534493201614919
18000,22,group_part_driven_g,0.015394555954868272,0.06856575791298986,0.05317120195812158,-0.09275648099367276,-0.039585279035551174,0.05317120195812158
18000,23,group_part_driven_g,0.07671889876641913,0.11250248690474007,0.03578358813832094,0.010795482263992628,0.04657907040231357,0.03578358813832094
18000,24,group_part_driven_g,0.06856502428616507,0.06954046055422058,0.0009754362680555184,-0.012636335715697555,-0.011660899447642037,0.0009754362680555184
18000,25,group_part_driven_g,0.09639087698948368,0.04539400801210258,-0.050996868977381093,0.03046594498605315,-0.020530923991327943,-0.050996868977381093
18000,26,group_part_driven_g,0.06774313307282209,0.06017656844176816,-0.007566564631053929,-0.0049585576767053885,-0.012525122307759318,-0.007566564631053929
18000,27,group_part_driven_g,0.09164872450541262,0.16935475139976386,0.07770602689435124,-0.0004336986554058786,0.07727232823894536,0.07770602689435124
18000,28,group_part_driven_g,0.03947396693194338,0.09778456944337244,0.058310602511429055,-0.052222718207623364,0.006087884303805691,0.058310602511429055
18000,29,group_part_driven_g,0.05708594243033416,0.04540941720085012,-0.011676525229484036,-0.003909295292973458,-0.015585820522457494,-0.011676525229484036
18000,30,group_part_driven_g,0.036835187193028585,0.10865806505044395,0.07182287785741537,-0.08775450399137774,-0.015931626133962373,0.07182287785741537
24000,1,group_part_driven_g,0.06672464109432036,0.030414595798332722,-0.036310045295987636,-0.010725651608556541,-0.04703569690454418,-0.036310045295987636
24000,2,group_part_driven_g,0.03625660781348772,0.05399566163476699,0.01773905382127927,-0.06850830337326758,-0.050769249551988305,0.01773905382127927
24000,3,group_part_driven_g,0.055000521652602274,0.011979855547431306,-0.04302066610517097,0.01813818760532593,-0.02488247849984504,-0.04302066610517097
24000,4,group_part_driven_g,0.0651483585189151,0.06296166590320823,-0.0021866926157068645,0.009259617429157707,0.007072924813450843,-0.0021866926157068645
24000,5,group_part_driven_g,0.042569523010107746,0.07053539110434348,0.027965868094235735,-0.017898707287858362,0.010067160806377373,0.027965868094235735
24000,6,group_part_driven_g,0.09936187804377689,0.064194864810446,-0.03516701323333088,0.022461869085089348,-0.012705144148241532,-0.03516701323333088
24000,7,group_part_driven_g,0.04467912171212485,0.10711083916989295,0.0624317174577681,-0.06932613595266574,-0.006894418494897636,0.0624317174577681
24000,8,group_part_driven_g,0.04395287944253323,0.04448564698172164,0.0005327675391884057,0.0072797881232943285,0.007812555662482734,0.0005327675391884057
24000,9,group_part_driven_g,0.03329614164137559,0.09746921615644,0.0641730745150644,-0.04989469093359708,0.014278383581467324,0.0641730745150644
24000,10,group_part_driven_g,0.06227484173240633,0.08668464364742912,0.02440980191502279,-0.01800369324341128,0.00640610867161151,0.02440980191502279
24000,11,group_part_driven_g,0.04702565352372956,0.06511536555227515,0.01808971202854559,-0.03429861193539274,-0.016208899906847152,0.01808971202854559
24000,12,group_part_driven_g,0.05392948180444368,0.04626421772249445,-0.00766526408194923,-0.04486279155774253,-0.05252805563969176,-0.00766526408194923
24000,13,group_part_driven_g,0.08624916240489722,0.060574769145866236,-0.02567439325903098,0.012197422729875174,-0.013476970529155807,-0.02567439325903098
24000,14,group_part_driven_g,0.06715434056093106,0.053220750609286216,-0.013933589951644842,-0.018710882524867023,-0.032644472476511865,-0.013933589951644842
24000,15,group_part_driven_g,0.07010730318904329,0.0729894167901961,0.0028821136011528137,0.0010090969085630452,0.003891210509715859,0.0028821136011528137
24000,16,group_part_driven_g,0.07094817279149335,0.0595942061996686,-0.011353966591824749,-0.051292307276375904,-0.06264627386820065,-0.011353966591824749
24000,17,group_part_driven_g,0.09781504623291382,0.03559174270704896,-0.06222330352586486,0.014170078955153431,-0.04805322457071143,-0.06222330352586486
24000,18,group_part_driven_g,0.06023540033943098,0.08001303867973342,0.01977763834030244,0.004403913363614287,0.024181551703916726,0.01977763834030244
24000,19,group_part_driven_g,0.040614728565779856,0.06536123558809237,0.024746507022312514,-0.018224246351869255,0.006522260670443258,0.024746507022312514
24000,20,group_part_driven_g,0.03948033495028758,0.0659565236549165,0.026476188704628922,-0.03897801845476534,-0.012501829750136417,0.026476188704628922
24000,21,group_part_driven_g,0.048213919279830986,0.07542965677420388,0.027215737494372894,-0.013955183259228288,0.013260554235144606,0.027215737494372894
24000,22,group_part_driven_g,0.06981037132823864,0.12479647575684205,0.05498610442860341,-0.03834066562030239,0.016645438808301022,0.05498610442860341
24000,23,group_part_driven_g,0.033094186938677495,0.07568615199021844,0.04259196505154095,-0.03282922956374901,0.00976273548779194,0.04259196505154095
24000,24,group_part_driven_g,0.04189973357279625,0.0601401814861493,0.018240447913353053,-0.03930162642906637,-0.02106117851571332,0.018240447913353053
24000,25,group_part_driven_g,0.08741964444948758,0.03680666271933941,-0.050612981730148165,0.02149471244605705,-0.029118269284091114,-0.050612981730148165
24000,26,group_part_driven_g,0.0692352956467871,0.08068750422186621,0.011452208575079115,-0.0034663951027403828,0.007985813472338732,0.011452208575079115
24000,27,group_part_driven_g,0.13078975057689013,0.07743011436594616,-0.05335963621094397,0.038707327416071635,-0.014652308794872337,-0.05335963621094397
24000,28,group_part_driven_g,0.08709325036495452,0.07267120739183952,-0.014422042973115001,-0.004603434774612225,-0.019025477747727226,-0.014422042973115001
24000,29,group_part_driven_g,0.04652375372161616,0.08559663345338314,0.039072879731766985,-0.01447148400169146,0.024601395730075526,0.039072879731766985
24000,30,group_part_driven_g,0.058922680778386916,0.08840191823270727,0.02947923745432035,-0.06566701040601941,-0.03618777295169906,0.02947923745432035
30000,1,group_part_driven_g,0.08827623929734929,0.07924607059262856,-0.009030168704720731,0.010825946594472391,0.0017957778897516596,-0.009030168704720731
30000,2,group_part_driven_g,0.07763196824008245,0.05574312404387827,-0.021888844196204182,-0.027132942946672844,-0.04902178714287703,-0.021888844196204182
30000,3,group_part_driven_g,0.08822761461013379,0.18033224029681122,0.09210462568667743,0.05136528056285744,0.14346990624953487,0.09210462568667743
30000,4,group_part_driven_g,0.07288182074869476,0.06927358070278555,-0.0036082400459092057,0.01699307965893737,0.013384839613028165,-0.0036082400459092057
30000,5,group_part_driven_g,0.04958033210375379,0.07999874273702556,0.030418410633271775,-0.01088789819421232,0.019530512439059455,0.030418410633271775
30000,6,group_part_driven_g,0.0828197758612077,0.09046074568889056,0.007640969827682864,0.005919766902520163,0.013560736730203027,0.007640969827682864
30000,7,group_part_driven_g,0.050824368878625625,0.05916201176944769,0.008337642890822061,-0.06318088878616496,-0.054843245895342896,0.008337642890822061
30000,8,group_part_driven_g,0.04871913952917484,0.10778381849609997,0.05906467896692513,0.012046048209935933,0.07111072717686107,0.05906467896692513
30000,9,group_part_driven_g,0.06694230360838127,0.034143282513627526,-0.032799021094753744,-0.016248528966591402,-0.049047550061345146,-0.032799021094753744
30000,10,group_part_driven_g,0.09443275000219276,0.06259908203371545,-0.03183366796847731,0.01415421502637515,-0.01767945294210216,-0.03183366796847731
30000,11,group_part_driven_g,0.05666104656849669,0.07120689558193305,0.014545849013436363,-0.024663218890625616,-0.010117369877189253,0.014545849013436363
30000,12,group_part_driven_g,0.09829815136794051,0.1049053600985661,0.006607208730625591,-0.0004941219942456998,0.006113086736379891,0.006607208730625591
30000,13,group_part_driven_g,0.06646921438978992,0.0579041664786607,-0.00856504791112922,-0.007582525285232122,-0.016147573196361342,-0.00856504791112922
30000,14,group_part_driven_g,0.10143820585981794,0.11042853351137172,0.008990327651553776,0.015572982774019861,0.024563310425573637,0.008990327651553776
30000,15,group_part_driven_g,0.051037700555296384,0.07472042073680452,0.023682720181508132,-0.018060505725183862,0.00562221445632427,0.023682720181508132
30000,16,group_part_driven_g,0.051725467522844015,0.0782370050917145,0.02651153756887048,-0.07051501254502524,-0.044003474976154755,0.02651153756887048
30000,17,group_part_driven_g,0.08065900621300431,0.03971654523541057,-0.04094246097759374,-0.002985961064756071,-0.04392842204234981,-0.04094246097759374
30000,18,group_part_driven_g,0.09178003728437245,0.050071363805740066,-0.041708673478632385,0.03594855030855576,-0.005760123170076625,-0.041708673478632385
30000,19,group_part_driven_g,0.0772308632507569,0.04440538734619659,-0.03282547590456031,0.018391888333107786,-0.014433587571452522,-0.03282547590456031
30000,20,group_part_driven_g,0.04555974285519315,0.07535814513830119,0.02979840228310804,-0.032898610549859764,-0.003100208266751725,0.02979840228310804
30000,21,group_part_driven_g,0.045575962628056244,0.0846593998057168,0.03908343717766055,-0.01659313991100303,0.022490297266657522,0.03908343717766055
30000,22,group_part_driven_g,0.0655835157447811,0.09891434519943382,0.03333082945465271,-0.04256752120375992,-0.009236691749107212,0.03333082945465271
30000,23,group_part_driven_g,0.07036298782764394,0.0490709724576438,-0.02129201537000014,0.00443957132521744,-0.0168524440447827,-0.02129201537000014
30000,24,group_part_driven_g,0.08215381727468618,0.06344662689540614,-0.018707190379280036,0.0009524572728235592,-0.017754733106456477,-0.018707190379280036
30000,25,group_part_driven_g,0.05207696865475886,0.08658007407873203,0.03450310542397317,-0.013847963348671666,0.020655142075301502,0.03450310542397317
30000,26,group_part_driven_g,0.03171259520997349,0.1068641475249954,0.07515155231502191,-0.04098909553955399,0.03416245677546792,0.07515155231502191
30000,27,group_part_driven_g,0.06449675169742697,0.06764906101207913,0.0031523093146521575,-0.027585671463391526,-0.024433362148739368,0.0031523093146521575
30000,28,group_part_driven_g,0.05283111011613262,0.061291508933251304,0.008460398817118686,-0.03886557502343413,-0.030405176206315443,0.008460398817118686
30000,29,group_part_driven_g,0.0908793898382746,0.05635477791507004,-0.03452461192320455,0.029884152114966978,-0.004640459808237574,-0.03452461192320455
30000,30,group_part_driven_g,0.06143073890236661,0.19726140270795178,0.13583066380558517,-0.06315895228203972,0.07267171152354546,0.13583066380558517
36000,1,group_part_driven_g,0.06796023118925887,0.02756524195845339,-0.04039498923080548,-0.009490061513618031,-0.04988505074442351,-0.04039498923080548
36000,2,group_part_driven_g,0.05277085843549606,0.04551567214054564,-0.007255186294950422,-0.051994052751259234,-0.059249239046209656,-0.007255186294950422
36000,3,group_part_driven_g,0.1242005650878466,0.07514692212869001,-0.049053642959156596,0.08733823104057026,0.03828458808141366,-0.049053642959156596
36000,4,group_part_driven_g,0.07911566657249292,0.09264319598919757,0.013527529416704653,0.023226925482735528,0.03675445489944018,0.013527529416704653
36000,5,group_part_driven_g,0.07534439562617623,0.07331946853993893,-0.0020249270862373048,0.014876165328210122,0.012851238241972818,-0.0020249270862373048
36000,6,group_part_driven_g,0.07548688068371384,0.07486463612309352,-0.000622244560620322,-0.0014131282749736962,-0.002035372835594018,-0.000622244560620322
36000,7,group_part_driven_g,0.061191994289498564,0.052290466866726726,-0.008901527422771838,-0.05281326337529202,-0.06171479079806386,-0.008901527422771838
36000,8,group_part_driven_g,0.059780147793447425,0.09030299610510023,0.030522848311652806,0.02310705647420852,0.053629904785861326,0.030522848311652806
36000,9,group_part_driven_g,0.04060943956931337,0.1012541530554184,0.060644713486105034,-0.0425813930056593,0.018063320480445733,0.060644713486105034
36000,10,group_part_driven_g,0.08540202977928368,0.04795870924980805,-0.03744332052947563,0.005123494803466078,-0.032319825726009555,-0.03744332052947563
36000,11,group_part_driven_g,0.07353503776676606,0.08328062506564005,0.009745587298873981,-0.007789227692356238,0.0019563596065177435,0.009745587298873981
36000,12,group_part_driven_g,0.09603988275472763,0.0648736206798668,-0.03116626207486084,-0.002752390607458577,-0.03391865268231942,-0.03116626207486084
36000,13,group_part_driven_g,0.06728356083153486,0.05976263314703312,-0.007520927684501744,-0.006768178843487183,-0.014289106527988926,-0.007520927684501744
36000,14,group_part_driven_g,0.060270013609878936,0.06821143518160633,0.007941421571727392,-0.025595209475919145,-0.017653787904191753,0.007941421571727392
36000,15,group_part_driven_g,0.0777757441504977,0.08373801905321121,0.005962274902713505,0.00867753787001746,0.014639812772730965,0.005962274902713505
36000,16,group_part_driven_g,0.04766974779506128,0.05438684006739347,0.006717092272332192,-0.07457073227280797,-0.06785364000047578,0.006717092272332192
36000,17,group_part_driven_g,0.09083388018765981,0.08192000535260158,-0.008913874835058233,0.007188912909899425,-0.0017249619251588078,-0.008913874835058233
36000,18,group_part_driven_g,0.15069520586040105,0.07022632214151603,-0.08046888371888503,0.09486371888458436,0.014394835165699338,-0.08046888371888503
36000,19,group_part_driven_g,0.04835454961342939,0.08906388871099119,0.0407093390975618,-0.010484425304219724,0.03022491379334208,0.0407093390975618
36000,20,group_part_driven_g,0.0657492791537142,0.10313256932260984,0.03738329016889563,-0.012709074251338714,0.02467421591755692,0.03738329016889563
36000,21,group_part_driven_g,0.06903037788352939,0.0976215759400465,0.02859119805651711,0.006861275344470119,0.03545247340098723,0.02859119805651711
36000,22,group_part_driven_g,0.05060764471599177,0.06861128901917413,0.018003644303182353,-0.057543392232549256,-0.0395397479293669,0.018003644303182353
36000,23,group_part_driven_g,0.053557049667988466,0.08388516855389144,0.030328118885902977,-0.012366366834438036,0.01796175205146494,0.030328118885902977
36000,24,group_part_driven_g,0.025445878926522503,0.0702335975342081,0.0447877186076856,-0.05575548107534012,-0.010967762467654518,0.0447877186076856
36000,25,group_part_driven_g,0.0700235998099305,0.05446349066072598,-0.015560109149204526,0.004098667806499978,-0.011461441342704548,-0.015560109149204526
36000,26,group_part_driven_g,0.0754024594895798,0.08014484470699879,0.004742385217418987,0.0027007687400523173,0.007443153957471305,0.004742385217418987
36000,27,group_part_driven_g,0.06993938941415972,0.040899988015766664,-0.02903940139839306,-0.02214303374665877,-0.05118243514505183,-0.02903940139839306
36000,28,group_part_driven_g,0.08475019954394081,0.0635287515462375,-0.021221447997703313,-0.00694648559562594,-0.028167933593329253,-0.021221447997703313
36000,29,group_part_driven_g,0.06999136767145292,0.046603191940121635,-0.023388175731331284,0.008996129948145304,-0.01439204578318598,-0.023388175731331284
36000,30,group_part_driven_g,0.04861647101669775,0.13806056210785184,0.08944409109115409,-0.07597322016770858,0.01347087092344551,0.08944409109115409
42000,1,group_part_driven_g,0.07885430569341179,0.030874704314642232,-0.047979601378769554,0.0014040129905348864,-0.04657558838823467,-0.047979601378769554
42000,2,group_part_driven_g,0.04686069418722649,0.08956975277286172,0.04270905858563523,-0.0579042169995288,-0.015195158413893572,0.04270905858563523
42000,3,group_part_driven_g,0.06031057791146055,0.0760812065295271,0.01577062861806655,0.023448243864184204,0.039218872482250755,0.01577062861806655
42000,4,group_part_driven_g,0.035564238638152,0.09509210388829903,0.05952786525014703,-0.020324502451605386,0.03920336279854164,0.05952786525014703
42000,5,group_part_driven_g,0.08519381534155845,0.06419065354495257,-0.021003161796605885,0.024725585043592346,0.0037224232469864615,-0.021003161796605885
42000,6,group_part_driven_g,0.07732873612159963,0.09974755431406057,0.022418818192460943,0.00042872716291209034,0.022847545355373033,0.022418818192460943
42000,7,group_part_driven_g,0.04546437120551344,0.07554940855201486,0.03008503734650142,-0.06854088645927714,-0.03845584911277572,0.03008503734650142
42000,8,group_part_driven_g,0.053612204508164896,0.03306718123965513,-0.020545023268509766,0.01693911318892599,-0.003605910079583774,-0.020545023268509766
42000,9,group_part_driven_g,0.1074483019680526,0.09949120596994299,-0.00795709599810962,0.024257469393079933,0.016300373394970313,-0.00795709599810962
42000,10,group_part_driven_g,0.040076588603368046,0.04840829224973919,0.008331703646371147,-0.04020194637244956,-0.03187024272607841,0.008331703646371147
42000,11,group_part_driven_g,0.04262696707442459,0.08411489512695058,0.04148792805252599,-0.03869729838469771,0.0027906296678282816,0.04148792805252599
42000,12,group_part_driven_g,0.0676105644837145,0.08738163251119824,0.01977106802748374,-0.031181708878471714,-0.011410640850987974,0.01977106802748374
42000,13,group_part_driven_g,0.06989395496881357,0.07695478230501962,0.007060827336206055,-0.004157784706208478,0.0029030426299975765,0.007060827336206055
42000,14,group_part_driven_g,0.06804987070665247,0.09087678712027614,0.022826916413623666,-0.01781535237914561,0.005011564034478055,0.022826916413623666
42000,15,group_part_driven_g,0.0739177984357341,0.05564519606466811,-0.018272602371065982,0.004819592155253849,-0.013453010215812133,-0.018272602371065982
42000,16,group_part_driven_g,0.05450669189011592,0.07118059142506006,0.016673899534944137,-0.06773378817775333,-0.05105988864280919,0.016673899534944137
42000,17,group_part_driven_g,0.050861190117692856,0.05920859199196726,0.008347401874274407,-0.03278377716006753,-0.02443637528579312,0.008347401874274407
42000,18,group_part_driven_g,0.07427916391454215,0.08013079232446929,0.005851628409927145,0.018447676938725455,0.0242993053486526,0.005851628409927145
42000,19,group_part_driven_g,0.046100051821992505,0.060656591165867635,0.01455653934387513,-0.012738923095656607,0.0018176162482185232,0.01455653934387513
42000,20,group_part_driven_g,0.0905237150782644,0.08741523076202701,-0.003108484316237392,0.012065361673211483,0.008956877356974091,-0.003108484316237392
42000,21,group_part_driven_g,0.07501773224085573,0.050520160012959225,-0.024497572227896502,0.012848629701796455,-0.011648942526100048,-0.024497572227896502
42000,22,group_part_driven_g,0.06657687619276398,0.05440366809374819,-0.012173208099015786,-0.04157416075577705,-0.05374736885479284,-0.012173208099015786
42000,23,group_part_driven_g,0.040606451627356765,0.05840819491442417,0.017801743287067406,-0.025316964875069736,-0.00751522158800233,0.017801743287067406
42000,24,group_part_driven_g,0.12262779201900875,0.07023680854224212,-0.05239098347676663,0.04142643201714613,-0.010964551459620497,-0.05239098347676663
42000,25,group_part_driven_g,0.08970501219427596,0.05719533902697782,-0.032509673167298136,0.023780080190845432,-0.008729592976452705,-0.032509673167298136
42000,26,group_part_driven_g,0.07063194177457754,0.04847210587716111,-0.022159835897416436,-0.0020697489749499365,-0.024229584872366372,-0.022159835897416436
42000,27,group_part_driven_g,0.09641647288781952,0.048299353295978564,-0.04811711959184095,0.004334049727001021,-0.04378306986483993,-0.04811711959184095
42000,28,group_part_driven_g,0.07467396596779641,0.06159073401058801,-0.013083231957208397,-0.01702271917177034,-0.030105951128978736,-0.013083231957208397
42000,29,group_part_driven_g,0.04416385226292019,0.03245300813418994,-0.011710844128730247,-0.016831385460387427,-0.028542229589117674,-0.011710844128730247
42000,30,group_part_driven_g,0.04882471596490551,0.07039706573425886,0.02157234976935335,-0.07576497521950082,-0.05419262545014747,0.02157234976935335
48000,1,group_part_driven_g,0.0752816715209188,0.07219637902464304,-0.00308529249627576,-0.002168621181958097,-0.005253913678233857,-0.00308529249627576
48000,2,group_part_driven_g,0.043728109871258636,0.06876314808377337,0.025035038212514737,-0.06103680131549666,-0.03600176310298192,0.025035038212514737
48000,3,group_part_driven_g,0.059605336194164305,0.06342882400431765,0.0038234878101533476,0.02274300214688796,0.026566489957041306,0.0038234878101533476
48000,4,group_part_driven_g,0.07276700214401455,0.09456838436393389,0.02180138221991934,0.01687826105425716,0.0386796432741765,0.02180138221991934
48000,5,group_part_driven_g,0.06347675132904063,0.07466216705512796,0.011185415726087333,0.003008521031074518,0.014193936757161851,0.011185415726087333
48000,6,group_part_driven_g,0.07708478855608336,0.09058308627615641,0.01349829772007305,0.00018477959739582328,0.013683077317468872,0.01349829772007305
48000,7,group_part_driven_g,0.08946891378009869,0.0657867343501572,-0.023682179429941497,-0.02453634388469189,-0.04821852331463339,-0.023682179429941497
48000,8,group_part_driven_g,0.038478331839153945,0.07980459365198916,0.04132626181283522,0.0018052405199150412,0.04313150233275026,0.04132626181283522
48000,9,group_part_driven_g,0.04826998003483732,0.06630943383305121,0.018039453798213895,-0.034920852540135355,-0.01688139874192146,0.018039453798213895
48000,10,group_part_driven_g,0.05539745491932324,0.05187523181029441,-0.0035222231090288325,-0.024881080056494365,-0.028403303165523197,-0.0035222231090288325
48000,11,group_part_driven_g,0.10659329997279654,0.06763762121306494,-0.038955678759731605,0.025269034513674238,-0.013686644246057367,-0.038955678759731605
48000,12,group_part_driven_g,0.08720026704789308,0.04645107639124718,-0.040749190656645895,-0.011592006314293135,-0.05234119697093903,-0.040749190656645895
48000,13,group_part_driven_g,0.07114316537760218,0.11367585544732284,0.04253269006972066,-0.0029085742974198636,0.039624115772300794,0.04253269006972066
48000,14,group_part_driven_g,0.06407345631859951,0.061493475083837734,-0.0025799812347617745,-0.021791766767198573,-0.024371748001960347,-0.0025799812347617745
48000,15,group_part_driven_g,0.06899873991145933,0.09656682311463627,0.02756808320317694,-9.946636902091743e-05,0.027468616834156023,0.02756808320317694
48000,16,group_part_driven_g,0.06164647255477873,0.09180602234715762,0.030159549792378892,-0.06059400751309052,-0.030434457720711627,0.030159549792378892
48000,17,group_part_driven_g,0.058756260056780196,0.06087503365886715,0.002118773602086954,-0.02488870722098019,-0.022769933618893234,0.002118773602086954
48000,18,group_part_driven_g,0.0459713733089947,0.1218365381161971,0.0758651648072024,-0.00986011366682199,0.06600505114038041,0.0758651648072024
48000,19,group_part_driven_g,0.0983267330567873,0.06916504314896771,-0.029161689907819588,0.039487758139138185,0.010326068231318597,-0.029161689907819588
48000,20,group_part_driven_g,0.0583605905460145,0.06395993959811375,0.005599349052099245,-0.020097762859038415,-0.01449841380693917,0.005599349052099245
48000,21,group_part_driven_g,0.04064216313939811,0.06566921931754127,0.02502705617814316,-0.02152693939966116,0.0035001167784819986,0.02502705617814316
48000,22,group_part_driven_g,0.10816816353247294,0.0819561854006321,-0.02621197813184084,1.7126583931909023e-05,-0.02619485154790893,-0.02621197813184084
48000,23,group_part_driven_g,0.10880212044360932,0.06501678297513058,-0.043785337468478736,0.042878703941182816,-0.0009066335272959192,-0.043785337468478736
48000,24,group_part_driven_g,0.09009665091587737,0.06541359067542274,-0.024683060240454635,0.008895290914014753,-0.015787769326439882,-0.024683060240454635
48000,25,group_part_driven_g,0.10942950061270096,0.06459488799995355,-0.044834612612747404,0.04350456860927043,-0.0013300440034769712,-0.044834612612747404
48000,26,group_part_driven_g,0.08883500972130265,0.06727786961299409,-0.02155714010830856,0.016133318971775168,-0.005423821136533391,-0.02155714010830856
48000,27,group_part_driven_g,0.06553919708656958,0.010842383648814846,-0.05469681343775473,-0.026543226074248916,-0.08124003951200365,-0.05469681343775473
48000,28,group_part_driven_g,0.10834268899164146,0.07855732125010095,-0.029785367741540503,0.01664600385207471,-0.013139363889465794,-0.029785367741540503
48000,29,group_part_driven_g,0.0906900622689758,0.05008666441544207,-0.04060339785353373,0.029694824545668186,-0.010908573307865543,-0.04060339785353373
48000,30,group_part_driven_g,0.08323863923471092,0.08266480326677694,-0.0005738359679339777,-0.041351051949695405,-0.04192488791762938,-0.0005738359679339777
12000,1,phi_r_z,0.0463162772845673,0.0463162772845673,0.0,0.0,0.0,0.0
12000,2,phi_r_z,0.05269397809292895,0.05269397809292895,0.0,0.0,0.0,0.0
12000,3,phi_r_z,0.08594956178325519,0.08594956178325519,0.0,0.0,0.0,0.0
12000,4,phi_r_z,0.055673649053801205,0.055673649053801205,0.0,0.0,0.0,0.0
12000,5,phi_r_z,0.04730871443705263,0.04730871443705263,0.0,0.0,0.0,0.0
12000,6,phi_r_z,0.05421450589583685,0.05421450589583685,0.0,0.0,0.0,0.0
12000,7,phi_r_z,0.047009670486191445,0.047009670486191445,0.0,0.0,0.0,0.0
12000,8,phi_r_z,0.0203415346810956,0.0203415346810956,0.0,0.0,0.0,0.0
12000,9,phi_r_z,0.04357015414966282,0.04357015414966282,0.0,0.0,0.0,0.0
12000,10,phi_r_z,0.026126495930989868,0.026126495930989868,0.0,0.0,0.0,0.0
12000,11,phi_r_z,0.054134288514983586,0.054134288514983586,0.0,0.0,0.0,0.0
12000,12,phi_r_z,0.0379833878871222,0.0379833878871222,0.0,0.0,0.0,0.0
12000,13,phi_r_z,0.05365535457981225,0.05365535457981225,0.0,0.0,0.0,0.0
12000,14,phi_r_z,0.025903083255100323,0.025903083255100323,0.0,0.0,0.0,0.0
12000,15,phi_r_z,0.026215135413263813,0.026215135413263813,0.0,0.0,0.0,0.0
12000,16,phi_r_z,0.03507166647459263,0.03507166647459263,0.0,0.0,0.0,0.0
12000,17,phi_r_z,0.062177361451193444,0.062177361451193444,0.0,0.0,0.0,0.0
12000,18,phi_r_z,0.03762681028087381,0.03762681028087381,0.0,0.0,0.0,0.0
12000,19,phi_r_z,0.1258201912750155,0.1258201912750155,0.0,0.0,0.0,0.0
12000,20,phi_r_z,0.03353706700799136,0.03353706700799136,0.0,0.0,0.0,0.0
12000,21,phi_r_z,0.07560808293144693,0.07560808293144693,0.0,0.0,0.0,0.0
12000,22,phi_r_z,0.07581853000707277,0.07581853000707277,0.0,0.0,0.0,0.0
12000,23,phi_r_z,0.059447499015976284,0.059447499015976284,0.0,0.0,0.0,0.0
12000,24,phi_r_z,0.06730384646856717,0.06730384646856717,0.0,0.0,0.0,0.0
12000,25,phi_r_z,0.07387440761690786,0.07387440761690786,0.0,0.0,0.0,0.0
12000,26,phi_r_z,0.07877603943536121,0.07877603943536121,0.0,0.0,0.0,0.0
12000,27,phi_r_z,0.013880512907984206,0.013880512907984206,0.0,0.0,0.0,0.0
12000,28,phi_r_z,0.03871925767159273,0.03871925767159273,0.0,0.0,0.0,0.0
12000,29,phi_r_z,0.07718051470996493,0.07718051470996493,0.0,0.0,0.0,0.0
12000,30,phi_r_z,0.05680559947920248,0.05680559947920248,0.0,0.0,0.0,0.0
18000,1,phi_r_z,0.04448999183837435,0.05008999929084325,0.0056000074524689,-0.0018262854461929545,0.0037737220062759452,0.0056000074524689
18000,2,phi_r_z,0.06338164669857814,0.09835049291227813,0.034968846213699986,0.010687668605649188,0.045656514819349174,0.034968846213699986
18000,3,phi_r_z,0.08453392053166392,0.04934750923252469,-0.03518641129913923,-0.0014156412515912709,-0.0366020525507305,-0.03518641129913923
18000,4,phi_r_z,0.03178420508036217,0.05350794530575953,0.02172374022539736,-0.023889443973439034,-0.002165703748041675,0.02172374022539736
18000,5,phi_r_z,0.03374549502668761,0.06925340741039415,0.03550791238370654,-0.013563219410365021,0.02194469297334152,0.03550791238370654
18000,6,phi_r_z,0.09602506392185005,0.03218418764456834,-0.06384087627728172,0.041810558026013196,-0.022030318251268513,-0.06384087627728172
18000,7,phi_r_z,0.019624494960036973,0.04580951991474888,0.026185024954711908,-0.027385175526154472,-0.001200150571442564,0.026185024954711908
18000,8,phi_r_z,0.04960095384862194,0.04599832719214994,-0.0036026266564719994,0.02925941916752634,0.02565679251105434,-0.0036026266564719994
18000,9,phi_r_z,0.05300446193212968,0.02273150165775556,-0.030272960274374122,0.009434307782466865,-0.020838652491907257,-0.030272960274374122
18000,10,phi_r_z,0.01607931206313247,0.02718673810435393,0.01110742604122146,-0.010047183867857398,0.0010602421733640621,0.01110742604122146
18000,11,phi_r_z,0.021170929601827482,0.02595078296152422,0.004779853359696738,-0.032963358913156104,-0.028183505553459366,0.004779853359696738
18000,12,phi_r_z,0.07208073857054864,0.04896864329310112,-0.023112095277447522,0.03409735068342644,0.010985255405978916,-0.023112095277447522
18000,13,phi_r_z,0.058456263066393496,0.06343795364571113,0.0049816905793176325,0.004800908486581247,0.00978259906589888,0.0049816905793176325
18000,14,phi_r_z,0.036135971743153264,0.03256487226469655,-0.003571099478456713,0.01023288848805294,0.006661789009596228,-0.003571099478456713
18000,15,phi_r_z,0.06404929238132911,0.03727860507213839,-0.026770687309190723,0.0378341569680653,0.01106346965887458,-0.026770687309190723
18000,16,phi_r_z,0.06659567107803843,0.06089507551822829,-0.005700595559810145,0.0315240046034458,0.025823409043635656,-0.005700595559810145
18000,17,phi_r_z,0.054208407232226,0.07025310590506227,0.01604469867283627,-0.007968954218967442,0.008075744453868827,0.01604469867283627
18000,18,phi_r_z,0.039289736654028296,0.039501399737761296,0.00021166308373300052,0.0016629263731544885,0.001874589456887489,0.00021166308373300052
18000,19,phi_r_z,0.1138422554835248,0.09798256312721992,-0.015859692356304883,-0.011977935791490701,-0.027837628147795584,-0.015859692356304883
18000,20,phi_r_z,0.03130515949052923,0.07256213053575078,0.04125697104522155,-0.002231907517462134,0.03902506352775942,0.04125697104522155
18000,21,phi_r_z,0.036642035035622494,0.03512396559588246,-0.001518069439740033,-0.03896604789582443,-0.040484117335564465,-0.001518069439740033
18000,22,phi_r_z,0.08351860192343642,0.08559587331760687,0.002077271394170452,0.007700071916363654,0.009777343310534106,0.002077271394170452
18000,23,phi_r_z,0.038324108026886114,0.07429505505134004,0.03597094702445393,-0.02112339098909017,0.014847556035363758,0.03597094702445393
18000,24,phi_r_z,0.017292173256203636,0.03919091774203675,0.021898744485833115,-0.050011673212363536,-0.02811292872653042,0.021898744485833115
18000,25,phi_r_z,0.09989894287067891,0.02550852353779287,-0.07439041933288604,0.026024535253771047,-0.04836588407911499,-0.07439041933288604
18000,26,phi_r_z,0.10119934610070261,0.08848897373666648,-0.012710372364036132,0.022423306665341397,0.009712934301305265,-0.012710372364036132
18000,27,phi_r_z,0.07335843969330755,0.017173569999178972,-0.05618486969412857,0.05947792678532334,0.0032930570911947656,-0.05618486969412857
18000,28,phi_r_z,0.03130857184450826,0.04689652356858603,0.015587951724077766,-0.0074106858270844705,0.008177265896993295,0.015587951724077766
18000,29,phi_r_z,0.06127952840779506,0.02872009662855754,-0.03255943177923752,-0.015900986302169864,-0.048460418081407386,-0.03255943177923752
18000,30,phi_r_z,0.031091256942218648,0.051033907495117374,0.019942650552898726,-0.025714342536983834,-0.0057716919840851075,0.019942650552898726
24000,1,phi_r_z,0.0250065578463263,0.07023421683478834,0.04522765898846204,-0.021309719438241004,0.023917939550221035,0.04522765898846204
24000,2,phi_r_z,0.03856591223777789,0.1328551831692434,0.09428927093146552,-0.014128065855151063,0.08016120507631447,0.09428927093146552
24000,3,phi_r_z,0.0506422621424886,0.08898926789124653,0.038347005748757934,-0.03530729964076659,0.0030397061079913412,0.038347005748757934
24000,4,phi_r_z,0.06411684171970351,0.09282225051580272,0.028705408796099202,0.008443192665902308,0.03714860146200151,0.028705408796099202
24000,5,phi_r_z,0.032282264404920366,0.060881562278096574,0.028599297873176208,-0.015026450032132266,0.013572847841043942,0.028599297873176208
24000,6,phi_r_z,0.023415691961474472,0.033643464452589214,0.010227772491114742,-0.03079881393436238,-0.020571041443247638,0.010227772491114742
24000,7,phi_r_z,0.036399726100161844,0.09053187059826717,0.05413214449810533,-0.0106099443860296,0.04352220011207573,0.05413214449810533
24000,8,phi_r_z,0.09608453709601478,0.046562319762892074,-0.0495222173331227,0.07574300241491917,0.026220785081796472,-0.0495222173331227
24000,9,phi_r_z,0.031849283290517436,0.020355334906041696,-0.01149394838447574,-0.011720870859145381,-0.02321481924362112,-0.01149394838447574
24000,10,phi_r_z,0.00904808367832241,0.11295909350457503,0.10391100982625262,-0.017078412252667458,0.08683259757358516,0.10391100982625262
24000,11,phi_r_z,0.044843549552077436,0.07953016781242736,0.034686618260349925,-0.00929073896290615,0.025395879297443774,0.034686618260349925
24000,12,phi_r_z,0.01701318924010405,0.02555237770508776,0.008539188464983711,-0.020970198647018153,-0.012431010182034442,0.008539188464983711
24000,13,phi_r_z,0.06079663234928747,0.06069788923308307,-9.874311620439863e-05,0.007141277769475221,0.0070425346532708225,-9.874311620439863e-05
24000,14,phi_r_z,0.03345430269749952,0.0408972606213974,0.007442957923897875,0.0075512194423991985,0.014994177366297073,0.007442957923897875
24000,15,phi_r_z,0.03929672210779378,0.0721414844289579,0.03284476232116412,0.013081586694529967,0.04592634901569409,0.03284476232116412
24000,16,phi_r_z,0.10005039852995717,0.07157054876373899,-0.028479849766218188,0.06497873205536454,0.036498882289146356,-0.028479849766218188
24000,17,phi_r_z,0.061339046331530055,0.06608589388118628,0.004746847549656229,-0.0008383151196633895,0.003908532429992839,0.004746847549656229
24000,18,phi_r_z,0.04906987272907541,0.031530765068456965,-0.017539107660618447,0.011443062448201605,-0.006096045212416842,-0.017539107660618447
24000,19,phi_r_z,0.14812877411690856,0.13048309264082697,-0.017645681476081587,0.02230858284189305,0.0046629013658114615,-0.017645681476081587
24000,20,phi_r_z,0.021142363471312056,0.11699411356237854,0.09585175009106649,-0.012394703536679305,0.08345704655438718,0.09585175009106649
24000,21,phi_r_z,0.0424664680812486,0.04479286894021854,0.002326400858969943,-0.03314161485019833,-0.030815213991228385,0.002326400858969943
24000,22,phi_r_z,0.059039139107313815,0.05431863976387928,-0.004720499343434534,-0.016779390899758953,-0.021499890243193487,-0.004720499343434534
24000,23,phi_r_z,0.05243079498719615,0.03622294845276107,-0.016207846534435078,-0.007016704028780137,-0.023224550563215214,-0.016207846534435078
24000,24,phi_r_z,0.013212937864824303,0.023693788921174713,0.01048085105635041,-0.05409090860374287,-0.04361005754739246,0.01048085105635041
24000,25,phi_r_z,0.03780876345466112,0.016939190554805597,-0.020869572899855526,-0.03606564416224674,-0.056935217062102264,-0.020869572899855526
24000,26,phi_r_z,0.09113233057649794,0.025232722329477097,-0.06589960824702085,0.012356291141136733,-0.053543317105884114,-0.06589960824702085
24000,27,phi_r_z,0.027460939966711964,0.03568537802310165,0.008224438056389685,0.013580427058727758,0.021804865115117443,0.008224438056389685
24000,28,phi_r_z,0.08442472068272844,0.023716391394508568,-0.06070832928821987,0.045705463011135705,-0.015002866277084165,-0.06070832928821987
24000,29,phi_r_z,0.042111270419362704,0.03840165693502273,-0.0037096134843399714,-0.03506924429060222,-0.038778857774942194,-0.0037096134843399714
24000,30,phi_r_z,0.06279628110748606,0.07452856133118382,0.011732280223697766,0.005990681628283576,0.017722961851981342,0.011732280223697766
30000,1,phi_r_z,0.07795725650018398,0.02449318661852419,-0.05346406988165979,0.03164097921561668,-0.021823090666043113,-0.05346406988165979
30000,2,phi_r_z,0.03199440233081116,0.05823223215968095,0.02623782982886979,-0.02069957576211779,0.005538254066751999,0.02623782982886979
30000,3,phi_r_z,0.0345792367509388,0.10506901635910548,0.07048977960816669,-0.051370325032316394,0.019119454575850292,0.07048977960816669
30000,4,phi_r_z,0.07864230416634058,0.19218489772461428,0.1135425935582737,0.02296865511253937,0.13651124867081307,0.1135425935582737
30000,5,phi_r_z,0.0436172292772653,0.041071556837372486,-0.0025456724398928154,-0.0036914851597873305,-0.006237157599680146,-0.0025456724398928154
30000,6,phi_r_z,0.014519751014113406,0.04087355832324532,0.02635380730913191,-0.03969475488172344,-0.013340947572591536,0.026353807309131907
30000,7,phi_r_z,0.06813218661008896,0.044425318664589056,-0.023706867945499907,0.021122516123897518,-0.002584351821602389,-0.023706867945499907
30000,8,phi_r_z,0.05039796187239817,0.05036084575318511,-3.7116119213059795e-05,0.03005642719130257,0.03001931107208951,-3.7116119213059795e-05
30000,9,phi_r_z,0.049519595523221896,0.0162419074758718,-0.033277688047350096,0.005949441373559079,-0.027328246673791017,-0.033277688047350096
30000,10,phi_r_z,0.03751678785739579,0.046639879794326,0.009123091936930214,0.011390291926405921,0.020513383863336135,0.009123091936930214
30000,11,phi_r_z,0.028433663701524364,0.10231911392921009,0.07388545022768572,-0.025700624813459222,0.0481848254142265,0.07388545022768572
30000,12,phi_r_z,0.05258444621667312,0.08004489702746423,0.027460450810791112,0.014601058329550914,0.04206150914034203,0.027460450810791112
30000,13,phi_r_z,0.034031732858985274,0.10311721821985503,0.06908548536086975,-0.019623621720826975,0.049461863640042784,0.06908548536086975
30000,14,phi_r_z,0.06432193160728587,0.07540211638266449,0.011080184775378615,0.03841884835218555,0.049499033127564165,0.011080184775378615
30000,15,phi_r_z,0.07823394563790542,0.11164251829203208,0.03340857265412665,0.05201881022464161,0.08542738287876826,0.03340857265412665
30000,16,phi_r_z,0.04109409913827598,0.06529825037138712,0.024204151233111135,0.0060224326636833525,0.030226583896794487,0.024204151233111135
30000,17,phi_r_z,0.030398254450562684,0.0448509573354998,0.014452702884937114,-0.03177910700063076,-0.017326404115693646,0.014452702884937114
30000,18,phi_r_z,0.08852442885034441,0.039711329194635214,-0.048813099655709194,0.0508976185694706,0.0020845189137614073,-0.048813099655709194
30000,19,phi_r_z,0.13785183869340611,0.06446632106648106,-0.07338551762692505,0.012031647418390606,-0.061353870208534445,-0.07338551762692505
30000,20,phi_r_z,0.09173890786744551,0.058513760389285505,-0.03322514747816001,0.05820184085945415,0.024976693381294143,-0.03322514747816001
30000,21,phi_r_z,0.018230296603437862,0.06456176062775763,0.04633146402431977,-0.057377786328009064,-0.011046322303689293,0.04633146402431977
30000,22,phi_r_z,0.01577028110849369,0.05426053724652505,0.03849025613803136,-0.06004824889857908,-0.02155799276054772,0.03849025613803136
30000,23,phi_r_z,0.016040741291027547,0.07489164662453851,0.058850905333510964,-0.04340675772494874,0.015444147608562227,0.058850905333510964
30000,24,phi_r_z,0.04573017668143427,0.033336583154554636,-0.012393593526879632,-0.021573669787132904,-0.033967263314012536,-0.012393593526879632
30000,25,phi_r_z,0.09076439868549818,0.03294572540911768,-0.0578186732763805,0.01688999106859032,-0.04092868220779018,-0.0578186732763805
30000,26,phi_r_z,0.02936201591911436,0.02698137919498883,-0.002380636724125529,-0.04941402351624685,-0.05179466024037238,-0.002380636724125529
30000,27,phi_r_z,0.08504829093446788,0.022058364153278998,-0.06298992678118888,0.07116777802648366,0.008177851245294791,-0.06298992678118887
30000,28,phi_r_z,0.07361965384157025,0.03743695824294426,-0.03618269559862599,0.03490039616997752,-0.0012822994286484715,-0.03618269559862599
30000,29,phi_r_z,0.13135516522277008,0.07650616752592312,-0.05484899769684695,0.05417465051280515,-0.0006743471840418014,-0.05484899769684695
30000,30,phi_r_z,0.04876651711196013,0.040163814029368416,-0.008602703082591714,-0.00803908236724235,-0.016641785449834065,-0.008602703082591714
36000,1,phi_r_z,0.08702301441021232,0.042798426875837875,-0.04422458753437444,0.040706737125645015,-0.0035178504087294282,-0.04422458753437444
36000,2,phi_r_z,0.042765939065037395,0.08965016480345099,0.046884225738413596,-0.009928039027891557,0.03695618671052204,0.046884225738413596
36000,3,phi_r_z,0.06337078714140995,0.09276862128238096,0.02939783414097101,-0.02257877464184524,0.006819059499125771,0.02939783414097101
36000,4,phi_r_z,0.09975111268020714,0.1798916079102859,0.08014049523007877,0.04407746362640594,0.1242179588564847,0.08014049523007877
36000,5,phi_r_z,0.021838189697512733,0.03588090276602235,0.014042713068509616,-0.0254705247395399,-0.011427811671030283,0.014042713068509616
36000,6,phi_r_z,0.03592878334823411,0.017272871197013012,-0.018655912151221095,-0.018285722547602745,-0.03694163469882384,-0.018655912151221095
36000,7,phi_r_z,0.02745993646912319,0.039262817834281094,0.011802881365157905,-0.019549734017068256,-0.007746852651910351,0.011802881365157905
36000,8,phi_r_z,0.029852326591245593,0.04078430008962544,0.010931973498379849,0.009510791910149991,0.02044276540852984,0.010931973498379849
36000,9,phi_r_z,0.021031708090345616,0.012866537075117791,-0.008165171015227825,-0.0225384460593172,-0.030703617074545025,-0.008165171015227825
36000,10,phi_r_z,0.017931920182966535,0.054089446775466704,0.03615752659250017,-0.008194575748023333,0.027962950844476836,0.03615752659250017
36000,11,phi_r_z,0.028310357789581617,0.02524345906494148,-0.003066898724640138,-0.02582393072540197,-0.028890829450042108,-0.003066898724640138
36000,12,phi_r_z,0.06699915244022764,0.0923005442571245,0.025301391816896862,0.029015764553105436,0.0543171563700023,0.025301391816896862
36000,13,phi_r_z,0.07461801312984975,0.04558161602964311,-0.02903639710020664,0.020962658550037504,-0.008073738550169136,-0.02903639710020664
36000,14,phi_r_z,0.03560345799235972,0.05197924820214353,0.01637579020978381,0.009700374737259397,0.026076164947043207,0.01637579020978381
36000,15,phi_r_z,0.08052078000100316,0.1206941503726312,0.04017337037162805,0.05430564458773934,0.09447901495936739,0.04017337037162805
36000,16,phi_r_z,0.00947292855033429,0.03044306659719409,0.0209701380468598,-0.02559873792425834,-0.00462859987739854,0.0209701380468598
36000,17,phi_r_z,0.03444645088452235,0.09290334582682916,0.05845689494230681,-0.027730910566671096,0.030725984375635715,0.05845689494230681
36000,18,phi_r_z,0.13105658639541723,0.029203774942359123,-0.1018528114530581,0.09342977611454342,-0.008423035338514684,-0.1018528114530581
36000,19,phi_r_z,0.13147717728763586,0.04219303078712902,-0.08928414650050684,0.005656986012620352,-0.08362716048788649,-0.08928414650050684
36000,20,phi_r_z,0.03296482678508461,0.2025243726620985,0.16955954587701388,-0.0005722402229067503,0.16898730565410713,0.16955954587701388
36000,21,phi_r_z,0.046858800078048324,0.03015949865095146,-0.016699301427096865,-0.028749282853398603,-0.04544858428049547,-0.016699301427096865
36000,22,phi_r_z,0.024936817703036074,0.022621490492989005,-0.002315327210047069,-0.050881712304036694,-0.05319703951408376,-0.002315327210047069
36000,23,phi_r_z,0.05473141930991102,0.07700115504193815,0.022269735732027132,-0.004716079706065267,0.017553656025961865,0.022269735732027132
36000,24,phi_r_z,0.026308558571767324,0.07162877319381111,0.04532021462204379,-0.04099528789679985,0.004324926725243941,0.04532021462204379
36000,25,phi_r_z,0.08123852160857231,0.07986744341592392,-0.001371078192648395,0.0073641139916644505,0.005993035799016055,-0.001371078192648395
36000,26,phi_r_z,0.04473976438790017,0.03007384130195387,-0.014665923085946303,-0.03403627504746104,-0.04870219813340734,-0.014665923085946303
36000,27,phi_r_z,0.039133754331443754,0.018065920484046274,-0.02106783384739748,0.025253241423459548,0.004185407576062068,-0.02106783384739748
36000,28,phi_r_z,0.09124213955472205,0.050320679762344125,-0.04092145979237792,0.05252288188312931,0.011601422090751393,-0.04092145979237792
36000,29,phi_r_z,0.11601010116496066,0.06133538714756476,-0.0546747140173959,0.038829586454995735,-0.01584512756240017,-0.0546747140173959
36000,30,phi_r_z,0.04587664043187062,0.04525165030471144,-0.0006249901271591779,-0.010928959047331863,-0.01155394917449104,-0.0006249901271591779
42000,1,phi_r_z,0.05202460203357316,0.08917562201976104,0.037151019986187875,0.005708324749005858,0.04285934473519373,0.037151019986187875
42000,2,phi_r_z,0.047347444512785095,0.13890122272392602,0.09155377821114093,-0.005346533580143857,0.08620724463099708,0.09155377821114094
42000,3,phi_r_z,0.05788988092835945,0.08746789224278906,0.02957801131442961,-0.02805968085489574,0.0015183304595338676,0.02957801131442961
42000,4,phi_r_z,0.09516292158257128,0.13574399205876586,0.04058107047619458,0.039489272528770075,0.08007034300496466,0.04058107047619458
42000,5,phi_r_z,0.044178721316533075,0.09007179872667076,0.045893077410137685,-0.003129993120519557,0.04276308428961813,0.045893077410137685
42000,6,phi_r_z,0.0784301610824284,0.02414487242672672,-0.054285288655701674,0.024215655186591543,-0.03006963346911013,-0.054285288655701674
42000,7,phi_r_z,0.03272367918191217,0.06007013836681971,0.027346459184907537,-0.014285991304279273,0.013060467880628264,0.027346459184907537
42000,8,phi_r_z,0.04376803851508855,0.03223083767847417,-0.01153720083661438,0.02342650383399295,0.01188930299737857,-0.01153720083661438
42000,9,phi_r_z,0.016009797529162706,0.018466128992624214,0.002456331463461508,-0.02756035662050011,-0.025104025157038603,0.002456331463461508
42000,10,phi_r_z,0.05738501063397913,0.11340926097926558,0.05602425034528645,0.031258514702989265,0.08728276504827572,0.05602425034528645
42000,11,phi_r_z,0.06281745531941843,0.04702556289678601,-0.015791892422632417,0.008683166804434844,-0.007108725618197573,-0.015791892422632417
42000,12,phi_r_z,0.027804126840495713,0.10495721005226924,0.07715308321177353,-0.01017926104662649,0.06697382216514704,0.07715308321177353
42000,13,phi_r_z,0.04428730583882301,0.03710209838631162,-0.0071852074525113885,-0.009368048740989239,-0.016553256193500628,-0.0071852074525113885
42000,14,phi_r_z,0.041176804490413256,0.08978835750685893,0.04861155301644567,0.015273721235312933,0.0638852742517586,0.04861155301644567
42000,15,phi_r_z,0.044957289734416095,0.04105793462344398,-0.0038993551109721136,0.018742154321152282,0.014842799210180169,-0.0038993551109721136
42000,16,phi_r_z,0.01291799841564012,0.08860261785504632,0.0756846194394062,-0.02215366805895251,0.05353095138045369,0.0756846194394062
42000,17,phi_r_z,0.08039771884839444,0.12689605455912298,0.04649833571072853,0.018220357397201,0.06471869310792953,0.04649833571072853
42000,18,phi_r_z,0.06652278755664845,0.013865725795748796,-0.052657061760899654,0.028895977275774642,-0.02376108448512501,-0.052657061760899654
42000,19,phi_r_z,0.10724149209445961,0.021768425847200706,-0.08547306624725891,-0.018578699180555894,-0.1040517654278148,-0.08547306624725891
42000,20,phi_r_z,0.0571413971801223,0.13094078162945375,0.07379938444933144,0.02360433017213094,0.09740371462146238,0.07379938444933144
42000,21,phi_r_z,0.02215993629947588,0.0728040690972834,0.05064413279780752,-0.05344814663197105,-0.002804013834163524,0.05064413279780752
42000,22,phi_r_z,0.017598764924655914,0.11285175241390355,0.09525298748924764,-0.05821976508241686,0.03703322240683078,0.09525298748924764
42000,23,phi_r_z,0.05630122994871706,0.15329322689384905,0.096991996945132,-0.003146269067259226,0.09384572787787276,0.096991996945132
42000,24,phi_r_z,0.06761088724411171,0.06450641957968534,-0.0031044676644263747,0.0003070407755445398,-0.002797426888881835,-0.0031044676644263747
42000,25,phi_r_z,0.06355721926543961,0.07792947672288078,0.014372257457441168,-0.010317188351468248,0.004055069105972919,0.014372257457441168
42000,26,phi_r_z,0.03520783933408639,0.04728803950677077,0.01208020017268438,-0.04356820010127482,-0.03148799992859044,0.01208020017268438
42000,27,phi_r_z,0.12456655113590118,0.009512386594729805,-0.11505416454117137,0.11068603822791698,-0.0043681263132544015,-0.11505416454117137
42000,28,phi_r_z,0.0395281569031915,0.076954396106029,0.0374262392028375,0.0008088992315987698,0.03823513843443627,0.0374262392028375
42000,29,phi_r_z,0.022715237031685213,0.027909571070473392,0.005194334038788179,-0.05446527767827972,-0.049270943639491534,0.005194334038788183
42000,30,phi_r_z,0.04644064150314642,0.02687319314182894,-0.019567448361317477,-0.010364957976056063,-0.02993240633737354,-0.019567448361317477
48000,1,phi_r_z,0.05560523148833289,0.10201972170781318,0.046414490219480284,0.00928895420376559,0.055703444423245874,0.046414490219480284
48000,2,phi_r_z,0.0577388825499175,0.10510193342435703,0.04736305087443953,0.005044904456988547,0.05240795533142808,0.04736305087443953
48000,3,phi_r_z,0.04582307023362399,0.07956782381960234,0.03374475358597835,-0.0401264915496312,-0.00638173796365285,0.03374475358597835
48000,4,phi_r_z,0.05235864089608505,0.07874120100580106,0.026382560109716013,-0.003315008157716154,0.02306755195199986,0.026382560109716013
48000,5,phi_r_z,0.016727268707737858,0.04381688302669701,0.02708961431895915,-0.030581445729314774,-0.0034918314103556253,0.02708961431895915
48000,6,phi_r_z,0.059894477489001785,0.04447822133551749,-0.015416256153484298,0.005679971593164933,-0.009736284560319365,-0.015416256153484298
48000,7,phi_r_z,0.0595282322059017,0.039895069291738076,-0.019633162914163622,0.012518561719710254,-0.007114601194453368,-0.019633162914163622
48000,8,phi_r_z,0.03316575881369056,0.06573137674457338,0.03256561793088282,0.012824224132594961,0.04538984206347778,0.03256561793088282
48000,9,phi_r_z,0.02354787516583684,0.013049053397942156,-0.010498821767894684,-0.020022278983825977,-0.03052110075172066,-0.010498821767894684
48000,10,phi_r_z,0.04919403481771123,0.24993378076790707,0.20073974595019584,0.02306753888672136,0.2238072848369172,0.20073974595019584
48000,11,phi_r_z,0.10621467480369373,0.06178188167199562,-0.04443279313169811,0.052080386288710145,0.0076475931570120365,-0.04443279313169811
48000,12,phi_r_z,0.03955077394849053,0.11048192324603766,0.07093114929754712,0.001567386061368324,0.07249853535891546,0.07093114929754712
48000,13,phi_r_z,0.055919818648206124,0.03521048886905541,-0.020709329779150715,0.0022644640683938747,-0.01844486571075684,-0.020709329779150715
48000,14,phi_r_z,0.12611719931554324,0.0484547782355364,-0.07766242108000684,0.10021411606044292,0.022551694980436077,-0.07766242108000684
48000,15,phi_r_z,0.05900372234536129,0.11444618556902877,0.055442463223667485,0.03278858693209748,0.08823105015576496,0.055442463223667485
48000,16,phi_r_z,0.02978015853323912,0.033639208015958835,0.0038590494827197147,-0.00529150794135351,-0.0014324584586337952,0.0038590494827197147
48000,17,phi_r_z,0.06050425569360823,0.10044508508717512,0.039940829393566885,-0.001673105757585211,0.038267723635981674,0.039940829393566885
48000,18,phi_r_z,0.07025028049895965,0.025048275860569513,-0.045202004638390136,0.03262347021808584,-0.012578534420304294,-0.045202004638390136
48000,19,phi_r_z,0.14116758160428933,0.018092733603946004,-0.12307484800034332,0.015347390329273819,-0.1077274576710695,-0.12307484800034332
48000,20,phi_r_z,0.06228737536285836,0.091723495495382,0.02943612013252364,0.028750308354867,0.05818642848739064,0.02943612013252364
48000,21,phi_r_z,0.029498305517492995,0.04285105070712214,0.013352745189629145,-0.04610977741395393,-0.032757032224324786,0.013352745189629145
48000,22,phi_r_z,0.11231832611251796,0.1311240596864992,0.018805733573981243,0.036499796105445195,0.05530552967942644,0.018805733573981243
48000,23,phi_r_z,0.01881483738594509,0.0275605907132366,0.008745753327291512,-0.040632661630031194,-0.031886908302739686,0.008745753327291508
48000,24,phi_r_z,0.0686008089428845,0.016304202840298793,-0.05229660610258571,0.0012969624743173341,-0.05099964362826838,-0.05229660610258571
48000,25,phi_r_z,0.08572656728838016,0.14242364033480986,0.05669707304642971,0.011852159671472295,0.068549232717902,0.05669707304642971
48000,26,phi_r_z,0.04623168515005999,0.039579070857893306,-0.006652614292166681,-0.032544354285301225,-0.039196968577467906,-0.006652614292166681
48000,27,phi_r_z,0.10226903352108913,0.010825308289287912,-0.09144372523180122,0.08838852061310493,-0.0030552046186962944,-0.09144372523180122
48000,28,phi_r_z,0.04542125878574704,0.08135008971165089,0.03592883092590385,0.00670200111415431,0.04263083204005816,0.03592883092590385
48000,29,phi_r_z,0.08020660965943122,0.03282492508917215,-0.04738168457025907,0.0030260949494662903,-0.04435558962079278,-0.04738168457025907
48000,30,phi_r_z,0.02215774324592297,0.0314085799183183,0.009250836672395332,-0.03464785623327951,-0.02539701956088418,0.009250836672395332
