seed,episode,rep,mean_empirical_rho,mean_surrogate_rho,mean_abs_rho_error,median_empirical_sd,median_surrogate_sd
1,0,0,0.9909012179411415,0.983916739119367,0.006984478821774433,0.07011776367946752,0.07011776367946751
1,0,1,0.9909012179411415,0.9855666539523517,0.006443535424606582,0.07011776367946752,0.07011776367946751
1,0,2,0.9909012179411415,0.9856703853240182,0.005800681066664491,0.07011776367946752,0.07011776367946751
1,0,3,0.9909012179411415,0.9832676630694738,0.007782207029953313,0.07011776367946752,0.07011776367946751
1,0,4,0.9909012179411415,0.9840490327169139,0.007247999367238532,0.07011776367946752,0.07011776367946752
1,1,0,0.9927036178238798,0.9842159707164438,0.008594935549487148,0.0794788401415308,0.0794788401415308
1,1,1,0.9927036178238798,0.9880331114233282,0.004670506400551833,0.0794788401415308,0.07947884014153078
1,1,2,0.9927036178238798,0.9882636283662457,0.005656688937706415,0.0794788401415308,0.0794788401415308
1,1,3,0.9927036178238798,0.9890487773041997,0.004369246789530583,0.0794788401415308,0.0794788401415308
1,1,4,0.9927036178238798,0.9837997847585819,0.008903833065298064,0.0794788401415308,0.07947884014153081
1,2,0,0.9914547007764174,0.9864128331611769,0.005681956260052866,0.062144324595591986,0.06214432459559198
1,2,1,0.9914547007764174,0.9840000169751395,0.007913183541473337,0.062144324595591986,0.062144324595591986
1,2,2,0.9914547007764174,0.9841245366825975,0.007330164093819748,0.062144324595591986,0.062144324595591986
1,2,3,0.9914547007764174,0.9848788439285951,0.006707413144839404,0.062144324595591986,0.06214432459559198
1,2,4,0.9914547007764174,0.9856703776235056,0.0069987920781278135,0.062144324595591986,0.062144324595591986
1,3,0,0.992268067115079,0.9887609751047041,0.004079625815544487,0.07114581768494646,0.07114581768494646
1,3,1,0.992268067115079,0.9854800327867688,0.00678803432831022,0.07114581768494646,0.07114581768494646
1,3,2,0.992268067115079,0.9867746921111219,0.006631315506616904,0.07114581768494646,0.07114581768494645
1,3,3,0.992268067115079,0.9889616115466632,0.0042623558635428065,0.07114581768494646,0.07114581768494646
1,3,4,0.992268067115079,0.9867682991756067,0.006014258718268939,0.07114581768494646,0.07114581768494646
1,4,0,0.9916177236729751,0.9873656904532009,0.004322961224143339,0.0724447295254417,0.07244472952544172
1,4,1,0.9916177236729751,0.9866634612685349,0.005628116559770219,0.0724447295254417,0.0724447295254417
1,4,2,0.9916177236729751,0.9825781537804997,0.009039569892475471,0.0724447295254417,0.0724447295254417
1,4,3,0.9916177236729751,0.9834352253647896,0.008211478683350823,0.0724447295254417,0.0724447295254417
1,4,4,0.9916177236729751,0.9881887481242909,0.003922866840264864,0.0724447295254417,0.0724447295254417
1,5,0,0.9925080290826136,0.9905354728953862,0.0032679468015126187,0.06953091969034014,0.06953091969034014
1,5,1,0.9925080290826136,0.9888978524351842,0.004315909771706372,0.06953091969034014,0.06953091969034014
1,5,2,0.9925080290826136,0.9844221522053359,0.008085876877277631,0.06953091969034014,0.06953091969034014
1,5,3,0.9925080290826136,0.9850173235559693,0.007490705526644344,0.06953091969034014,0.06953091969034014
1,5,4,0.9925080290826136,0.9854835158707843,0.007709595720308817,0.06953091969034014,0.06953091969034014
1,6,0,0.9898790610140207,0.9860799064458289,0.003799387467085811,0.05670036713236252,0.05670036713236252
1,6,1,0.9898790610140207,0.9825605960294873,0.007318464984533747,0.05670036713236252,0.056700367132362525
1,6,2,0.9898790610140207,0.9834516202653144,0.006464688534580071,0.05670036713236252,0.05670036713236252
1,6,3,0.9898790610140207,0.9825713349726225,0.007407098691181289,0.05670036713236252,0.05670036713236252
1,6,4,0.9898790610140207,0.9837733098557594,0.006388367375083211,0.05670036713236252,0.05670036713236251
1,7,0,0.9912172015546608,0.983896225514036,0.007411306802688265,0.07152602466529638,0.07152602466529638
1,7,1,0.9912172015546608,0.9876701033613143,0.005509303112087398,0.07152602466529638,0.07152602466529638
1,7,2,0.9912172015546608,0.987615051417578,0.004083522231078857,0.07152602466529638,0.07152602466529637
1,7,3,0.9912172015546608,0.980822298929655,0.010532702689583673,0.07152602466529638,0.07152602466529638
1,7,4,0.9912172015546608,0.9841790028337472,0.007092996760466273,0.07152602466529638,0.07152602466529637
1,8,0,0.9929200180487411,0.9853709925356186,0.0075490255131226884,0.06985994283579228,0.06985994283579228
1,8,1,0.9929200180487411,0.9868674743989069,0.006343294825721102,0.06985994283579228,0.06985994283579228
1,8,2,0.9929200180487411,0.9894968499114448,0.004748254401403991,0.06985994283579228,0.06985994283579229
1,8,3,0.9929200180487411,0.9873338993599963,0.005868181860498506,0.06985994283579228,0.06985994283579228
1,8,4,0.9929200180487411,0.9875547326755272,0.005918722679006237,0.06985994283579228,0.06985994283579228
1,9,0,0.9917264879757881,0.9855655393275747,0.00616094864821375,0.07368671479743963,0.07368671479743963
1,9,1,0.9917264879757881,0.9882405702794306,0.004129653563736513,0.07368671479743963,0.07368671479743963
1,9,2,0.9917264879757881,0.9825312741232494,0.009595089223390557,0.07368671479743963,0.07368671479743963
1,9,3,0.9917264879757881,0.9869298330040058,0.0055189135279888335,0.07368671479743963,0.07368671479743963
1,9,4,0.9917264879757881,0.9875973906053862,0.0047129594524879985,0.07368671479743963,0.07368671479743963
2,0,0,0.9901156606844256,0.9860744009150989,0.005453820985380599,0.08893453356995976,0.08893453356995977
2,0,1,0.9901156606844256,0.9846793664143796,0.005516413808910363,0.08893453356995976,0.08893453356995976
2,0,2,0.9901156606844256,0.9880194478697136,0.003810283831298037,0.08893453356995976,0.08893453356995977
2,0,3,0.9901156606844256,0.9864669577865349,0.0037011621285966967,0.08893453356995976,0.08893453356995977
2,0,4,0.9901156606844256,0.9855100159755844,0.005635552046514493,0.08893453356995976,0.08893453356995976
2,1,0,0.9843566208607409,0.9776973922530613,0.007485755634437892,0.08057751896032969,0.08057751896032969
2,1,1,0.9843566208607409,0.9775403811820434,0.006833910042399573,0.08057751896032969,0.08057751896032969
2,1,2,0.9843566208607409,0.9813223670391205,0.0059075273856354455,0.08057751896032969,0.08057751896032969
2,1,3,0.9843566208607409,0.9770553680809555,0.007322653494958059,0.08057751896032969,0.08057751896032969
2,1,4,0.9843566208607409,0.9771685254373729,0.007899810111311217,0.08057751896032969,0.08057751896032969
2,2,0,0.9922204498396204,0.9870518609044493,0.005525347226030412,0.10517373851301354,0.10517373851301354
2,2,1,0.9922204498396204,0.9842928563051525,0.00853237473312938,0.10517373851301354,0.10517373851301355
2,2,2,0.9922204498396204,0.9853958846658365,0.006824565173784085,0.10517373851301354,0.10517373851301355
2,2,3,0.9922204498396204,0.9864484641127339,0.005980126964204691,0.10517373851301354,0.10517373851301356
2,2,4,0.9922204498396204,0.9871793048263385,0.005299721039565127,0.10517373851301354,0.10517373851301354
2,3,0,0.9885989114470858,0.9797414562929093,0.01019372970291188,0.08972083371506517,0.08972083371506517
2,3,1,0.9885989114470858,0.984187730662835,0.005361113189625677,0.08972083371506517,0.08972083371506517
2,3,2,0.9885989114470858,0.9765328832415258,0.012654026000538296,0.08972083371506517,0.08972083371506517
2,3,3,0.9885989114470858,0.9823485112059483,0.00703365350191006,0.08972083371506517,0.08972083371506517
2,3,4,0.9885989114470858,0.981881148714146,0.0073127205699446045,0.08972083371506517,0.08972083371506517
2,4,0,0.985666985182937,0.9813300403030233,0.005072782593976283,0.0837140618008806,0.08371406180088062
2,4,1,0.985666985182937,0.9797127378166142,0.006754590081727778,0.0837140618008806,0.0837140618008806
2,4,2,0.985666985182937,0.983510424505111,0.0037595582127593528,0.0837140618008806,0.0837140618008806
2,4,3,0.985666985182937,0.9794295251024326,0.007328969081067245,0.0837140618008806,0.0837140618008806
2,4,4,0.985666985182937,0.980251980622976,0.006248795131872866,0.0837140618008806,0.08371406180088059
2,5,0,0.9913033234951416,0.9875203926617709,0.003980117108513435,0.09442704610816574,0.09442704610816574
2,5,1,0.9913033234951416,0.9872649683756533,0.0052729556206124835,0.09442704610816574,0.09442704610816574
2,5,2,0.9913033234951416,0.9865112505606914,0.005971774217106003,0.09442704610816574,0.09442704610816574
2,5,3,0.9913033234951416,0.979711325821481,0.011591997673660703,0.09442704610816574,0.09442704610816574
2,5,4,0.9913033234951416,0.990783985851727,0.002302263094197824,0.09442704610816574,0.09442704610816574
2,6,0,0.988851675467194,0.9805610123637916,0.008729654159634448,0.0919393602582902,0.09193936025829022
2,6,1,0.988851675467194,0.9840108592964404,0.005033323468315143,0.0919393602582902,0.09193936025829019
2,6,2,0.988851675467194,0.9853365749020407,0.0036086818984785627,0.0919393602582902,0.0919393602582902
2,6,3,0.988851675467194,0.9837009313876738,0.007326534483980786,0.0919393602582902,0.09193936025829022
2,6,4,0.988851675467194,0.984816999433156,0.006390995994296387,0.0919393602582902,0.09193936025829022
2,7,0,0.9904047074992842,0.986224206975363,0.005949686820112839,0.10191393877501986,0.10191393877501986
2,7,1,0.9904047074992842,0.986806150600153,0.0045440800057236315,0.10191393877501986,0.10191393877501986
2,7,2,0.9904047074992842,0.9831056914138001,0.007729259090808016,0.10191393877501986,0.10191393877501986
2,7,3,0.9904047074992842,0.9817689126607033,0.00888630012801848,0.10191393877501986,0.10191393877501986
2,7,4,0.9904047074992842,0.9847860572383493,0.00715405564947777,0.10191393877501986,0.10191393877501986
2,8,0,0.987654513557466,0.9815648586317799,0.007451281430603455,0.08883013286177864,0.08883013286177864
2,8,1,0.987654513557466,0.9799918612277646,0.0076823863393509495,0.08883013286177864,0.08883013286177864
2,8,2,0.987654513557466,0.9828149236380427,0.0051197733728238215,0.08883013286177864,0.08883013286177865
2,8,3,0.987654513557466,0.9825111460431581,0.00637160953675799,0.08883013286177864,0.08883013286177865
2,8,4,0.987654513557466,0.9841677290365359,0.006137323570240799,0.08883013286177864,0.08883013286177864
2,9,0,0.9899423403860118,0.9855059643678693,0.004968594503299238,0.09877221404370076,0.09877221404370076
2,9,1,0.9899423403860118,0.9836741723063769,0.00713377307242168,0.09877221404370076,0.09877221404370076
2,9,2,0.9899423403860118,0.981134361890073,0.008807978495938765,0.09877221404370076,0.09877221404370076
2,9,3,0.9899423403860118,0.9861319803124244,0.004811011466475131,0.09877221404370076,0.09877221404370073
2,9,4,0.9899423403860118,0.9854627710531606,0.005076775967902829,0.09877221404370076,0.09877221404370075
3,0,0,0.9908177513864413,0.987533424917522,0.0041779951583672354,0.06298642215661583,0.06298642215661582
3,0,1,0.9908177513864413,0.9853996229390942,0.005968432527222354,0.06298642215661583,0.06298642215661585
3,0,2,0.9908177513864413,0.9867063938890004,0.006976013551554194,0.06298642215661583,0.06298642215661583
3,0,3,0.9908177513864413,0.982648655883895,0.008570465524790405,0.06298642215661583,0.06298642215661583
3,0,4,0.9908177513864413,0.9831575411753394,0.008922032355012812,0.06298642215661583,0.06298642215661583
3,1,0,0.985213616223399,0.9814271089897592,0.008382872358866597,0.0787712002913589,0.07877120029135888
3,1,1,0.985213616223399,0.982365901127054,0.004545212880246906,0.0787712002913589,0.07877120029135888
3,1,2,0.985213616223399,0.9798048604121274,0.006794895036877783,0.0787712002913589,0.0787712002913589
3,1,3,0.985213616223399,0.9777815194645605,0.009503905467805237,0.0787712002913589,0.0787712002913589
3,1,4,0.985213616223399,0.9781083519124546,0.008040453661852113,0.0787712002913589,0.07877120029135888
3,2,0,0.9915585399061765,0.9835380615921573,0.008020478314019345,0.0650155190099653,0.0650155190099653
3,2,1,0.9915585399061765,0.9807226864567431,0.010835853449433478,0.0650155190099653,0.0650155190099653
3,2,2,0.9915585399061765,0.9872393258495001,0.004886677171344445,0.0650155190099653,0.0650155190099653
3,2,3,0.9915585399061765,0.9850531453184971,0.0072183002603546835,0.0650155190099653,0.0650155190099653
3,2,4,0.9915585399061765,0.9875370671263256,0.004021472779850978,0.0650155190099653,0.0650155190099653
3,3,0,0.9914982655160177,0.9788397548699058,0.012658510646112139,0.06412532544949576,0.06412532544949576
3,3,1,0.9914982655160177,0.9888401052151115,0.002999424736715328,0.06412532544949576,0.06412532544949577
3,3,2,0.9914982655160177,0.9860216483564824,0.006177330537553649,0.06412532544949576,0.06412532544949576
3,3,3,0.9914982655160177,0.9860020078368592,0.005579467940754719,0.06412532544949576,0.06412532544949576
3,3,4,0.9914982655160177,0.9894665924322559,0.003253039493320962,0.06412532544949576,0.06412532544949576
3,4,0,0.9887629706167734,0.9863319759414577,0.00401557941493504,0.07371370371291763,0.07371370371291763
3,4,1,0.9887629706167734,0.9851936339561304,0.00568899387725369,0.07371370371291763,0.07371370371291763
3,4,2,0.9887629706167734,0.9833658381320717,0.007236200433563951,0.07371370371291763,0.07371370371291765
3,4,3,0.9887629706167734,0.9844386790813054,0.006865340321055661,0.07371370371291763,0.07371370371291763
3,4,4,0.9887629706167734,0.9823574581255375,0.00704551033692281,0.07371370371291763,0.07371370371291763
3,5,0,0.9898031901866936,0.9838266953006345,0.005976494886059364,0.06001399290067362,0.06001399290067362
3,5,1,0.9898031901866936,0.979656866801445,0.010146323385248809,0.06001399290067362,0.06001399290067362
3,5,2,0.9898031901866936,0.9858603080778532,0.0049273766204462055,0.06001399290067362,0.06001399290067362
3,5,3,0.9898031901866936,0.985750301919491,0.004822353739773642,0.06001399290067362,0.06001399290067362
3,5,4,0.9898031901866936,0.9868279075614529,0.003826851160027613,0.06001399290067362,0.06001399290067362
3,6,0,0.9887938509105566,0.9859661657248187,0.0037983176870929982,0.08412991462815067,0.08412991462815067
3,6,1,0.9887938509105566,0.9834777342194431,0.005316116691113436,0.08412991462815067,0.08412991462815067
3,6,2,0.9887938509105566,0.9850425668773743,0.006437071584105253,0.08412991462815067,0.08412991462815067
3,6,3,0.9887938509105566,0.9854827312702329,0.0044253944133263445,0.08412991462815067,0.08412991462815067
3,6,4,0.9887938509105566,0.9809205877599217,0.008786780175356482,0.08412991462815067,0.08412991462815067
3,7,0,0.9869426421176706,0.9794585016357625,0.008525146484749438,0.07124049164645888,0.07124049164645886
3,7,1,0.9869426421176706,0.9815741116053626,0.005408667418276179,0.07124049164645888,0.07124049164645888
3,7,2,0.9869426421176706,0.9807185634626462,0.007266934414240848,0.07124049164645888,0.07124049164645888
3,7,3,0.9869426421176706,0.9864086023937785,0.003177638060560243,0.07124049164645888,0.07124049164645888
3,7,4,0.9869426421176706,0.9811318853156124,0.005833549384154785,0.07124049164645888,0.07124049164645888
3,8,0,0.986160081144201,0.9803501952816496,0.007275345086554956,0.06863610065560986,0.06863610065560986
3,8,1,0.986160081144201,0.9820575625562169,0.005694842521376707,0.06863610065560986,0.06863610065560985
3,8,2,0.986160081144201,0.9849186125280238,0.0052058825452343345,0.06863610065560986,0.06863610065560988
3,8,3,0.986160081144201,0.9792272193108799,0.007322253224709918,0.06863610065560986,0.06863610065560988
3,8,4,0.986160081144201,0.9777562802830787,0.009023446051187795,0.06863610065560986,0.06863610065560988
3,9,0,0.988565369577926,0.9828010610124646,0.008409170127254487,0.0656974678015633,0.0656974678015633
3,9,1,0.988565369577926,0.981451594889425,0.008915096577877257,0.0656974678015633,0.0656974678015633
3,9,2,0.988565369577926,0.9833390872008629,0.007676794568468842,0.0656974678015633,0.0656974678015633
3,9,3,0.988565369577926,0.9836571717892065,0.005818261292855907,0.0656974678015633,0.0656974678015633
3,9,4,0.988565369577926,0.9854823020221403,0.003931675454031179,0.0656974678015633,0.0656974678015633
4,0,0,0.9892225411448371,0.9845429528543947,0.004844772134893732,0.06222610908194698,0.06222610908194698
4,0,1,0.9892225411448371,0.9831085004345907,0.006242136122467,0.06222610908194698,0.06222610908194698
4,0,2,0.9892225411448371,0.9850569524199196,0.005217984819648931,0.06222610908194698,0.06222610908194698
4,0,3,0.9892225411448371,0.9797906061861945,0.009949760472744531,0.06222610908194698,0.06222610908194698
4,0,4,0.9892225411448371,0.9840118771368703,0.005210664007966844,0.06222610908194698,0.06222610908194697
4,1,0,0.9917354244738775,0.9915150693960929,0.002451767400686015,0.0810102338519016,0.0810102338519016
4,1,1,0.9917354244738775,0.9889091852653767,0.0034689941215705253,0.0810102338519016,0.08101023385190159
4,1,2,0.9917354244738775,0.9882290289383131,0.0038963649047951596,0.0810102338519016,0.0810102338519016
4,1,3,0.9917354244738775,0.9858949773713879,0.006649105317458113,0.0810102338519016,0.08101023385190159
4,1,4,0.9917354244738775,0.9858162880701561,0.006170419130504072,0.0810102338519016,0.08101023385190162
4,2,0,0.9918890362247437,0.9868127892040232,0.006476575008390467,0.06526756125836583,0.06526756125836583
4,2,1,0.9918890362247437,0.9841732823633319,0.007917052842693404,0.06526756125836583,0.06526756125836583
4,2,2,0.9918890362247437,0.9853190033623104,0.006570032862433249,0.06526756125836583,0.06526756125836583
4,2,3,0.9918890362247437,0.9847331649436062,0.007726870085958422,0.06526756125836583,0.06526756125836583
4,2,4,0.9918890362247437,0.9850481361737291,0.007483109930571857,0.06526756125836583,0.06526756125836583
4,3,0,0.9915422532836242,0.9875199159335706,0.0050442047077945695,0.06651211771071232,0.06651211771071232
4,3,1,0.9915422532836242,0.986758455050064,0.00513531108457783,0.06651211771071232,0.06651211771071233
4,3,2,0.9915422532836242,0.9875780379919612,0.004793767502515728,0.06651211771071232,0.06651211771071232
4,3,3,0.9915422532836242,0.9867753863488161,0.0056367393631275116,0.06651211771071232,0.06651211771071233
4,3,4,0.9915422532836242,0.9866639915558961,0.005256692772640126,0.06651211771071232,0.06651211771071232
4,4,0,0.9916927034573774,0.9882541916591845,0.004127831163720101,0.06657897183629641,0.06657897183629641
4,4,1,0.9916927034573774,0.9855353999015976,0.006920489128163186,0.06657897183629641,0.06657897183629641
4,4,2,0.9916927034573774,0.9875301150914111,0.0050456122870499625,0.06657897183629641,0.06657897183629641
4,4,3,0.9916927034573774,0.9841631501372717,0.0077714874375741,0.06657897183629641,0.06657897183629641
4,4,4,0.9916927034573774,0.984813322942289,0.007237985727042188,0.06657897183629641,0.06657897183629641
4,5,0,0.9932672273644049,0.9873248192736567,0.0062774397159151285,0.06255199261250456,0.06255199261250456
4,5,1,0.9932672273644049,0.9855388203006807,0.007728407063724185,0.06255199261250456,0.06255199261250455
4,5,2,0.9932672273644049,0.9845024812307326,0.008764746133672285,0.06255199261250456,0.06255199261250456
4,5,3,0.9932672273644049,0.989712291439702,0.003818587843055656,0.06255199261250456,0.06255199261250456
4,5,4,0.9932672273644049,0.988262090684754,0.0051913462103870545,0.06255199261250456,0.06255199261250456
4,6,0,0.9924972813231333,0.9868470175318808,0.006402924236690403,0.06341281914457042,0.06341281914457042
4,6,1,0.9924972813231333,0.9870724263415122,0.006163362681060204,0.06341281914457042,0.06341281914457042
4,6,2,0.9924972813231333,0.989044724154014,0.003525072393189379,0.06341281914457042,0.06341281914457042
4,6,3,0.9924972813231333,0.9849313667493953,0.007719419955644846,0.06341281914457042,0.06341281914457042
4,6,4,0.9924972813231333,0.985590046987637,0.007535825266736916,0.06341281914457042,0.06341281914457042
4,7,0,0.9918905280522257,0.9847258374570872,0.00716469059513856,0.06363965737236825,0.06363965737236825
4,7,1,0.9918905280522257,0.9863131637657799,0.006144814581519054,0.06363965737236825,0.06363965737236825
4,7,2,0.9918905280522257,0.988919531089242,0.004422434011040958,0.06363965737236825,0.06363965737236824
4,7,3,0.9918905280522257,0.9874665736003272,0.005446416190706062,0.06363965737236825,0.06363965737236825
4,7,4,0.9918905280522257,0.9857839760862905,0.0066028952215702414,0.06363965737236825,0.06363965737236824
4,8,0,0.9914916338549206,0.9872459767825403,0.005086975162988468,0.06587861201983024,0.06587861201983024
4,8,1,0.9914916338549206,0.9833013234957947,0.008890534389543106,0.06587861201983024,0.06587861201983024
4,8,2,0.9914916338549206,0.982989036352964,0.00876979301551071,0.06587861201983024,0.06587861201983024
4,8,3,0.9914916338549206,0.9810970072791277,0.010394626575792812,0.06587861201983024,0.06587861201983024
4,8,4,0.9914916338549206,0.9861290067503989,0.005374431788537294,0.06587861201983024,0.06587861201983024
4,9,0,0.9918368537994598,0.9840147204346082,0.008005829622382507,0.062022503976618314,0.06202250397661831
4,9,1,0.9918368537994598,0.9874897503292869,0.004532894642806133,0.062022503976618314,0.06202250397661832
4,9,2,0.9918368537994598,0.9853088342447571,0.006575769851106722,0.062022503976618314,0.06202250397661832
4,9,3,0.9918368537994598,0.9868488929910648,0.007341089803515832,0.062022503976618314,0.06202250397661832
4,9,4,0.9918368537994598,0.9869644785099396,0.005816158965294462,0.062022503976618314,0.06202250397661832
5,0,0,0.9894354754261926,0.9836110327753045,0.006598043361619473,0.0720048650489532,0.0720048650489532
5,0,1,0.9894354754261926,0.9818521639979473,0.007757081772443118,0.0720048650489532,0.0720048650489532
5,0,2,0.9894354754261926,0.9816757636232752,0.009053187608133312,0.0720048650489532,0.0720048650489532
5,0,3,0.9894354754261926,0.9833377048460515,0.006568977334250696,0.0720048650489532,0.0720048650489532
5,0,4,0.9894354754261926,0.9854439509949399,0.004801015053863544,0.0720048650489532,0.0720048650489532
5,1,0,0.990688990615952,0.9875610543809755,0.0052254067460995495,0.07514000308235141,0.0751400030823514
5,1,1,0.990688990615952,0.9828733138338209,0.008426113781403585,0.07514000308235141,0.0751400030823514
5,1,2,0.990688990615952,0.9864164720999001,0.004572778014843515,0.07514000308235141,0.07514000308235141
5,1,3,0.990688990615952,0.9844149661313568,0.006274024484594992,0.07514000308235141,0.0751400030823514
5,1,4,0.990688990615952,0.9846706708202291,0.006228671926347916,0.07514000308235141,0.07514000308235141
5,2,0,0.9888947853513047,0.98483138350481,0.0050822237011215465,0.07242674725439283,0.07242674725439283
5,2,1,0.9888947853513047,0.9847255766374245,0.0054532254172311445,0.07242674725439283,0.07242674725439283
5,2,2,0.9888947853513047,0.9858592683764327,0.003512924980016217,0.07242674725439283,0.07242674725439283
5,2,3,0.9888947853513047,0.9838196150056754,0.005146200401351451,0.07242674725439283,0.07242674725439283
5,2,4,0.9888947853513047,0.9857031928604169,0.004450380357193705,0.07242674725439283,0.07242674725439283
5,3,0,0.9912560554698003,0.9854505508912879,0.006890519497251872,0.08424330125282209,0.08424330125282209
5,3,1,0.9912560554698003,0.9850999508267698,0.006324094838087897,0.08424330125282209,0.08424330125282208
5,3,2,0.9912560554698003,0.98542747819001,0.006345083880816597,0.08424330125282209,0.08424330125282209
5,3,3,0.9912560554698003,0.9856272385473611,0.0064442088795176695,0.08424330125282209,0.08424330125282209
5,3,4,0.9912560554698003,0.9856612860187232,0.006352848878227069,0.08424330125282209,0.08424330125282209
5,4,0,0.9910142131794749,0.9836523475161453,0.00737487119495861,0.0908134505947282,0.0908134505947282
5,4,1,0.9910142131794749,0.9873612761271046,0.006271876560287178,0.0908134505947282,0.0908134505947282
5,4,2,0.9910142131794749,0.9860537409977886,0.006292187015833339,0.0908134505947282,0.0908134505947282
5,4,3,0.9910142131794749,0.9844588296199595,0.006763590110792861,0.0908134505947282,0.0908134505947282
5,4,4,0.9910142131794749,0.9859999750958651,0.005416845794676356,0.0908134505947282,0.0908134505947282
5,5,0,0.9921293030414238,0.9878757403728752,0.0045225531722145424,0.0889285316911959,0.08892853169119591
5,5,1,0.9921293030414238,0.9854721591758807,0.007713370767740535,0.0889285316911959,0.08892853169119591
5,5,2,0.9921293030414238,0.9862408607459358,0.005915484815674776,0.0889285316911959,0.08892853169119588
5,5,3,0.9921293030414238,0.9839318027680511,0.008197500273372635,0.0889285316911959,0.0889285316911959
5,5,4,0.9921293030414238,0.982806695555344,0.009322607486079798,0.0889285316911959,0.0889285316911959
5,6,0,0.991548010716826,0.9845253309788834,0.0071230235172449015,0.08121672943847481,0.08121672943847481
5,6,1,0.991548010716826,0.9860938366359911,0.005941822672741469,0.08121672943847481,0.08121672943847481
5,6,2,0.991548010716826,0.984684124341164,0.0074375058197211534,0.08121672943847481,0.08121672943847481
5,6,3,0.991548010716826,0.9869382991501471,0.005100089440618044,0.08121672943847481,0.08121672943847481
5,6,4,0.991548010716826,0.9844972977811679,0.007535833901576305,0.08121672943847481,0.08121672943847481
5,7,0,0.9914220323009357,0.9849796807007681,0.00703238217919767,0.0894314453638789,0.0894314453638789
5,7,1,0.9914220323009357,0.9865113990242363,0.005543722367057746,0.0894314453638789,0.0894314453638789
5,7,2,0.9914220323009357,0.9880480715029708,0.0038909108560018133,0.0894314453638789,0.08943144536387891
5,7,3,0.9914220323009357,0.9868010418309682,0.0053451818279859524,0.0894314453638789,0.0894314453638789
5,7,4,0.9914220323009357,0.9874488715617278,0.005164032279068624,0.0894314453638789,0.0894314453638789
5,8,0,0.9871588292585507,0.9791625777014533,0.00889406488819075,0.0702153421371103,0.0702153421371103
5,8,1,0.9871588292585507,0.9853570355972502,0.003337878810718629,0.0702153421371103,0.07021534213711028
5,8,2,0.9871588292585507,0.9825433017344082,0.006069206063404137,0.0702153421371103,0.0702153421371103
5,8,3,0.9871588292585507,0.984223884061911,0.0034183239611889718,0.0702153421371103,0.0702153421371103
5,8,4,0.9871588292585507,0.9852311883475785,0.003576551530404879,0.0702153421371103,0.0702153421371103
5,9,0,0.9922867809373818,0.9915785606726971,0.001254600748756357,0.08880871744396046,0.08880871744396046
5,9,1,0.9922867809373818,0.9883493614337752,0.004763738901544014,0.08880871744396046,0.08880871744396046
5,9,2,0.9922867809373818,0.9862650197124917,0.0061002077209362515,0.08880871744396046,0.08880871744396047
5,9,3,0.9922867809373818,0.9848075130365707,0.007479267900810947,0.08880871744396046,0.08880871744396046
5,9,4,0.9922867809373818,0.9843654519423203,0.00792132899506138,0.08880871744396046,0.08880871744396047
6,0,0,0.9903910574334085,0.9852512495590161,0.005181788568449798,0.09423019619110756,0.09423019619110756
6,0,1,0.9903910574334085,0.9858677275860909,0.005234758490269581,0.09423019619110756,0.09423019619110758
6,0,2,0.9903910574334085,0.9857986729131669,0.004916005902679692,0.09423019619110756,0.09423019619110756
6,0,3,0.9903910574334085,0.9851075175961901,0.00794400174692784,0.09423019619110756,0.09423019619110756
6,0,4,0.9903910574334085,0.9850840364888023,0.005561743835426125,0.09423019619110756,0.09423019619110756
6,1,0,0.9905248542877908,0.9826520968405429,0.00787275744724796,0.10326898404285943,0.10326898404285943
6,1,1,0.9905248542877908,0.9858112196057552,0.005633487739953573,0.10326898404285943,0.10326898404285942
6,1,2,0.9905248542877908,0.9844128959885675,0.007439975409578803,0.10326898404285943,0.10326898404285943
6,1,3,0.9905248542877908,0.9810926405918772,0.00943221369591346,0.10326898404285943,0.10326898404285943
6,1,4,0.9905248542877908,0.9833477959754767,0.007801839455146074,0.10326898404285943,0.10326898404285943
6,2,0,0.9916031281815859,0.9853104593368006,0.00648023254752265,0.09785432133657032,0.09785432133657032
6,2,1,0.9916031281815859,0.9870895225634095,0.005086323226855205,0.09785432133657032,0.09785432133657032
6,2,2,0.9916031281815859,0.985878752127451,0.007227015530031873,0.09785432133657032,0.09785432133657032
6,2,3,0.9916031281815859,0.9858165039016374,0.005788669344669252,0.09785432133657032,0.09785432133657032
6,2,4,0.9916031281815859,0.986568751070208,0.005210433319821628,0.09785432133657032,0.09785432133657032
6,3,0,0.9834240179915215,0.9765662767334877,0.007155608530200104,0.05914958830784687,0.05914958830784686
6,3,1,0.9834240179915215,0.9771778351397299,0.0074458385982299384,0.05914958830784687,0.05914958830784687
6,3,2,0.9834240179915215,0.9784700072416577,0.007197375157279418,0.05914958830784687,0.05914958830784687
6,3,3,0.9834240179915215,0.9789850786907173,0.006415099042093697,0.05914958830784687,0.05914958830784687
6,3,4,0.9834240179915215,0.9780379912873483,0.006628148519680975,0.05914958830784687,0.059149588307846876
6,4,0,0.9849742081649634,0.9813954217612321,0.003902702338322526,0.10284141508295747,0.10284141508295747
6,4,1,0.9849742081649634,0.97829062139341,0.007955274446510415,0.10284141508295747,0.10284141508295747
6,4,2,0.9849742081649634,0.98406075066355,0.005059476352002888,0.10284141508295747,0.10284141508295745
6,4,3,0.9849742081649634,0.9773572461869637,0.007616961977999742,0.10284141508295747,0.10284141508295747
6,4,4,0.9849742081649634,0.9827933966250225,0.00441855531779195,0.10284141508295747,0.10284141508295747
6,5,0,0.9901592479785872,0.9838089958994166,0.0063502520791708554,0.10712558724391053,0.10712558724391053
6,5,1,0.9901592479785872,0.9841569964826699,0.008034901863028068,0.10712558724391053,0.10712558724391053
6,5,2,0.9901592479785872,0.985918712437354,0.004776239169720235,0.10712558724391053,0.10712558724391053
6,5,3,0.9901592479785872,0.9834790732980084,0.007445254911817624,0.10712558724391053,0.10712558724391053
6,5,4,0.9901592479785872,0.9784920387395671,0.011667209239020279,0.10712558724391053,0.10712558724391053
6,6,0,0.9932730578889425,0.9868816920404395,0.007179855347699558,0.13068484758231486,0.13068484758231486
6,6,1,0.9932730578889425,0.9877279645357144,0.005545093353228059,0.13068484758231486,0.13068484758231486
6,6,2,0.9932730578889425,0.9876432315616581,0.005670081056898886,0.13068484758231486,0.13068484758231486
6,6,3,0.9932730578889425,0.9884832839611187,0.004789773927823732,0.13068484758231486,0.13068484758231486
6,6,4,0.9932730578889425,0.9880771593667751,0.005321199459037779,0.13068484758231486,0.13068484758231483
6,7,0,0.9877986228989264,0.9803742074042154,0.007783256314144754,0.08742757743768839,0.08742757743768839
6,7,1,0.9877986228989264,0.9803475484886922,0.007672759575878328,0.08742757743768839,0.08742757743768839
6,7,2,0.9877986228989264,0.9840517899126637,0.004899943029137395,0.08742757743768839,0.08742757743768839
6,7,3,0.9877986228989264,0.9817698703567479,0.007491293537608866,0.08742757743768839,0.08742757743768839
6,7,4,0.9877986228989264,0.9836707274714281,0.0042919924726552245,0.08742757743768839,0.08742757743768839
6,8,0,0.987227342860208,0.9822714411346194,0.006545289028174038,0.07769253412065075,0.07769253412065073
6,8,1,0.987227342860208,0.9813032149031667,0.00658331519327431,0.07769253412065075,0.07769253412065075
6,8,2,0.987227342860208,0.9787857789967805,0.009333699601492051,0.07769253412065075,0.07769253412065076
6,8,3,0.987227342860208,0.9811576154352556,0.0075687756743703745,0.07769253412065075,0.07769253412065075
6,8,4,0.987227342860208,0.9799301341973957,0.007727167002536867,0.07769253412065075,0.07769253412065075
6,9,0,0.9904594973518419,0.9849175916043486,0.005579773950981942,0.1346736870857767,0.1346736870857767
6,9,1,0.9904594973518419,0.9875527521475626,0.005555478139664893,0.1346736870857767,0.1346736870857767
6,9,2,0.9904594973518419,0.9842276214905886,0.0062318758612532705,0.1346736870857767,0.1346736870857767
6,9,3,0.9904594973518419,0.9852684816311661,0.005979450641956004,0.1346736870857767,0.1346736870857767
6,9,4,0.9904594973518419,0.9875500865844303,0.003512278132177258,0.1346736870857767,0.1346736870857767
7,0,0,0.9882887809665869,0.9827163592724433,0.005618964658594618,0.06653491996753089,0.06653491996753089
7,0,1,0.9882887809665869,0.9834916711261128,0.0064143477489474465,0.06653491996753089,0.06653491996753089
7,0,2,0.9882887809665869,0.9794956242194562,0.00958282136271559,0.06653491996753089,0.06653491996753089
7,0,3,0.9882887809665869,0.9817378018749636,0.006861071947302529,0.06653491996753089,0.06653491996753089
7,0,4,0.9882887809665869,0.985262027026649,0.0038630704066573798,0.06653491996753089,0.0665349199675309
7,1,0,0.9874865024909746,0.9784840111286358,0.009074037083533918,0.06362650452798133,0.06362650452798133
7,1,1,0.9874865024909746,0.9824123220645814,0.005783762680988273,0.06362650452798133,0.06362650452798133
7,1,2,0.9874865024909746,0.9842292843376897,0.004625138051516838,0.06362650452798133,0.06362650452798133
7,1,3,0.9874865024909746,0.9789001381203676,0.009834779455074558,0.06362650452798133,0.06362650452798133
7,1,4,0.9874865024909746,0.9820847832363703,0.005940897428648201,0.06362650452798133,0.06362650452798133
7,2,0,0.9890777924208622,0.9826408624930862,0.00658476968061425,0.0704458173411534,0.0704458173411534
7,2,1,0.9890777924208622,0.9846540158630933,0.005490747866069197,0.0704458173411534,0.0704458173411534
7,2,2,0.9890777924208622,0.983864622260162,0.005955081307691984,0.0704458173411534,0.0704458173411534
7,2,3,0.9890777924208622,0.9826625791017284,0.007553069119978846,0.0704458173411534,0.0704458173411534
7,2,4,0.9890777924208622,0.9859998434158451,0.005003711076994682,0.0704458173411534,0.0704458173411534
7,3,0,0.9911124968040226,0.9847687134295774,0.006896143959620275,0.06666260462643633,0.06666260462643633
7,3,1,0.9911124968040226,0.9851888827812866,0.006134989121251312,0.06666260462643633,0.06666260462643632
7,3,2,0.9911124968040226,0.9870302731807047,0.0054112350310743145,0.06666260462643633,0.06666260462643633
7,3,3,0.9911124968040226,0.9844073139148161,0.007629180505402788,0.06666260462643633,0.06666260462643633
7,3,4,0.9911124968040226,0.9872179568731827,0.004773280664349354,0.06666260462643633,0.06666260462643633
7,4,0,0.9890753027520541,0.98306609422949,0.006634642886324316,0.06370494632035284,0.06370494632035284
7,4,1,0.9890753027520541,0.9883845459140135,0.001940007532413357,0.06370494632035284,0.06370494632035283
7,4,2,0.9890753027520541,0.9804710052617658,0.009096520787324166,0.06370494632035284,0.06370494632035284
7,4,3,0.9890753027520541,0.983928097880009,0.005147204872045304,0.06370494632035284,0.06370494632035284
7,4,4,0.9890753027520541,0.9781669501178896,0.010908352634164528,0.06370494632035284,0.06370494632035284
7,5,0,0.9884083021016409,0.9830486795200347,0.006323631156687669,0.06462984551517979,0.06462984551517978
7,5,1,0.9884083021016409,0.984828954450858,0.0038363229465033324,0.06462984551517979,0.06462984551517979
7,5,2,0.9884083021016409,0.9830189789691058,0.006860043574687678,0.06462984551517979,0.0646298455151798
7,5,3,0.9884083021016409,0.9842482709609266,0.004994559452703801,0.06462984551517979,0.06462984551517979
7,5,4,0.9884083021016409,0.9828057690331994,0.0073807151122289765,0.06462984551517979,0.06462984551517978
7,6,0,0.990493355539999,0.9877462318102945,0.003913314987321771,0.06947315137732933,0.06947315137732933
7,6,1,0.990493355539999,0.9845011961371691,0.006771370269696181,0.06947315137732933,0.06947315137732933
7,6,2,0.990493355539999,0.9897880293487468,0.002966153269421475,0.06947315137732933,0.06947315137732933
7,6,3,0.990493355539999,0.9839964196975917,0.006496935842407264,0.06947315137732933,0.06947315137732933
7,6,4,0.990493355539999,0.9846949740375326,0.006496392911301237,0.06947315137732933,0.06947315137732933
7,7,0,0.9922581178331837,0.9842325723760678,0.008174260213794545,0.06794296457394108,0.06794296457394108
7,7,1,0.9922581178331837,0.9872474499746855,0.007059845973730485,0.06794296457394108,0.06794296457394107
7,7,2,0.9922581178331837,0.9892780991226955,0.004416639448691991,0.06794296457394108,0.06794296457394108
7,7,3,0.9922581178331837,0.9837694286659282,0.008488689167255592,0.06794296457394108,0.06794296457394107
7,7,4,0.9922581178331837,0.9887503320968943,0.003899807906119777,0.06794296457394108,0.06794296457394107
7,8,0,0.9909944948138971,0.9834008352272594,0.007802033583861038,0.06959806533709484,0.06959806533709484
7,8,1,0.9909944948138971,0.9853892418605049,0.0071753701947882,0.06959806533709484,0.06959806533709484
7,8,2,0.9909944948138971,0.9862026438188799,0.006666459586013057,0.06959806533709484,0.06959806533709484
7,8,3,0.9909944948138971,0.9910350308382911,0.0023244061903220556,0.06959806533709484,0.06959806533709484
7,8,4,0.9909944948138971,0.9845704397046412,0.0064355462146304014,0.06959806533709484,0.06959806533709484
7,9,0,0.9884376658189971,0.9813443011707411,0.007461005592212115,0.08092648182879912,0.08092648182879911
7,9,1,0.9884376658189971,0.9832802227310512,0.006857031766676365,0.08092648182879912,0.08092648182879912
7,9,2,0.9884376658189971,0.9833543474596812,0.005636111623963112,0.08092648182879912,0.08092648182879912
7,9,3,0.9884376658189971,0.9835035117513647,0.005497912093311352,0.08092648182879912,0.08092648182879913
7,9,4,0.9884376658189971,0.9833320028453616,0.005874795344623364,0.08092648182879912,0.08092648182879912
8,0,0,0.9906952880920218,0.9828531049169734,0.00848455308952172,0.05254658324206191,0.05254658324206191
8,0,1,0.9906952880920218,0.9865768129617476,0.00539496507022455,0.05254658324206191,0.05254658324206191
8,0,2,0.9906952880920218,0.9854788139614503,0.005945884618479595,0.05254658324206191,0.05254658324206192
8,0,3,0.9906952880920218,0.9830199753333826,0.007675312758639197,0.05254658324206191,0.052546583242061906
8,0,4,0.9906952880920218,0.9843287255997267,0.0070805915449250745,0.05254658324206191,0.05254658324206191
8,1,0,0.9876635152247425,0.982062857943654,0.006048606719211295,0.04333155470330983,0.043331554703309835
8,1,1,0.9876635152247425,0.9857396683807068,0.002575546751217526,0.04333155470330983,0.04333155470330983
8,1,2,0.9876635152247425,0.9817246042863506,0.007367191919169042,0.04333155470330983,0.04333155470330982
8,1,3,0.9876635152247425,0.9822888044688206,0.006075600109715769,0.04333155470330983,0.043331554703309835
8,1,4,0.9876635152247425,0.9813158805734356,0.0063476346513069715,0.04333155470330983,0.04333155470330983
8,2,0,0.9899979099456306,0.9832102074446424,0.007412966816094084,0.0499364010316424,0.049936401031642395
8,2,1,0.9899979099456306,0.9847179907481208,0.007026240681270178,0.0499364010316424,0.049936401031642395
8,2,2,0.9899979099456306,0.9844145662513433,0.005676373027811303,0.0499364010316424,0.049936401031642395
8,2,3,0.9899979099456306,0.9840161224522802,0.005981787493350589,0.0499364010316424,0.0499364010316424
8,2,4,0.9899979099456306,0.9866540470634922,0.0051274891616323775,0.0499364010316424,0.0499364010316424
8,3,0,0.9856096663974111,0.9820378167079644,0.004714219478183447,0.04009262144106231,0.040092621441062314
8,3,1,0.9856096663974111,0.9809354144891871,0.006918197074619446,0.04009262144106231,0.04009262144106231
8,3,2,0.9856096663974111,0.9795743441204641,0.006121446424377268,0.04009262144106231,0.04009262144106231
8,3,3,0.9856096663974111,0.9803079234906006,0.006114209902972327,0.04009262144106231,0.04009262144106231
8,3,4,0.9856096663974111,0.980464592089369,0.005744984960523114,0.04009262144106231,0.040092621441062314
8,4,0,0.9919724917394759,0.9886767873065079,0.00473042446342406,0.05659258483352124,0.05659258483352123
8,4,1,0.9919724917394759,0.9878435178031779,0.004680133211762296,0.05659258483352124,0.05659258483352124
8,4,2,0.9919724917394759,0.9893894536458147,0.003175937979026914,0.05659258483352124,0.05659258483352124
8,4,3,0.9919724917394759,0.9846755098436385,0.007797337433595415,0.05659258483352124,0.05659258483352124
8,4,4,0.9919724917394759,0.9854522425178894,0.007195061011367937,0.05659258483352124,0.05659258483352124
8,5,0,0.9922369200658309,0.9820748960965111,0.010432290247853368,0.05142070158818264,0.05142070158818264
8,5,1,0.9922369200658309,0.9874374385047511,0.004799481561079964,0.05142070158818264,0.05142070158818265
8,5,2,0.9922369200658309,0.9869356853841939,0.005301234681637272,0.05142070158818264,0.05142070158818264
8,5,3,0.9922369200658309,0.987690289602451,0.005365905964901098,0.05142070158818264,0.05142070158818264
8,5,4,0.9922369200658309,0.9861643902356563,0.006338013753259338,0.05142070158818264,0.05142070158818264
8,6,0,0.9917181980037931,0.9875909014400545,0.005050624085351341,0.054434025260523246,0.054434025260523246
8,6,1,0.9917181980037931,0.9836586336517162,0.008059564352077156,0.054434025260523246,0.054434025260523246
8,6,2,0.9917181980037931,0.9861137493725751,0.005604448631218423,0.054434025260523246,0.054434025260523246
8,6,3,0.9917181980037931,0.9882182799805005,0.003563541272244073,0.054434025260523246,0.05443402526052325
8,6,4,0.9917181980037931,0.9849713808792608,0.0068818725481847864,0.054434025260523246,0.05443402526052325
8,7,0,0.9872434676044636,0.9820852421859113,0.005791958530602594,0.04503260714412679,0.04503260714412679
8,7,1,0.9872434676044636,0.9830877979194081,0.0059100847139085255,0.04503260714412679,0.04503260714412679
8,7,2,0.9872434676044636,0.9795917683926962,0.008207757276634373,0.04503260714412679,0.04503260714412679
8,7,3,0.9872434676044636,0.9843854747371404,0.004217039521434457,0.04503260714412679,0.04503260714412679
8,7,4,0.9872434676044636,0.9810583476021506,0.007019704937445433,0.04503260714412679,0.04503260714412679
8,8,0,0.991958112879543,0.9845131493736985,0.007535793172683612,0.053931131833721765,0.053931131833721765
8,8,1,0.991958112879543,0.984071090859517,0.008468881236423984,0.053931131833721765,0.053931131833721765
8,8,2,0.991958112879543,0.9896919845347668,0.004718984561859568,0.053931131833721765,0.05393113183372177
8,8,3,0.991958112879543,0.9856256297491796,0.00633248313036371,0.053931131833721765,0.053931131833721765
8,8,4,0.991958112879543,0.9872233210108169,0.006266048869980519,0.053931131833721765,0.05393113183372177
8,9,0,0.9887270502654099,0.9854356537327881,0.004624814598088843,0.04302836462873144,0.04302836462873144
8,9,1,0.9887270502654099,0.983240163945827,0.007319250201391496,0.04302836462873144,0.04302836462873144
8,9,2,0.9887270502654099,0.984669292213789,0.005947807827021978,0.04302836462873144,0.04302836462873144
8,9,3,0.9887270502654099,0.978834337590508,0.010522718309532877,0.04302836462873144,0.04302836462873144
8,9,4,0.9887270502654099,0.9824925453091407,0.007717788830512375,0.04302836462873144,0.04302836462873144
9,0,0,0.993864521316154,0.9864960354704442,0.007998178668000308,0.05058105077360477,0.05058105077360477
9,0,1,0.993864521316154,0.9889022630922177,0.004962258223936404,0.05058105077360477,0.05058105077360477
9,0,2,0.993864521316154,0.9867501531448021,0.007268165838987382,0.05058105077360477,0.05058105077360478
9,0,3,0.993864521316154,0.9869787890478515,0.006885732268302756,0.05058105077360477,0.050581050773604766
9,0,4,0.993864521316154,0.9887116918083391,0.005152829507815056,0.05058105077360477,0.050581050773604766
9,1,0,0.9943212013228472,0.986360335822866,0.00801526774652489,0.04867022508176827,0.04867022508176827
9,1,1,0.9943212013228472,0.9894099433159228,0.005513790953862119,0.04867022508176827,0.04867022508176827
9,1,2,0.9943212013228472,0.9905505338878272,0.0037706674350200717,0.04867022508176827,0.04867022508176827
9,1,3,0.9943212013228472,0.9889230657939659,0.005670687089024999,0.04867022508176827,0.04867022508176827
9,1,4,0.9943212013228472,0.9882493123454803,0.006071888977367157,0.04867022508176827,0.04867022508176827
9,2,0,0.9926771773896887,0.9865125626990873,0.0061646146906014125,0.04578673450594149,0.04578673450594149
9,2,1,0.9926771773896887,0.9886118988314853,0.005472688835358434,0.04578673450594149,0.04578673450594149
9,2,2,0.9926771773896887,0.9870399333540701,0.00625833898650846,0.04578673450594149,0.04578673450594149
9,2,3,0.9926771773896887,0.9867158753781703,0.006638673483899127,0.04578673450594149,0.04578673450594149
9,2,4,0.9926771773896887,0.9836535372595142,0.009619869503813707,0.04578673450594149,0.04578673450594149
9,3,0,0.9925733162859243,0.9847718295688282,0.007801486717096277,0.04454015032911926,0.04454015032911926
9,3,1,0.9925733162859243,0.9888582671419585,0.0037150491439660225,0.04454015032911926,0.04454015032911926
9,3,2,0.9925733162859243,0.9885845313466631,0.004293218148529186,0.04454015032911926,0.04454015032911926
9,3,3,0.9925733162859243,0.9868151815177639,0.007086980373464437,0.04454015032911926,0.04454015032911926
9,3,4,0.9925733162859243,0.9883937873001029,0.004211057491272892,0.04454015032911926,0.04454015032911926
9,4,0,0.9919752471761153,0.9892201424314407,0.004179285884544369,0.04712061371449649,0.04712061371449649
9,4,1,0.9919752471761153,0.981173784113209,0.010801463062906682,0.04712061371449649,0.04712061371449649
9,4,2,0.9919752471761153,0.9863905172185291,0.006287137725473707,0.04712061371449649,0.047120613714496495
9,4,3,0.9919752471761153,0.9854144387264249,0.006652268445697236,0.04712061371449649,0.04712061371449649
9,4,4,0.9919752471761153,0.9840246346486062,0.008027034899496946,0.04712061371449649,0.04712061371449649
9,5,0,0.9925683115110066,0.9858731526245804,0.007121890132916299,0.045326959186505277,0.045326959186505277
9,5,1,0.9925683115110066,0.9843259058397268,0.008242405671280012,0.045326959186505277,0.04532695918650528
9,5,2,0.9925683115110066,0.9890200258383476,0.003548285672659126,0.045326959186505277,0.045326959186505277
9,5,3,0.9925683115110066,0.9855630584657065,0.008030809344940723,0.045326959186505277,0.04532695918650528
9,5,4,0.9925683115110066,0.9866867821850206,0.0071168410065929515,0.045326959186505277,0.045326959186505277
9,6,0,0.9922962249111423,0.9884695479187547,0.0059099792849094486,0.05231280528742333,0.05231280528742333
9,6,1,0.9922962249111423,0.985325537985871,0.00726677916355679,0.05231280528742333,0.052312805287423325
9,6,2,0.9922962249111423,0.9846685547864525,0.0077462398133911385,0.05231280528742333,0.05231280528742333
9,6,3,0.9922962249111423,0.9853236587229603,0.007740505144340899,0.05231280528742333,0.05231280528742333
9,6,4,0.9922962249111423,0.9893016980598812,0.004999372118569064,0.05231280528742333,0.052312805287423325
9,7,0,0.9926989801922329,0.988379515783889,0.005229304837450303,0.04678587221864519,0.0467858722186452
9,7,1,0.9926989801922329,0.9873055901170619,0.005559048040031915,0.04678587221864519,0.0467858722186452
9,7,2,0.9926989801922329,0.9885898234565277,0.005111981292717708,0.04678587221864519,0.04678587221864519
9,7,3,0.9926989801922329,0.9890681237016269,0.0044923254552831264,0.04678587221864519,0.0467858722186452
9,7,4,0.9926989801922329,0.9868417007884775,0.006034817394288322,0.04678587221864519,0.0467858722186452
9,8,0,0.9930104661466892,0.988859913455509,0.004603636883141239,0.048879048701201175,0.048879048701201175
9,8,1,0.9930104661466892,0.9854094401084952,0.007914448637792662,0.048879048701201175,0.04887904870120118
9,8,2,0.9930104661466892,0.9861589774658287,0.006871263668524928,0.048879048701201175,0.048879048701201175
9,8,3,0.9930104661466892,0.988923711618276,0.0045113815970656,0.048879048701201175,0.048879048701201175
9,8,4,0.9930104661466892,0.987613559732805,0.00539690641388461,0.048879048701201175,0.048879048701201175
9,9,0,0.9930530871995032,0.987508982900208,0.0066471666826252536,0.04887436504125643,0.04887436504125643
9,9,1,0.9930530871995032,0.9878543533055315,0.0051987338939719074,0.04887436504125643,0.04887436504125643
9,9,2,0.9930530871995032,0.9839812460921536,0.009242678542883132,0.04887436504125643,0.04887436504125643
9,9,3,0.9930530871995032,0.9898264358654435,0.004328166324330769,0.04887436504125643,0.04887436504125643
9,9,4,0.9930530871995032,0.9883342240364912,0.004718863163012371,0.04887436504125643,0.04887436504125643
10,0,0,0.9856907388907405,0.980160659258894,0.006282326586023466,0.07602594870822418,0.07602594870822418
10,0,1,0.9856907388907405,0.9752757971247944,0.012288036290298732,0.07602594870822418,0.07602594870822418
10,0,2,0.9856907388907405,0.9807276198307101,0.006339324132135356,0.07602594870822418,0.07602594870822418
10,0,3,0.9856907388907405,0.9819835654039242,0.006027060314800011,0.07602594870822418,0.07602594870822418
10,0,4,0.9856907388907405,0.9797849631870644,0.006779429219154615,0.07602594870822418,0.07602594870822418
10,1,0,0.9901456851986481,0.9836180571512044,0.006527628047443695,0.08919971304938953,0.08919971304938953
10,1,1,0.9901456851986481,0.9844664566396609,0.006094236503928957,0.08919971304938953,0.08919971304938953
10,1,2,0.9901456851986481,0.985637059127464,0.0048676587057576255,0.08919971304938953,0.08919971304938953
10,1,3,0.9901456851986481,0.9825332712107476,0.008827556803584019,0.08919971304938953,0.08919971304938952
10,1,4,0.9901456851986481,0.9876449552638363,0.0036189439869580287,0.08919971304938953,0.08919971304938952
10,2,0,0.9887242906551016,0.9820719160654718,0.0074369691483059846,0.09649920341454046,0.09649920341454046
10,2,1,0.9887242906551016,0.987272351707373,0.0030838268917254275,0.09649920341454046,0.09649920341454046
10,2,2,0.9887242906551016,0.9812185727559463,0.00888022075943661,0.09649920341454046,0.09649920341454046
10,2,3,0.9887242906551016,0.9850471432352803,0.004345919396872909,0.09649920341454046,0.09649920341454046
10,2,4,0.9887242906551016,0.9785412393896542,0.01018305126544756,0.09649920341454046,0.09649920341454046
10,3,0,0.9889455677958856,0.9850492310776285,0.005073205632744012,0.07627758553633357,0.07627758553633354
10,3,1,0.9889455677958856,0.9816041437184119,0.008647636985590382,0.07627758553633357,0.07627758553633357
10,3,2,0.9889455677958856,0.9881007239389924,0.003713008037826574,0.07627758553633357,0.07627758553633357
10,3,3,0.9889455677958856,0.9796414354563489,0.00952729705892158,0.07627758553633357,0.07627758553633357
10,3,4,0.9889455677958856,0.9796876316468087,0.010298116004588076,0.07627758553633357,0.07627758553633357
10,4,0,0.9876137405979483,0.981887525555416,0.007393542721924634,0.0915666628357111,0.09156666283571112
10,4,1,0.9876137405979483,0.9803443330796463,0.007300047440155212,0.0915666628357111,0.0915666628357111
10,4,2,0.9876137405979483,0.9763622765122365,0.011251464085711918,0.0915666628357111,0.09156666283571112
10,4,3,0.9876137405979483,0.984102010538861,0.0036558164165788978,0.0915666628357111,0.09156666283571112
10,4,4,0.9876137405979483,0.9853799253194019,0.006027857711365677,0.0915666628357111,0.0915666628357111
10,5,0,0.9842125879080902,0.9799214013093861,0.005057310884411026,0.06721075358238347,0.06721075358238347
10,5,1,0.9842125879080902,0.9775319315284948,0.009524696815704429,0.06721075358238347,0.06721075358238347
10,5,2,0.9842125879080902,0.9815874609249794,0.006454494488329086,0.06721075358238347,0.06721075358238347
10,5,3,0.9842125879080902,0.9788550758690162,0.006424968816690191,0.06721075358238347,0.06721075358238347
10,5,4,0.9842125879080902,0.9806428157167302,0.004794832722907806,0.06721075358238347,0.06721075358238347
10,6,0,0.9845630478327815,0.9804420268978232,0.005453656387655631,0.07744936706477268,0.07744936706477268
10,6,1,0.9845630478327815,0.9765694586076944,0.009107697755927893,0.07744936706477268,0.07744936706477269
10,6,2,0.9845630478327815,0.9785687602391068,0.007701271875892497,0.07744936706477268,0.07744936706477268
10,6,3,0.9845630478327815,0.9778587427868631,0.006797485206288136,0.07744936706477268,0.07744936706477268
10,6,4,0.9845630478327815,0.9816017029786063,0.0051230278960530855,0.07744936706477268,0.07744936706477268
10,7,0,0.9883102469931194,0.9829133181641878,0.005854457892327358,0.07152023442191574,0.07152023442191574
10,7,1,0.9883102469931194,0.9810701793027833,0.007695908641362835,0.07152023442191574,0.07152023442191574
10,7,2,0.9883102469931194,0.9830752847670792,0.006443903253097756,0.07152023442191574,0.07152023442191574
10,7,3,0.9883102469931194,0.9822206272065213,0.007268434954273882,0.07152023442191574,0.07152023442191574
10,7,4,0.9883102469931194,0.9836898658139149,0.005460851323476494,0.07152023442191574,0.07152023442191574
10,8,0,0.9831649102367451,0.9760955602311859,0.007733476428982246,0.0689519570809625,0.06895195708096251
10,8,1,0.9831649102367451,0.97725669561675,0.008474303210548947,0.0689519570809625,0.0689519570809625
10,8,2,0.9831649102367451,0.9777323848904661,0.00773816488167529,0.0689519570809625,0.0689519570809625
10,8,3,0.9831649102367451,0.9804707288315964,0.004988695440309572,0.0689519570809625,0.06895195708096251
10,8,4,0.9831649102367451,0.9802266227257403,0.005829836199454264,0.0689519570809625,0.06895195708096251
10,9,0,0.9874254618534478,0.9830075123866541,0.004987470184196319,0.1116844239665597,0.1116844239665597
10,9,1,0.9874254618534478,0.9825519772220158,0.006565104158092777,0.1116844239665597,0.1116844239665597
10,9,2,0.9874254618534478,0.9838554977280737,0.005085299244880011,0.1116844239665597,0.11168442396655968
10,9,3,0.9874254618534478,0.9760837312836282,0.01155608504302442,0.1116844239665597,0.1116844239665597
10,9,4,0.9874254618534478,0.9841401398340714,0.006447325156433111,0.1116844239665597,0.1116844239665597
11,0,0,0.9834292320649677,0.9768625388951513,0.009444724102833923,0.06632868630085643,0.06632868630085643
11,0,1,0.9834292320649677,0.9694570134302132,0.013972218634754665,0.06632868630085643,0.06632868630085643
11,0,2,0.9834292320649677,0.9762607071966821,0.007900791752975894,0.06632868630085643,0.06632868630085643
11,0,3,0.9834292320649677,0.9817622174489836,0.0049509491397978595,0.06632868630085643,0.06632868630085643
11,0,4,0.9834292320649677,0.9760206779043447,0.007408554160623082,0.06632868630085643,0.06632868630085643
11,1,0,0.988717916059052,0.9835791558940814,0.006643134692175238,0.08438100876835941,0.08438100876835941
11,1,1,0.988717916059052,0.9820844200841484,0.007051353508064008,0.08438100876835941,0.08438100876835941
11,1,2,0.988717916059052,0.9814961390902132,0.007584077490568729,0.08438100876835941,0.08438100876835941
11,1,3,0.988717916059052,0.9819195735456131,0.00690250450012439,0.08438100876835941,0.08438100876835941
11,1,4,0.988717916059052,0.9813393786464039,0.008625328260953682,0.08438100876835941,0.08438100876835941
11,2,0,0.9897975232941305,0.9842091307673981,0.006391690742440771,0.08191276908413513,0.08191276908413513
11,2,1,0.9897975232941305,0.9834374502269965,0.007703248227961691,0.08191276908413513,0.08191276908413513
11,2,2,0.9897975232941305,0.9816704458591768,0.009252506139839476,0.08191276908413513,0.08191276908413513
11,2,3,0.9897975232941305,0.9826443338865462,0.008683213571889448,0.08191276908413513,0.08191276908413513
11,2,4,0.9897975232941305,0.9861599576475687,0.004024046389561442,0.08191276908413513,0.08191276908413513
11,3,0,0.9856769448268845,0.9796576616465092,0.008205333458431266,0.07032202507497853,0.07032202507497853
11,3,1,0.9856769448268845,0.9804238185541739,0.007678802642310717,0.07032202507497853,0.07032202507497853
11,3,2,0.9856769448268845,0.9798177708745189,0.0064194829578119545,0.07032202507497853,0.07032202507497853
11,3,3,0.9856769448268845,0.9811300699135396,0.004546874913345239,0.07032202507497853,0.07032202507497853
11,3,4,0.9856769448268845,0.9840770556946509,0.003111289983856754,0.07032202507497853,0.07032202507497853
11,4,0,0.9861277033968118,0.9798153929991001,0.0063800230881066915,0.08461574408655698,0.08461574408655698
11,4,1,0.9861277033968118,0.9809979630195965,0.007536402423650196,0.08461574408655698,0.08461574408655696
11,4,2,0.9861277033968118,0.9827956416432481,0.004134936635281018,0.08461574408655698,0.08461574408655698
11,4,3,0.9861277033968118,0.9851447207884215,0.0035946665254358856,0.08461574408655698,0.08461574408655698
11,4,4,0.9861277033968118,0.9773716236875503,0.008756079709261613,0.08461574408655698,0.08461574408655696
11,5,0,0.9903240617590546,0.9837553091813184,0.00712871477238904,0.07975923227402584,0.07975923227402584
11,5,1,0.9903240617590546,0.9835071044484912,0.007442331975848353,0.07975923227402584,0.07975923227402584
11,5,2,0.9903240617590546,0.9845728872377951,0.006240377739992707,0.07975923227402584,0.07975923227402584
11,5,3,0.9903240617590546,0.9838190380667707,0.007443110810805981,0.07975923227402584,0.07975923227402584
11,5,4,0.9903240617590546,0.9830029758530051,0.007756600301687326,0.07975923227402584,0.07975923227402584
11,6,0,0.9922562016557736,0.9826660601221828,0.00959014153359076,0.09837264918063718,0.09837264918063718
11,6,1,0.9922562016557736,0.985116157506468,0.00714004414930557,0.09837264918063718,0.09837264918063718
11,6,2,0.9922562016557736,0.9885097957243428,0.003972954678338349,0.09837264918063718,0.09837264918063718
11,6,3,0.9922562016557736,0.985962382596327,0.006475128959228878,0.09837264918063718,0.09837264918063718
11,6,4,0.9922562016557736,0.9868408419526976,0.005415359703075902,0.09837264918063718,0.09837264918063718
11,7,0,0.9830900783530536,0.9805241818646252,0.00497885332819345,0.06878028203094307,0.06878028203094307
11,7,1,0.9830900783530536,0.9767271395990688,0.006645191697143708,0.06878028203094307,0.06878028203094307
11,7,2,0.9830900783530536,0.9762883087130861,0.007576643998490969,0.06878028203094307,0.06878028203094305
11,7,3,0.9830900783530536,0.9767467204755356,0.009092887197749089,0.06878028203094307,0.06878028203094307
11,7,4,0.9830900783530536,0.9778367991933226,0.0071152410384455285,0.06878028203094307,0.06878028203094307
11,8,0,0.9898637925974184,0.984279300854323,0.007101777773743934,0.10164551176343817,0.10164551176343817
11,8,1,0.9898637925974184,0.985523125595919,0.006553895915743642,0.10164551176343817,0.10164551176343817
11,8,2,0.9898637925974184,0.9824267812617764,0.00947412723008173,0.10164551176343817,0.10164551176343815
11,8,3,0.9898637925974184,0.980607908060852,0.009483897951038581,0.10164551176343817,0.10164551176343817
11,8,4,0.9898637925974184,0.9858445415807879,0.005146406259758642,0.10164551176343817,0.10164551176343817
11,9,0,0.991086150057316,0.9837079867259458,0.0073781633313702855,0.09052109991686641,0.09052109991686641
11,9,1,0.991086150057316,0.9864765297371876,0.0061737281856114505,0.09052109991686641,0.09052109991686641
11,9,2,0.991086150057316,0.984051500127196,0.007152897031945299,0.09052109991686641,0.09052109991686642
11,9,3,0.991086150057316,0.9854908263278289,0.006023953693897845,0.09052109991686641,0.09052109991686641
11,9,4,0.991086150057316,0.9868716126085589,0.005202351962848711,0.09052109991686641,0.09052109991686641
12,0,0,0.9879923810573921,0.9810777568402756,0.007466111060883213,0.05059159641071097,0.05059159641071097
12,0,1,0.9879923810573921,0.9817408816960533,0.00787015430954808,0.05059159641071097,0.05059159641071097
12,0,2,0.9879923810573921,0.9863974492190639,0.003957477219222692,0.05059159641071097,0.05059159641071097
12,0,3,0.9879923810573921,0.9845219535940309,0.004631850976679425,0.05059159641071097,0.05059159641071097
12,0,4,0.9879923810573921,0.9797060413976854,0.008505572258499738,0.05059159641071097,0.050591596410710975
12,1,0,0.9871740735962017,0.9819533095224027,0.006073753399603273,0.056753348495165626,0.056753348495165626
12,1,1,0.9871740735962017,0.9803700328261945,0.0076827384717930896,0.056753348495165626,0.056753348495165626
12,1,2,0.9871740735962017,0.980061525971801,0.007717258075198972,0.056753348495165626,0.05675334849516562
12,1,3,0.9871740735962017,0.9835447085180133,0.003824422697129339,0.056753348495165626,0.056753348495165626
12,1,4,0.9871740735962017,0.9843966645276697,0.004888374077383628,0.056753348495165626,0.056753348495165626
12,2,0,0.9912739684528851,0.9865193856390273,0.0047846245886962275,0.0652852006964263,0.0652852006964263
12,2,1,0.9912739684528851,0.9843815084614173,0.006961077041052671,0.0652852006964263,0.0652852006964263
12,2,2,0.9912739684528851,0.9849669077292537,0.006320589838390428,0.0652852006964263,0.0652852006964263
12,2,3,0.9912739684528851,0.9851611601532517,0.006385435703630242,0.0652852006964263,0.0652852006964263
12,2,4,0.9912739684528851,0.9891504429737625,0.0036033408397460795,0.0652852006964263,0.0652852006964263
12,3,0,0.9887678824205745,0.979977053355659,0.00879082906491524,0.05815934305682688,0.05815934305682688
12,3,1,0.9887678824205745,0.9848420021724452,0.004532050974764705,0.05815934305682688,0.05815934305682688
12,3,2,0.9887678824205745,0.9868730822245685,0.00426071741243252,0.05815934305682688,0.05815934305682688
12,3,3,0.9887678824205745,0.983237877213472,0.007858146806472835,0.05815934305682688,0.05815934305682688
12,3,4,0.9887678824205745,0.9806101284341825,0.008636808746951358,0.05815934305682688,0.05815934305682688
12,4,0,0.9913756577178426,0.9864319842923757,0.006584272057292562,0.07973905724954326,0.07973905724954325
12,4,1,0.9913756577178426,0.9819657895996902,0.009409868118152523,0.07973905724954326,0.07973905724954326
12,4,2,0.9913756577178426,0.9887545947833717,0.0040312146215065,0.07973905724954326,0.07973905724954326
12,4,3,0.9913756577178426,0.9858609126548142,0.00629353107324318,0.07973905724954326,0.07973905724954326
12,4,4,0.9913756577178426,0.9856252595039274,0.00641477440502609,0.07973905724954326,0.07973905724954326
12,5,0,0.990404239567114,0.9849407773069544,0.0061744394176237545,0.060887322402510484,0.06088732240251048
12,5,1,0.990404239567114,0.9846097853331349,0.00579445423397922,0.060887322402510484,0.06088732240251049
12,5,2,0.990404239567114,0.9847766719996889,0.006274856846811172,0.060887322402510484,0.060887322402510484
12,5,3,0.990404239567114,0.9842925638345301,0.006385944434798156,0.060887322402510484,0.060887322402510484
12,5,4,0.990404239567114,0.9876254953536793,0.003389695774048157,0.060887322402510484,0.06088732240251048
12,6,0,0.9918783127819499,0.9873519412123252,0.005737999641499569,0.07507905671831785,0.07507905671831785
12,6,1,0.9918783127819499,0.9883315953359051,0.004834998054573214,0.07507905671831785,0.07507905671831785
12,6,2,0.9918783127819499,0.983666453151041,0.010616109669243451,0.07507905671831785,0.07507905671831787
12,6,3,0.9918783127819499,0.9888684738393002,0.004481788577173018,0.07507905671831785,0.07507905671831787
12,6,4,0.9918783127819499,0.9852483273383931,0.0074759107443296184,0.07507905671831785,0.07507905671831785
12,7,0,0.9865705285880463,0.9784070379025503,0.008940939781882503,0.05348565212830735,0.05348565212830735
12,7,1,0.9865705285880463,0.9819658691872558,0.006324940159455293,0.05348565212830735,0.05348565212830735
12,7,2,0.9865705285880463,0.9832139033309271,0.0060150719254143765,0.05348565212830735,0.05348565212830735
12,7,3,0.9865705285880463,0.9829083465757323,0.005682295694415335,0.05348565212830735,0.05348565212830736
12,7,4,0.9865705285880463,0.9810296738158689,0.006441139511816907,0.05348565212830735,0.05348565212830735
12,8,0,0.9884251885816675,0.9807557883020834,0.008208302776318779,0.06743952108561369,0.06743952108561369
12,8,1,0.9884251885816675,0.9812657502796122,0.007159438302055195,0.06743952108561369,0.06743952108561369
12,8,2,0.9884251885816675,0.9811886127172831,0.007236575864384143,0.06743952108561369,0.06743952108561369
12,8,3,0.9884251885816675,0.9825551340045221,0.0062819682643174,0.06743952108561369,0.06743952108561369
12,8,4,0.9884251885816675,0.9828914621239684,0.006109840342129663,0.06743952108561369,0.06743952108561369
12,9,0,0.9866748884666813,0.9810524883677628,0.0076478268340029925,0.05351295550468715,0.053512955504687154
12,9,1,0.9866748884666813,0.9804645674701927,0.00666034933003537,0.05351295550468715,0.053512955504687154
12,9,2,0.9866748884666813,0.9810634255760363,0.006020909686156132,0.05351295550468715,0.05351295550468715
12,9,3,0.9866748884666813,0.9778061786072075,0.010886516183976977,0.05351295550468715,0.05351295550468715
12,9,4,0.9866748884666813,0.9799420734751086,0.008258615394250574,0.05351295550468715,0.053512955504687154
13,0,0,0.9901016461727262,0.9861441098853841,0.005386181392204851,0.09089746822388811,0.09089746822388813
13,0,1,0.9901016461727262,0.985499093436136,0.005256214232346392,0.09089746822388811,0.09089746822388811
13,0,2,0.9901016461727262,0.9847108886672201,0.006928600850293472,0.09089746822388811,0.09089746822388811
13,0,3,0.9901016461727262,0.9814998254415036,0.009604513964786445,0.09089746822388811,0.09089746822388811
13,0,4,0.9901016461727262,0.9827707530987357,0.008033866346603738,0.09089746822388811,0.09089746822388813
13,1,0,0.9843604398232476,0.9763556529160394,0.008004786907208081,0.08820226602511592,0.08820226602511594
13,1,1,0.9843604398232476,0.9798442296633433,0.00590541344359934,0.08820226602511592,0.08820226602511592
13,1,2,0.9843604398232476,0.9810020878512021,0.004976399183930493,0.08820226602511592,0.08820226602511591
13,1,3,0.9843604398232476,0.9760267069242019,0.008910515373295255,0.08820226602511592,0.08820226602511591
13,1,4,0.9843604398232476,0.9791464587983904,0.005672281505152366,0.08820226602511592,0.08820226602511591
13,2,0,0.990799004886742,0.9864279237098854,0.005168630771031681,0.10259546954637,0.10259546954637
13,2,1,0.990799004886742,0.9862353240773931,0.004656881635956835,0.10259546954637,0.10259546954637
13,2,2,0.990799004886742,0.9825360951552865,0.008262909731455456,0.10259546954637,0.10259546954637
13,2,3,0.990799004886742,0.985530014691936,0.00728562038369517,0.10259546954637,0.10259546954637
13,2,4,0.990799004886742,0.9858662491908466,0.005600188595788508,0.10259546954637,0.10259546954637
13,3,0,0.986195416602194,0.9839865205700967,0.003013900512473013,0.09401543957520009,0.09401543957520009
13,3,1,0.986195416602194,0.9801974648746744,0.0062827667147968835,0.09401543957520009,0.09401543957520009
13,3,2,0.986195416602194,0.9795913810717508,0.010304694096867942,0.09401543957520009,0.09401543957520009
13,3,3,0.986195416602194,0.9804135560971758,0.00578186050501837,0.09401543957520009,0.09401543957520009
13,3,4,0.986195416602194,0.9831792030508759,0.00363511710889731,0.09401543957520009,0.09401543957520009
13,4,0,0.9879500336043936,0.9812715250329553,0.010770303343158058,0.10495091290808115,0.10495091290808115
13,4,1,0.9879500336043936,0.9803525374968268,0.009195621741406784,0.10495091290808115,0.10495091290808115
13,4,2,0.9879500336043936,0.9790827278984949,0.008867305705898951,0.10495091290808115,0.10495091290808115
13,4,3,0.9879500336043936,0.9840340447953375,0.006268307067144717,0.10495091290808115,0.10495091290808115
13,4,4,0.9879500336043936,0.9820640904580721,0.007679236689145145,0.10495091290808115,0.10495091290808115
13,5,0,0.9890173202041587,0.9840833593036656,0.005711081993280548,0.07838125033941978,0.07838125033941978
13,5,1,0.9890173202041587,0.9832432056986987,0.00699449168434312,0.07838125033941978,0.07838125033941978
13,5,2,0.9890173202041587,0.9802430333979538,0.0100522184496916,0.07838125033941978,0.07838125033941978
13,5,3,0.9890173202041587,0.9852811031929997,0.005710815614583531,0.07838125033941978,0.07838125033941978
13,5,4,0.9890173202041587,0.9827965711344011,0.007025443115009633,0.07838125033941978,0.07838125033941978
13,6,0,0.9933169093619907,0.9838157407039589,0.009931664996880233,0.11406825565822615,0.11406825565822615
13,6,1,0.9933169093619907,0.9858893999441399,0.007491086383977913,0.11406825565822615,0.11406825565822615
13,6,2,0.9933169093619907,0.9847351847045348,0.008733411747042471,0.11406825565822615,0.11406825565822615
13,6,3,0.9933169093619907,0.9891919794744259,0.004912850823212421,0.11406825565822615,0.11406825565822615
13,6,4,0.9933169093619907,0.9875944637743368,0.005859242434965319,0.11406825565822615,0.11406825565822615
13,7,0,0.9858398212034506,0.9823679737817465,0.006366845381038387,0.08888736732948323,0.08888736732948323
13,7,1,0.9858398212034506,0.9826618339621902,0.005948271273173267,0.08888736732948323,0.08888736732948321
13,7,2,0.9858398212034506,0.9775626936870142,0.008428139938561304,0.08888736732948323,0.08888736732948323
13,7,3,0.9858398212034506,0.9812174527529612,0.0049735792060628115,0.08888736732948323,0.08888736732948321
13,7,4,0.9858398212034506,0.9818252814831943,0.004628201203478205,0.08888736732948323,0.08888736732948323
13,8,0,0.9869548222813154,0.9830610555469851,0.004050848233769472,0.08370087273026973,0.08370087273026973
13,8,1,0.9869548222813154,0.9815767158267996,0.00643257340291319,0.08370087273026973,0.08370087273026974
13,8,2,0.9869548222813154,0.9808103749622542,0.0072948147077174135,0.08370087273026973,0.08370087273026973
13,8,3,0.9869548222813154,0.9827993226388306,0.004681295531430818,0.08370087273026973,0.08370087273026972
13,8,4,0.9869548222813154,0.9810960262490441,0.0076354157379192045,0.08370087273026973,0.08370087273026972
13,9,0,0.9896733032077226,0.982946080104095,0.006767222782784604,0.09311311086608211,0.09311311086608212
13,9,1,0.9896733032077226,0.9830878820940216,0.007141494555856757,0.09311311086608211,0.09311311086608211
13,9,2,0.9896733032077226,0.9843403518147564,0.006435681925040061,0.09311311086608211,0.09311311086608211
13,9,3,0.9896733032077226,0.984931826715373,0.005157905543163819,0.09311311086608211,0.09311311086608211
13,9,4,0.9896733032077226,0.9836334370017289,0.006286056268164623,0.09311311086608211,0.09311311086608211
14,0,0,0.9782050994422167,0.9741925847497624,0.006505722755637183,0.07020341128130865,0.07020341128130866
14,0,1,0.9782050994422167,0.9693726132055557,0.010672518467565423,0.07020341128130865,0.07020341128130864
14,0,2,0.9782050994422167,0.977827669869732,0.0050782587200268086,0.07020341128130865,0.07020341128130864
14,0,3,0.9782050994422167,0.9712478637966608,0.008183332310972189,0.07020341128130865,0.07020341128130865
14,0,4,0.9782050994422167,0.9705770001392183,0.008237408038999167,0.07020341128130865,0.07020341128130865
14,1,0,0.9834281397445189,0.981202335548645,0.005532278415996211,0.06371586187538172,0.06371586187538172
14,1,1,0.9834281397445189,0.9789036713419074,0.0064662953502951275,0.06371586187538172,0.06371586187538172
14,1,2,0.9834281397445189,0.9752906180354263,0.008144928555078831,0.06371586187538172,0.06371586187538172
14,1,3,0.9834281397445189,0.9777504184309717,0.00635034040777437,0.06371586187538172,0.06371586187538172
14,1,4,0.9834281397445189,0.97796971770702,0.006577544747403343,0.06371586187538172,0.06371586187538172
14,2,0,0.9829080624406363,0.9773055135354184,0.006078837920382736,0.07396146241131353,0.07396146241131353
14,2,1,0.9829080624406363,0.9787748069470362,0.006306729490754189,0.07396146241131353,0.07396146241131353
14,2,2,0.9829080624406363,0.9782194328180548,0.007373178424221537,0.07396146241131353,0.07396146241131352
14,2,3,0.9829080624406363,0.977849572239581,0.005273308782876268,0.07396146241131353,0.07396146241131354
14,2,4,0.9829080624406363,0.9798937170317293,0.006127664218426411,0.07396146241131353,0.07396146241131354
14,3,0,0.9871901771312118,0.9806594533578868,0.009874861179266725,0.10495626708144307,0.10495626708144307
14,3,1,0.9871901771312118,0.9830928190711448,0.0069047854502048145,0.10495626708144307,0.10495626708144307
14,3,2,0.9871901771312118,0.9831788620128686,0.004955206858660244,0.10495626708144307,0.10495626708144307
14,3,3,0.9871901771312118,0.9823024247964182,0.006510745192553856,0.10495626708144307,0.10495626708144307
14,3,4,0.9871901771312118,0.981416803415227,0.00726992798841225,0.10495626708144307,0.10495626708144307
14,4,0,0.9853729978883233,0.9833429004581119,0.0034247916943499954,0.08227804531870522,0.08227804531870522
14,4,1,0.9853729978883233,0.9838688180574771,0.004648834877225783,0.08227804531870522,0.08227804531870522
14,4,2,0.9853729978883233,0.97927727859496,0.006830585725574305,0.08227804531870522,0.08227804531870524
14,4,3,0.9853729978883233,0.9777009670387277,0.008664986925739823,0.08227804531870522,0.08227804531870522
14,4,4,0.9853729978883233,0.979712540910633,0.006532918917968006,0.08227804531870522,0.08227804531870522
14,5,0,0.9878519699545126,0.9830131703320083,0.005303674196580806,0.07970535385339178,0.07970535385339178
14,5,1,0.9878519699545126,0.9821682276086238,0.006146065876074219,0.07970535385339178,0.07970535385339178
14,5,2,0.9878519699545126,0.9802532862091363,0.0084535109267831,0.07970535385339178,0.07970535385339178
14,5,3,0.9878519699545126,0.9834747341130758,0.006223866316675745,0.07970535385339178,0.07970535385339178
14,5,4,0.9878519699545126,0.983267682983027,0.005532509960922814,0.07970535385339178,0.07970535385339178
14,6,0,0.9889060306434135,0.9852121868912812,0.006274975336013687,0.08722611556225138,0.08722611556225138
14,6,1,0.9889060306434135,0.9832599645195682,0.006616546386363377,0.08722611556225138,0.08722611556225138
14,6,2,0.9889060306434135,0.9856931332495468,0.0042060138157496525,0.08722611556225138,0.08722611556225138
14,6,3,0.9889060306434135,0.9821332216773319,0.007230434076771819,0.08722611556225138,0.08722611556225136
14,6,4,0.9889060306434135,0.9856245722020355,0.004991272076134673,0.08722611556225138,0.08722611556225138
14,7,0,0.9859610589132815,0.9803694177153294,0.006236370050241802,0.07048197875306866,0.07048197875306866
14,7,1,0.9859610589132815,0.981404794287574,0.004969368292711403,0.07048197875306866,0.07048197875306866
14,7,2,0.9859610589132815,0.9817747164910978,0.005441754068901757,0.07048197875306866,0.07048197875306866
14,7,3,0.9859610589132815,0.978151492332946,0.008537604216369371,0.07048197875306866,0.07048197875306866
14,7,4,0.9859610589132815,0.9785198799802924,0.00836614685334978,0.07048197875306866,0.07048197875306866
14,8,0,0.9821691183174667,0.9729713332265176,0.009210142948891201,0.07539955907775672,0.07539955907775672
14,8,1,0.9821691183174667,0.9749118446157935,0.007818101127303226,0.07539955907775672,0.07539955907775672
14,8,2,0.9821691183174667,0.974807278406817,0.008457325949288571,0.07539955907775672,0.07539955907775672
14,8,3,0.9821691183174667,0.9741071554121042,0.00859542638816746,0.07539955907775672,0.07539955907775672
14,8,4,0.9821691183174667,0.9763988092720904,0.0071250861439227835,0.07539955907775672,0.07539955907775672
14,9,0,0.9894737005032804,0.9848182688721745,0.005693273409338599,0.08993943892993131,0.08993943892993131
14,9,1,0.9894737005032804,0.9844933383847838,0.00564500960747243,0.08993943892993131,0.08993943892993131
14,9,2,0.9894737005032804,0.9882965775259883,0.002701397914155588,0.08993943892993131,0.08993943892993131
14,9,3,0.9894737005032804,0.9866718284945349,0.003816565597039384,0.08993943892993131,0.0899394389299313
14,9,4,0.9894737005032804,0.9805741908615447,0.00910777989613278,0.08993943892993131,0.08993943892993131
15,0,0,0.9907994536160089,0.987122143946006,0.00493217333556802,0.08216887460931979,0.0821688746093198
15,0,1,0.9907994536160089,0.9863359094212676,0.00538601164474405,0.08216887460931979,0.0821688746093198
15,0,2,0.9907994536160089,0.9860432325253096,0.005697778745788427,0.08216887460931979,0.08216887460931979
15,0,3,0.9907994536160089,0.9866304022706075,0.004564216111851159,0.08216887460931979,0.08216887460931979
15,0,4,0.9907994536160089,0.9853043796014999,0.005805429801115064,0.08216887460931979,0.08216887460931979
15,1,0,0.9903044655702495,0.9806035831104154,0.010017982371626072,0.06944600777117464,0.06944600777117463
15,1,1,0.9903044655702495,0.9862954147395006,0.0044121347957364705,0.06944600777117464,0.06944600777117466
15,1,2,0.9903044655702495,0.9830262999114693,0.007923090006852382,0.06944600777117464,0.06944600777117466
15,1,3,0.9903044655702495,0.9861738646055516,0.004403093604326835,0.06944600777117464,0.06944600777117466
15,1,4,0.9903044655702495,0.9858219173735597,0.0045195437306343456,0.06944600777117464,0.06944600777117464
15,2,0,0.9920220613308613,0.9864078354874953,0.006741419911726322,0.07266161288008524,0.07266161288008524
15,2,1,0.9920220613308613,0.9884204518742763,0.005183968925629122,0.07266161288008524,0.07266161288008524
15,2,2,0.9920220613308613,0.986542387049715,0.006070974267385222,0.07266161288008524,0.07266161288008524
15,2,3,0.9920220613308613,0.9873066648936623,0.005109082215657312,0.07266161288008524,0.07266161288008524
15,2,4,0.9920220613308613,0.9887378973739994,0.004024299525007592,0.07266161288008524,0.07266161288008524
15,3,0,0.9884347839196175,0.9838295621515112,0.005123721577325324,0.06479247984315675,0.06479247984315675
15,3,1,0.9884347839196175,0.9847422256700451,0.005267821931058024,0.06479247984315675,0.06479247984315675
15,3,2,0.9884347839196175,0.981600539993661,0.008531803102260704,0.06479247984315675,0.06479247984315675
15,3,3,0.9884347839196175,0.9840941258850121,0.005790741910600768,0.06479247984315675,0.06479247984315675
15,3,4,0.9884347839196175,0.984790612809296,0.005115824275895853,0.06479247984315675,0.06479247984315675
15,4,0,0.9872869546246688,0.9829614244603094,0.00514360889544956,0.07692615637573866,0.07692615637573866
15,4,1,0.9872869546246688,0.9788493926564806,0.008773495290763869,0.07692615637573866,0.07692615637573866
15,4,2,0.9872869546246688,0.9825195455763073,0.0063291462054057375,0.07692615637573866,0.07692615637573866
15,4,3,0.9872869546246688,0.9774731755641115,0.009876360843813409,0.07692615637573866,0.07692615637573866
15,4,4,0.9872869546246688,0.982664259517405,0.0048135599542766805,0.07692615637573866,0.07692615637573866
15,5,0,0.9901476074983996,0.986736002210126,0.004591112953911162,0.06908614146536125,0.06908614146536125
15,5,1,0.9901476074983996,0.9824956916980022,0.0076519158003976,0.06908614146536125,0.06908614146536124
15,5,2,0.9901476074983996,0.9855963492934432,0.004904053115919775,0.06908614146536125,0.06908614146536125
15,5,3,0.9901476074983996,0.9872321474895301,0.004048496995325723,0.06908614146536125,0.06908614146536125
15,5,4,0.9901476074983996,0.9858429607666958,0.00539241328629031,0.06908614146536125,0.06908614146536125
15,6,0,0.9913044396303824,0.982985048430458,0.008914639535973426,0.07363394198892721,0.07363394198892723
15,6,1,0.9913044396303824,0.9828303901730208,0.008474049457361752,0.07363394198892721,0.0736339419889272
15,6,2,0.9913044396303824,0.9888369162652516,0.003710355559786845,0.07363394198892721,0.07363394198892721
15,6,3,0.9913044396303824,0.98951554962392,0.003141785756922616,0.07363394198892721,0.07363394198892723
15,6,4,0.9913044396303824,0.9840076161491514,0.007689163953382215,0.07363394198892721,0.07363394198892721
15,7,0,0.9894114303026121,0.983730420782223,0.006119387064655997,0.06630057005246331,0.06630057005246331
15,7,1,0.9894114303026121,0.982688670691937,0.006722759610674821,0.06630057005246331,0.06630057005246331
15,7,2,0.9894114303026121,0.9839546171997834,0.005933670402507668,0.06630057005246331,0.06630057005246331
15,7,3,0.9894114303026121,0.9850310236925925,0.004836737041975171,0.06630057005246331,0.06630057005246331
15,7,4,0.9894114303026121,0.9854945396096132,0.004337495791942647,0.06630057005246331,0.06630057005246331
15,8,0,0.9857237204289365,0.9833864930839437,0.004097937833936582,0.0692009296122385,0.0692009296122385
15,8,1,0.9857237204289365,0.9788442820673149,0.007578329502943959,0.0692009296122385,0.0692009296122385
15,8,2,0.9857237204289365,0.9828589839450554,0.00357037733910448,0.0692009296122385,0.0692009296122385
15,8,3,0.9857237204289365,0.9771166785107699,0.009083848449435763,0.0692009296122385,0.0692009296122385
15,8,4,0.9857237204289365,0.9770405845961654,0.009383857346896349,0.0692009296122385,0.0692009296122385
15,9,0,0.9869625355173266,0.9826126977882329,0.006152750616855403,0.058924664849133765,0.058924664849133765
15,9,1,0.9869625355173266,0.9799219282900352,0.0070514512701199865,0.058924664849133765,0.05892466484913378
15,9,2,0.9869625355173266,0.9809978137279981,0.0065253266849943925,0.058924664849133765,0.05892466484913377
15,9,3,0.9869625355173266,0.9823857739084215,0.006617828107584489,0.058924664849133765,0.05892466484913377
15,9,4,0.9869625355173266,0.9813994768899149,0.005871784170241608,0.058924664849133765,0.05892466484913377
16,0,0,0.9840020638459261,0.9808328579318064,0.0038993141091864894,0.07481676669662224,0.07481676669662224
16,0,1,0.9840020638459261,0.973843232613708,0.010158831232218196,0.07481676669662224,0.07481676669662224
16,0,2,0.9840020638459261,0.9759026486498342,0.008447340451751226,0.07481676669662224,0.07481676669662224
16,0,3,0.9840020638459261,0.9775307054446943,0.007048832553742075,0.07481676669662224,0.07481676669662224
16,0,4,0.9840020638459261,0.9811481832772843,0.005219660638115085,0.07481676669662224,0.07481676669662224
16,1,0,0.98756843624691,0.9819114052320824,0.006594497269512602,0.08837000098436243,0.08837000098436243
16,1,1,0.98756843624691,0.980633624529835,0.007164087878911827,0.08837000098436243,0.08837000098436243
16,1,2,0.98756843624691,0.9782067211242094,0.009896214247227891,0.08837000098436243,0.08837000098436243
16,1,3,0.98756843624691,0.9838934693491925,0.003886201581494155,0.08837000098436243,0.08837000098436244
16,1,4,0.98756843624691,0.9804093124400999,0.008065692159672658,0.08837000098436243,0.08837000098436243
16,2,0,0.9906298555583324,0.9848987098671994,0.006521325342689436,0.10434662680387616,0.10434662680387616
16,2,1,0.9906298555583324,0.9855808502276839,0.007319457898678568,0.10434662680387616,0.10434662680387616
16,2,2,0.9906298555583324,0.9861197174672164,0.005083322056566207,0.10434662680387616,0.10434662680387616
16,2,3,0.9906298555583324,0.9874876338006531,0.004844029106725887,0.10434662680387616,0.10434662680387616
16,2,4,0.9906298555583324,0.9851054042971475,0.006229760910600411,0.10434662680387616,0.10434662680387616
16,3,0,0.9846762079566785,0.9780252794542533,0.007031960018360595,0.0718520735784508,0.07185207357845082
16,3,1,0.9846762079566785,0.9736311505077743,0.011045057448904308,0.0718520735784508,0.0718520735784508
16,3,2,0.9846762079566785,0.9794624590144854,0.006752750740155124,0.0718520735784508,0.07185207357845082
16,3,3,0.9846762079566785,0.9793288474173195,0.0062574179126797524,0.0718520735784508,0.0718520735784508
16,3,4,0.9846762079566785,0.978395319070081,0.007964069620558326,0.0718520735784508,0.0718520735784508
16,4,0,0.98347123676178,0.9776954819366513,0.006182720795189574,0.08170241766379999,0.08170241766379999
16,4,1,0.98347123676178,0.9796301080326879,0.007931952990236977,0.08170241766379999,0.08170241766379999
16,4,2,0.98347123676178,0.9732549369395066,0.01114893667448974,0.08170241766379999,0.08170241766379999
16,4,3,0.98347123676178,0.9784936277687203,0.0054313912241212015,0.08170241766379999,0.08170241766379997
16,4,4,0.98347123676178,0.9806773668231048,0.004856522877731094,0.08170241766379999,0.08170241766379999
16,5,0,0.9873705013685932,0.9822559200553836,0.005785475706531568,0.09487351551655626,0.09487351551655628
16,5,1,0.9873705013685932,0.9764374351747857,0.011444767368988798,0.09487351551655626,0.09487351551655628
16,5,2,0.9873705013685932,0.9834364126746529,0.005184998021879809,0.09487351551655626,0.09487351551655626
16,5,3,0.9873705013685932,0.9792579286099983,0.008854732684697822,0.09487351551655626,0.09487351551655626
16,5,4,0.9873705013685932,0.9832305882074245,0.005696051763607546,0.09487351551655626,0.09487351551655626
16,6,0,0.9853714664571832,0.978789520158445,0.0070624938985503856,0.08923917856575934,0.08923917856575934
16,6,1,0.9853714664571832,0.9767640477686771,0.009140892203594542,0.08923917856575934,0.08923917856575936
16,6,2,0.9853714664571832,0.9823923071365709,0.005894815757492279,0.08923917856575934,0.08923917856575936
16,6,3,0.9853714664571832,0.9770507149364219,0.008562060373382327,0.08923917856575934,0.08923917856575933
16,6,4,0.9853714664571832,0.9824531791387595,0.005625797706615514,0.08923917856575934,0.08923917856575934
16,7,0,0.9873540755806354,0.9824251545021125,0.0063711777980295274,0.10262384723281331,0.10262384723281333
16,7,1,0.9873540755806354,0.9804777936970157,0.006893750849715201,0.10262384723281331,0.10262384723281331
16,7,2,0.9873540755806354,0.9814990793914086,0.008181462528370717,0.10262384723281331,0.10262384723281331
16,7,3,0.9873540755806354,0.9812924072458103,0.006733444590845433,0.10262384723281331,0.10262384723281331
16,7,4,0.9873540755806354,0.9761696540780229,0.012195973961791035,0.10262384723281331,0.10262384723281331
16,8,0,0.9855066888134864,0.9784360052669289,0.0076755749326279194,0.08411788459621364,0.08411788459621364
16,8,1,0.9855066888134864,0.9762767727402434,0.00922991607324288,0.08411788459621364,0.08411788459621364
16,8,2,0.9855066888134864,0.9792867758952281,0.006742836737417768,0.08411788459621364,0.08411788459621364
16,8,3,0.9855066888134864,0.9801775185232028,0.005692179992034456,0.08411788459621364,0.08411788459621364
16,8,4,0.9855066888134864,0.9818164818226544,0.005509701278552825,0.08411788459621364,0.08411788459621364
16,9,0,0.9831812837128616,0.9762913093610313,0.008902465514461416,0.06868705048556342,0.06868705048556342
16,9,1,0.9831812837128616,0.975701072687102,0.008697141274047212,0.06868705048556342,0.06868705048556342
16,9,2,0.9831812837128616,0.981788460735313,0.004889238424218428,0.06868705048556342,0.06868705048556342
16,9,3,0.9831812837128616,0.9784242286595117,0.006434466439660752,0.06868705048556342,0.06868705048556342
16,9,4,0.9831812837128616,0.9772379299141597,0.008191372669799144,0.06868705048556342,0.06868705048556342
17,0,0,0.9796588451324514,0.9760942159659977,0.0044841349111783,0.08257726687565664,0.08257726687565664
17,0,1,0.9796588451324514,0.9754366291601784,0.005853677293912081,0.08257726687565664,0.08257726687565664
17,0,2,0.9796588451324514,0.9749971196605293,0.00735167592102251,0.08257726687565664,0.08257726687565664
17,0,3,0.9796588451324514,0.9748694441457589,0.005870883508879395,0.08257726687565664,0.08257726687565664
17,0,4,0.9796588451324514,0.9749485713909768,0.0068724246014285895,0.08257726687565664,0.08257726687565664
17,1,0,0.9831486674147804,0.9817620780535813,0.0037449990561690683,0.09659508604639357,0.09659508604639357
17,1,1,0.9831486674147804,0.9764684676882306,0.007426343813428771,0.09659508604639357,0.09659508604639357
17,1,2,0.9831486674147804,0.975944673991954,0.007721222378836425,0.09659508604639357,0.09659508604639357
17,1,3,0.9831486674147804,0.9800251332929983,0.004534424277943048,0.09659508604639357,0.09659508604639357
17,1,4,0.9831486674147804,0.9777802606909032,0.007249238702178261,0.09659508604639357,0.09659508604639357
17,2,0,0.9846067184396072,0.979944530314643,0.006638361334771646,0.10453054434591366,0.10453054434591366
17,2,1,0.9846067184396072,0.9803052506814298,0.005601727590594481,0.10453054434591366,0.10453054434591366
17,2,2,0.9846067184396072,0.979672442338027,0.006134381592854861,0.10453054434591366,0.10453054434591366
17,2,3,0.9846067184396072,0.979743224594173,0.007304137711246578,0.10453054434591366,0.10453054434591366
17,2,4,0.9846067184396072,0.977322181544057,0.009013781331221762,0.10453054434591366,0.10453054434591366
17,3,0,0.9799190551899263,0.9763062736925173,0.0055257202306778315,0.1274213154338006,0.1274213154338006
17,3,1,0.9799190551899263,0.972595934169794,0.008203425356764188,0.1274213154338006,0.12742131543380064
17,3,2,0.9799190551899263,0.9774666054381109,0.007391062640275993,0.1274213154338006,0.12742131543380064
17,3,3,0.9799190551899263,0.9702217545169077,0.011205638616484437,0.1274213154338006,0.1274213154338006
17,3,4,0.9799190551899263,0.9755404980502678,0.005830871851318466,0.1274213154338006,0.1274213154338006
17,4,0,0.9886053530970016,0.98026659745894,0.009986709245710648,0.1344968028352666,0.1344968028352666
17,4,1,0.9886053530970016,0.9824741841223128,0.0064178859763276514,0.1344968028352666,0.1344968028352666
17,4,2,0.9886053530970016,0.9817657989692572,0.008110228907612121,0.1344968028352666,0.1344968028352666
17,4,3,0.9886053530970016,0.9795946472272173,0.009010705869784188,0.1344968028352666,0.1344968028352666
17,4,4,0.9886053530970016,0.9829741839998509,0.005907416294385311,0.1344968028352666,0.1344968028352666
17,5,0,0.9889167444145035,0.9866834652936519,0.00483755624410039,0.13947027359546482,0.13947027359546482
17,5,1,0.9889167444145035,0.9844889581452158,0.00497530182558779,0.13947027359546482,0.13947027359546482
17,5,2,0.9889167444145035,0.9844585990684663,0.006492585225640317,0.13947027359546482,0.13947027359546482
17,5,3,0.9889167444145035,0.9777152064099832,0.011201538004520293,0.13947027359546482,0.13947027359546482
17,5,4,0.9889167444145035,0.9820446395979839,0.007680536929417771,0.13947027359546482,0.13947027359546482
17,6,0,0.9875919140445949,0.9835652040640489,0.004319996485586203,0.09280289882285296,0.09280289882285297
17,6,1,0.9875919140445949,0.9857468702546539,0.005003135722599065,0.09280289882285296,0.09280289882285296
17,6,2,0.9875919140445949,0.9824024596461539,0.006771883334878863,0.09280289882285296,0.09280289882285295
17,6,3,0.9875919140445949,0.9811399583862168,0.008217360251501021,0.09280289882285296,0.09280289882285296
17,6,4,0.9875919140445949,0.978593204617149,0.009336405065666567,0.09280289882285296,0.09280289882285297
17,7,0,0.9831238053532422,0.9776877732560082,0.006719803129805681,0.08908150743421446,0.08908150743421445
17,7,1,0.9831238053532422,0.9768505614068985,0.007360673514532123,0.08908150743421446,0.08908150743421446
17,7,2,0.9831238053532422,0.9757164943680626,0.008053087780971135,0.08908150743421446,0.08908150743421446
17,7,3,0.9831238053532422,0.9784118519625612,0.005631532317265024,0.08908150743421446,0.08908150743421446
17,7,4,0.9831238053532422,0.977386577251056,0.0066362987352801455,0.08908150743421446,0.08908150743421445
17,8,0,0.9825086744526036,0.9777910501206423,0.00765436289932625,0.08958734704870806,0.08958734704870808
17,8,1,0.9825086744526036,0.976313891370257,0.009090416514588306,0.08958734704870806,0.08958734704870805
17,8,2,0.9825086744526036,0.9734971751982234,0.009845087069169959,0.08958734704870806,0.08958734704870808
17,8,3,0.9825086744526036,0.9771007837955836,0.005890699549325723,0.08958734704870806,0.08958734704870808
17,8,4,0.9825086744526036,0.9785789031181223,0.005880412776189216,0.08958734704870806,0.08958734704870806
17,9,0,0.9824422425819187,0.9770575949177879,0.007969681677217141,0.11632487630007785,0.11632487630007785
17,9,1,0.9824422425819187,0.9773217757718586,0.00625909816294537,0.11632487630007785,0.11632487630007785
17,9,2,0.9824422425819187,0.9795880522072119,0.004277233369034507,0.11632487630007785,0.11632487630007785
17,9,3,0.9824422425819187,0.9745560184255736,0.008232216918030314,0.11632487630007785,0.11632487630007785
17,9,4,0.9824422425819187,0.9748929733575326,0.008385806117431144,0.11632487630007785,0.11632487630007785
18,0,0,0.989766964513559,0.9849110299703776,0.005616996289678766,0.07966780250736913,0.07966780250736913
18,0,1,0.989766964513559,0.9847070216207126,0.005783714128583056,0.07966780250736913,0.07966780250736913
18,0,2,0.989766964513559,0.9824439952582505,0.007652008240408376,0.07966780250736913,0.07966780250736913
18,0,3,0.989766964513559,0.9847753912673864,0.005196345554089099,0.07966780250736913,0.07966780250736913
18,0,4,0.989766964513559,0.9875963301836822,0.0029294274472078754,0.07966780250736913,0.07966780250736913
18,1,0,0.9884361601523247,0.9802513112403047,0.008184848912019935,0.07846235497514048,0.07846235497514048
18,1,1,0.9884361601523247,0.9821969852711708,0.007286496271747628,0.07846235497514048,0.07846235497514048
18,1,2,0.9884361601523247,0.9829356862378703,0.00605926651799039,0.07846235497514048,0.07846235497514048
18,1,3,0.9884361601523247,0.978647447521713,0.01074729994102309,0.07846235497514048,0.07846235497514048
18,1,4,0.9884361601523247,0.9827620478433472,0.006855692014952036,0.07846235497514048,0.07846235497514048
18,2,0,0.9914876999610405,0.983682631909439,0.007936564887841039,0.09025532103737265,0.09025532103737265
18,2,1,0.9914876999610405,0.986685481589776,0.005283951966936641,0.09025532103737265,0.09025532103737265
18,2,2,0.9914876999610405,0.9844921615706065,0.008391758660385986,0.09025532103737265,0.09025532103737265
18,2,3,0.9914876999610405,0.9842012476810806,0.007286452279959915,0.09025532103737265,0.09025532103737266
18,2,4,0.9914876999610405,0.9847546597916924,0.007330453870166055,0.09025532103737265,0.09025532103737265
18,3,0,0.9862091611707079,0.984351554052567,0.00344808423020862,0.08167403507288334,0.08167403507288334
18,3,1,0.9862091611707079,0.9776175100483794,0.008591651122328283,0.08167403507288334,0.08167403507288333
18,3,2,0.9862091611707079,0.9757798769420313,0.010652751097498294,0.08167403507288334,0.08167403507288334
18,3,3,0.9862091611707079,0.9811573376242001,0.005462647715040875,0.08167403507288334,0.08167403507288334
18,3,4,0.9862091611707079,0.9833693428126263,0.004256770032409207,0.08167403507288334,0.08167403507288334
18,4,0,0.9899089210891976,0.9848888678744178,0.005216996622369223,0.08425099237721645,0.08425099237721645
18,4,1,0.9899089210891976,0.9828127749307066,0.008352766626631489,0.08425099237721645,0.08425099237721645
18,4,2,0.9899089210891976,0.9837282497586032,0.007237607191101003,0.08425099237721645,0.08425099237721645
18,4,3,0.9899089210891976,0.9856036793619141,0.005864146551723144,0.08425099237721645,0.08425099237721645
18,4,4,0.9899089210891976,0.9862979779218186,0.004398107484148317,0.08425099237721645,0.08425099237721645
18,5,0,0.9900134425581081,0.9812473905884976,0.009738996979525247,0.07878592436843732,0.07878592436843732
18,5,1,0.9900134425581081,0.9829717345940465,0.007041707964061478,0.07878592436843732,0.07878592436843732
18,5,2,0.9900134425581081,0.983927643739554,0.006085798818554404,0.07878592436843732,0.07878592436843732
18,5,3,0.9900134425581081,0.9865677008406495,0.005329177901859429,0.07878592436843732,0.07878592436843732
18,5,4,0.9900134425581081,0.9860349861304402,0.005259797593642868,0.07878592436843732,0.07878592436843732
18,6,0,0.990323104255459,0.9878599923467696,0.003390432009632007,0.08222406506299762,0.08222406506299763
18,6,1,0.990323104255459,0.9859574400159153,0.004737667438413788,0.08222406506299762,0.08222406506299762
18,6,2,0.990323104255459,0.9823673035895079,0.007982738940516506,0.08222406506299762,0.08222406506299763
18,6,3,0.990323104255459,0.9869305906380466,0.004636411623235461,0.08222406506299762,0.08222406506299762
18,6,4,0.990323104255459,0.9824040340248791,0.007919070230580258,0.08222406506299762,0.08222406506299762
18,7,0,0.9909212178648922,0.9820243767694264,0.008896841095465699,0.08888462287868201,0.08888462287868201
18,7,1,0.9909212178648922,0.9873424577549561,0.005310582280542107,0.08888462287868201,0.08888462287868201
18,7,2,0.9909212178648922,0.9851032245257092,0.006211934554719328,0.08888462287868201,0.08888462287868201
18,7,3,0.9909212178648922,0.9880541781207296,0.003503904965572411,0.08888462287868201,0.08888462287868201
18,7,4,0.9909212178648922,0.9844618974610079,0.006459320403884444,0.08888462287868201,0.08888462287868201
18,8,0,0.9902313022423996,0.9888747947545501,0.0033150284792576403,0.08106006727555629,0.08106006727555629
18,8,1,0.9902313022423996,0.985518453231936,0.006221925701958832,0.08106006727555629,0.08106006727555629
18,8,2,0.9902313022423996,0.9806069715387967,0.010786559368801546,0.08106006727555629,0.08106006727555629
18,8,3,0.9902313022423996,0.9818691331835484,0.008362169058851463,0.08106006727555629,0.08106006727555629
18,8,4,0.9902313022423996,0.9854446564899232,0.00493704442328069,0.08106006727555629,0.08106006727555629
18,9,0,0.9889369979353916,0.9842566092977706,0.005878618183090804,0.08162894627961101,0.08162894627961101
18,9,1,0.9889369979353916,0.9818788852319863,0.0070581127034053765,0.08162894627961101,0.08162894627961101
18,9,2,0.9889369979353916,0.9839477010035509,0.0062034538091719675,0.08162894627961101,0.08162894627961101
18,9,3,0.9889369979353916,0.983461527682438,0.007656702738590158,0.08162894627961101,0.08162894627961101
18,9,4,0.9889369979353916,0.9834445520047138,0.006089491463462798,0.08162894627961101,0.08162894627961101
19,0,0,0.9910735729105876,0.9833949467827837,0.008496511408986504,0.08717660448160297,0.08717660448160296
19,0,1,0.9910735729105876,0.9852601916185958,0.006906057798233241,0.08717660448160297,0.08717660448160297
19,0,2,0.9910735729105876,0.9819037268576795,0.009655816782703358,0.08717660448160297,0.08717660448160297
19,0,3,0.9910735729105876,0.9862595718380733,0.0049041867000463035,0.08717660448160297,0.08717660448160297
19,0,4,0.9910735729105876,0.985053651877728,0.006019921032859764,0.08717660448160297,0.08717660448160297
19,1,0,0.9902385749209777,0.9861083150545599,0.004723750712530182,0.08674372913469022,0.08674372913469022
19,1,1,0.9902385749209777,0.9845568360701762,0.007155252330662156,0.08674372913469022,0.08674372913469024
19,1,2,0.9902385749209777,0.9851033030147213,0.005135271906256521,0.08674372913469022,0.08674372913469022
19,1,3,0.9902385749209777,0.982365786740279,0.008199519391359572,0.08674372913469022,0.08674372913469022
19,1,4,0.9902385749209777,0.9819104065905767,0.009297743564429176,0.08674372913469022,0.08674372913469022
19,2,0,0.9928302949764581,0.9862831552059137,0.007082752758291048,0.08811956399834434,0.08811956399834434
19,2,1,0.9928302949764581,0.985707376888168,0.007572500443419912,0.08811956399834434,0.08811956399834434
19,2,2,0.9928302949764581,0.9878061764245031,0.00572018788571584,0.08811956399834434,0.08811956399834434
19,2,3,0.9928302949764581,0.9868331199555392,0.00603039812109495,0.08811956399834434,0.08811956399834435
19,2,4,0.9928302949764581,0.9891708251505942,0.004666908799002445,0.08811956399834434,0.08811956399834435
19,3,0,0.9858328411337128,0.9809557149945757,0.0055898130814998155,0.07299716831820545,0.07299716831820544
19,3,1,0.9858328411337128,0.9809501127464966,0.0061579340881096345,0.07299716831820545,0.07299716831820545
19,3,2,0.9858328411337128,0.9783650456740832,0.008512618406996852,0.07299716831820545,0.07299716831820544
19,3,3,0.9858328411337128,0.9800197872044191,0.007202483722557394,0.07299716831820545,0.07299716831820545
19,3,4,0.9858328411337128,0.9757785213893829,0.010441650704348215,0.07299716831820545,0.07299716831820545
19,4,0,0.9915724319335149,0.9850358840898092,0.007367064001192127,0.09127531380759567,0.09127531380759565
19,4,1,0.9915724319335149,0.9866200820725183,0.005109694970652889,0.09127531380759567,0.09127531380759567
19,4,2,0.9915724319335149,0.9847670202567521,0.007406504915497936,0.09127531380759567,0.09127531380759565
19,4,3,0.9915724319335149,0.9823350519070743,0.009428506454094423,0.09127531380759567,0.09127531380759567
19,4,4,0.9915724319335149,0.9878199176978328,0.004487701986613579,0.09127531380759567,0.09127531380759565
19,5,0,0.9912505392212804,0.9839941396506946,0.00878429445004808,0.08518832490493516,0.08518832490493516
19,5,1,0.9912505392212804,0.984828536482381,0.0065354467956328655,0.08518832490493516,0.08518832490493518
19,5,2,0.9912505392212804,0.9884568927286725,0.004944448450338747,0.08518832490493516,0.08518832490493519
19,5,3,0.9912505392212804,0.9862906082324449,0.005141233270103167,0.08518832490493516,0.08518832490493516
19,5,4,0.9912505392212804,0.9841425399984898,0.00725884474874694,0.08518832490493516,0.08518832490493516
19,6,0,0.9926332683560096,0.9890571691855947,0.004351748516662655,0.09912912017649445,0.09912912017649445
19,6,1,0.9926332683560096,0.988852635663109,0.0051111138870837585,0.09912912017649445,0.09912912017649445
19,6,2,0.9926332683560096,0.989256471091278,0.004540564332022795,0.09912912017649445,0.09912912017649445
19,6,3,0.9926332683560096,0.9829598678864867,0.009849707077839878,0.09912912017649445,0.09912912017649445
19,6,4,0.9926332683560096,0.986985344294585,0.005976259028401487,0.09912912017649445,0.09912912017649445
19,7,0,0.9909545929479683,0.9832426196224741,0.00821648234753645,0.08025045275734188,0.08025045275734188
19,7,1,0.9909545929479683,0.9833963411171579,0.008780716145257642,0.08025045275734188,0.08025045275734188
19,7,2,0.9909545929479683,0.985986569092844,0.0049680238551243205,0.08025045275734188,0.08025045275734188
19,7,3,0.9909545929479683,0.9869278569643029,0.004757906962078238,0.08025045275734188,0.08025045275734188
19,7,4,0.9909545929479683,0.9838029335162836,0.007151659431684776,0.08025045275734188,0.08025045275734188
19,8,0,0.9868990559633342,0.9790603041369291,0.008149076593835403,0.06458457016172144,0.06458457016172142
19,8,1,0.9868990559633342,0.98027494420566,0.006752304030570487,0.06458457016172144,0.06458457016172144
19,8,2,0.9868990559633342,0.9790096180791373,0.007889437884196798,0.06458457016172144,0.06458457016172144
19,8,3,0.9868990559633342,0.9797310670967955,0.00722266388129338,0.06458457016172144,0.06458457016172144
19,8,4,0.9868990559633342,0.9819873471219914,0.005620400280767944,0.06458457016172144,0.06458457016172144
19,9,0,0.9861112367933793,0.9769332220254904,0.009285415906828484,0.06363252038849004,0.06363252038849004
19,9,1,0.9861112367933793,0.9786999737493535,0.00741982859108233,0.06363252038849004,0.06363252038849004
19,9,2,0.9861112367933793,0.9806077085545829,0.007079518810952738,0.06363252038849004,0.06363252038849004
19,9,3,0.9861112367933793,0.9792037061553289,0.006907530638050413,0.06363252038849004,0.06363252038849004
19,9,4,0.9861112367933793,0.9836466554472499,0.004293325103540875,0.06363252038849004,0.06363252038849004
20,0,0,0.984992735377162,0.9785647616678751,0.007680493304691514,0.06665761610189619,0.06665761610189619
20,0,1,0.984992735377162,0.975095608572682,0.009897126804480258,0.06665761610189619,0.06665761610189619
20,0,2,0.984992735377162,0.9821288287252372,0.004384914769340341,0.06665761610189619,0.06665761610189619
20,0,3,0.984992735377162,0.9795141460591545,0.006646633636473119,0.06665761610189619,0.06665761610189619
20,0,4,0.984992735377162,0.9807589075140676,0.007485720163643433,0.06665761610189619,0.06665761610189619
20,1,0,0.9860104500384934,0.9814689099202002,0.00743469276896568,0.07018671924647457,0.07018671924647456
20,1,1,0.9860104500384934,0.9783362604263016,0.009068925318225174,0.07018671924647457,0.07018671924647457
20,1,2,0.9860104500384934,0.9769665283143844,0.009927271746831353,0.07018671924647457,0.07018671924647457
20,1,3,0.9860104500384934,0.9810173508072468,0.0061225732698919995,0.07018671924647457,0.07018671924647457
20,1,4,0.9860104500384934,0.980126673179445,0.006785482440169864,0.07018671924647457,0.07018671924647457
20,2,0,0.9901442726809874,0.9828859418555735,0.008392711406820222,0.09242003310809259,0.09242003310809258
20,2,1,0.9901442726809874,0.9896188532941222,0.0017813147474186146,0.09242003310809259,0.0924200331080926
20,2,2,0.9901442726809874,0.9825313155863129,0.008605579477537493,0.09242003310809259,0.09242003310809259
20,2,3,0.9901442726809874,0.9875854805459391,0.0036120228550914533,0.09242003310809259,0.09242003310809259
20,2,4,0.9901442726809874,0.9849658418525048,0.005713798287891934,0.09242003310809259,0.09242003310809259
20,3,0,0.9881528356466246,0.982221055318904,0.007588349327756492,0.07319086967526293,0.07319086967526292
20,3,1,0.9881528356466246,0.9854925745899535,0.004866461973502999,0.07319086967526293,0.07319086967526293
20,3,2,0.9881528356466246,0.9822127682875318,0.006562414734131716,0.07319086967526293,0.07319086967526293
20,3,3,0.9881528356466246,0.9818078147776781,0.006894258184394042,0.07319086967526293,0.07319086967526293
20,3,4,0.9881528356466246,0.9884110963310627,0.0037672116941627385,0.07319086967526293,0.07319086967526293
20,4,0,0.987873976166518,0.9810108746307141,0.007277203131016689,0.07480060188165527,0.07480060188165527
20,4,1,0.987873976166518,0.9812347335058962,0.007478899398935572,0.07480060188165527,0.07480060188165527
20,4,2,0.987873976166518,0.9829729757865828,0.0060563005836852535,0.07480060188165527,0.07480060188165527
20,4,3,0.987873976166518,0.9798515373320248,0.008448115642476217,0.07480060188165527,0.07480060188165527
20,4,4,0.987873976166518,0.9850287983230928,0.00425684413573348,0.07480060188165527,0.07480060188165527
20,5,0,0.9893722189090911,0.9859788224698862,0.0033933964392049896,0.06902368537142053,0.06902368537142055
20,5,1,0.9893722189090911,0.9851591510934957,0.005235502651811432,0.06902368537142053,0.06902368537142053
20,5,2,0.9893722189090911,0.9863784589638568,0.004735066948340527,0.06902368537142053,0.06902368537142053
20,5,3,0.9893722189090911,0.9803603659865655,0.00901185292252559,0.06902368537142053,0.06902368537142053
20,5,4,0.9893722189090911,0.9839488708203157,0.006550425987813034,0.06902368537142053,0.06902368537142053
20,6,0,0.987068088862035,0.9809640268992474,0.006685965787383018,0.06733533037822508,0.06733533037822508
20,6,1,0.987068088862035,0.9816887212928749,0.006167740807280063,0.06733533037822508,0.06733533037822506
20,6,2,0.987068088862035,0.9765664253024139,0.010541517150818497,0.06733533037822508,0.06733533037822508
20,6,3,0.987068088862035,0.9846978234247162,0.005580734181153457,0.06733533037822508,0.06733533037822506
20,6,4,0.987068088862035,0.9765466239700057,0.011835885190950884,0.06733533037822508,0.06733533037822508
20,7,0,0.985100102253666,0.9720579843665452,0.01343342638567093,0.06852719947809327,0.06852719947809327
20,7,1,0.985100102253666,0.9828435092950053,0.003739941353320684,0.06852719947809327,0.06852719947809327
20,7,2,0.985100102253666,0.9808971933687541,0.005274829099919119,0.06852719947809327,0.06852719947809326
20,7,3,0.985100102253666,0.9780653782823509,0.0079731888793593,0.06852719947809327,0.06852719947809327
20,7,4,0.985100102253666,0.9773289033742062,0.007771198879459808,0.06852719947809327,0.06852719947809326
20,8,0,0.9859995226935854,0.9801998549079758,0.007645290085102359,0.07941935634395751,0.07941935634395751
20,8,1,0.9859995226935854,0.9848531309683851,0.003223740684678391,0.07941935634395751,0.0794193563439575
20,8,2,0.9859995226935854,0.9826591188794057,0.005384149709545603,0.07941935634395751,0.07941935634395751
20,8,3,0.9859995226935854,0.9804082600204294,0.005934057482979593,0.07941935634395751,0.07941935634395751
20,8,4,0.9859995226935854,0.9791980523381724,0.009526517570343979,0.07941935634395751,0.07941935634395751
20,9,0,0.9882202330731987,0.9841227167101367,0.005909640718622831,0.0752450610289663,0.0752450610289663
20,9,1,0.9882202330731987,0.9844368789348494,0.004525216674892456,0.0752450610289663,0.0752450610289663
20,9,2,0.9882202330731987,0.9811754027776618,0.008332759267138326,0.0752450610289663,0.0752450610289663
20,9,3,0.9882202330731987,0.9822377898796654,0.00634184737769695,0.0752450610289663,0.07524506102896632
20,9,4,0.9882202330731987,0.9789581934197709,0.009262039653427903,0.0752450610289663,0.0752450610289663
21,0,0,0.9879718051448059,0.984723545077841,0.00453374294286904,0.07293604317338212,0.07293604317338212
21,0,1,0.9879718051448059,0.9823493358581331,0.006582975406965008,0.07293604317338212,0.07293604317338212
21,0,2,0.9879718051448059,0.9815411746196235,0.007484472481924548,0.07293604317338212,0.07293604317338212
21,0,3,0.9879718051448059,0.9816507147350625,0.0081364026244303,0.07293604317338212,0.07293604317338212
21,0,4,0.9879718051448059,0.9830040397668841,0.006428604459330615,0.07293604317338212,0.07293604317338212
21,1,0,0.9872298563003427,0.9793339512977747,0.007989446860906283,0.07620826748382503,0.07620826748382503
21,1,1,0.9872298563003427,0.9821048649873313,0.00617556756945381,0.07620826748382503,0.07620826748382503
21,1,2,0.9872298563003427,0.9830545929394416,0.004986874946401311,0.07620826748382503,0.07620826748382502
21,1,3,0.9872298563003427,0.97932212699024,0.007907729310102621,0.07620826748382503,0.07620826748382502
21,1,4,0.9872298563003427,0.9819762447228252,0.006745196552910153,0.07620826748382503,0.07620826748382502
21,2,0,0.9917650650098243,0.9890979174657696,0.0030819391670018994,0.1047175959642723,0.1047175959642723
21,2,1,0.9917650650098243,0.9853405528911496,0.006438842328393414,0.1047175959642723,0.1047175959642723
21,2,2,0.9917650650098243,0.9854661013817826,0.007037255094451263,0.1047175959642723,0.1047175959642723
21,2,3,0.9917650650098243,0.9836565745844387,0.008108490425385565,0.1047175959642723,0.1047175959642723
21,2,4,0.9917650650098243,0.9875229997825511,0.005591166874477703,0.1047175959642723,0.1047175959642723
21,3,0,0.9872186463573677,0.9808777841970194,0.008640225977400653,0.08057851543112418,0.08057851543112418
21,3,1,0.9872186463573677,0.9830865324949786,0.004829478667205835,0.08057851543112418,0.08057851543112418
21,3,2,0.9872186463573677,0.9844194505889158,0.006092026141525643,0.08057851543112418,0.08057851543112418
21,3,3,0.9872186463573677,0.9761934835660008,0.011287961849528813,0.08057851543112418,0.08057851543112418
21,3,4,0.9872186463573677,0.9795210784694129,0.008235300033311974,0.08057851543112418,0.08057851543112418
21,4,0,0.9917080635954768,0.9844736133350422,0.008263644408962009,0.10445745265777968,0.1044574526577797
21,4,1,0.9917080635954768,0.9891417292681085,0.0036301030385860744,0.10445745265777968,0.10445745265777968
21,4,2,0.9917080635954768,0.9872994783805683,0.00531359106580608,0.10445745265777968,0.1044574526577797
21,4,3,0.9917080635954768,0.98920240918955,0.004219414346652221,0.10445745265777968,0.1044574526577797
21,4,4,0.9917080635954768,0.9860156850335651,0.005980918028940223,0.10445745265777968,0.1044574526577797
21,5,0,0.98990733562557,0.9859076291693456,0.00493384984802539,0.08015963819635502,0.08015963819635502
21,5,1,0.98990733562557,0.9823802462510942,0.008244441547546666,0.08015963819635502,0.08015963819635502
21,5,2,0.98990733562557,0.9815103107429778,0.00988417250093293,0.08015963819635502,0.08015963819635502
21,5,3,0.98990733562557,0.9847934054857658,0.005286816281557703,0.08015963819635502,0.08015963819635502
21,5,4,0.98990733562557,0.9843729187597478,0.006397123817008114,0.08015963819635502,0.08015963819635502
21,6,0,0.9880862138608898,0.9844725255513396,0.004432039552026146,0.08406248675047366,0.08406248675047366
21,6,1,0.9880862138608898,0.9844625794221814,0.004247935785325831,0.08406248675047366,0.08406248675047368
21,6,2,0.9880862138608898,0.9833135286494045,0.006164795872328664,0.08406248675047366,0.08406248675047365
21,6,3,0.9880862138608898,0.9859098454937287,0.0035238138870828752,0.08406248675047366,0.08406248675047368
21,6,4,0.9880862138608898,0.9820059565058528,0.006080257355036894,0.08406248675047366,0.08406248675047366
21,7,0,0.9858129693762042,0.9838317731728701,0.005678362133530947,0.07364550986988863,0.07364550986988863
21,7,1,0.9858129693762042,0.9797931125410687,0.008053674359564528,0.07364550986988863,0.07364550986988863
21,7,2,0.9858129693762042,0.9831890097989562,0.004627826484141839,0.07364550986988863,0.07364550986988863
21,7,3,0.9858129693762042,0.9808179113983865,0.006423291498565085,0.07364550986988863,0.07364550986988863
21,7,4,0.9858129693762042,0.9827331966185993,0.004402312464114655,0.07364550986988863,0.07364550986988863
21,8,0,0.9879023848720156,0.982097990915512,0.006039795195867642,0.06972910307560397,0.06972910307560397
21,8,1,0.9879023848720156,0.9794063993985568,0.008946255375567924,0.06972910307560397,0.06972910307560397
21,8,2,0.9879023848720156,0.9811789081550315,0.007307955617624549,0.06972910307560397,0.06972910307560397
21,8,3,0.9879023848720156,0.9842805075511403,0.004849100764497081,0.06972910307560397,0.06972910307560397
21,8,4,0.9879023848720156,0.9804672192675513,0.007694200753126777,0.06972910307560397,0.06972910307560397
21,9,0,0.9889193460701297,0.9820431104545073,0.006876235615622246,0.09620812892285166,0.09620812892285166
21,9,1,0.9889193460701297,0.9822917824085374,0.00724032105160687,0.09620812892285166,0.09620812892285166
21,9,2,0.9889193460701297,0.984540275331795,0.005345380295067759,0.09620812892285166,0.09620812892285166
21,9,3,0.9889193460701297,0.9843702510243838,0.006302481603050553,0.09620812892285166,0.09620812892285166
21,9,4,0.9889193460701297,0.9829891442829166,0.006206417702030463,0.09620812892285166,0.09620812892285167
22,0,0,0.9925117532963917,0.9887329056635235,0.003778847632868093,0.0611569667466727,0.0611569667466727
22,0,1,0.9925117532963917,0.9824003739617044,0.01024148393081617,0.0611569667466727,0.061156966746672696
22,0,2,0.9925117532963917,0.9869120824745724,0.006154758389172732,0.0611569667466727,0.0611569667466727
22,0,3,0.9925117532963917,0.9888915580277233,0.004346470374519638,0.0611569667466727,0.0611569667466727
22,0,4,0.9925117532963917,0.9873438030237375,0.00518444597954167,0.0611569667466727,0.0611569667466727
22,1,0,0.9935407358938861,0.9881269798251643,0.005413756068722029,0.0596519797260681,0.0596519797260681
22,1,1,0.9935407358938861,0.9886950822596331,0.0049884818991857245,0.0596519797260681,0.059651979726068116
22,1,2,0.9935407358938861,0.9862999117328681,0.0075412693959069355,0.0596519797260681,0.0596519797260681
22,1,3,0.9935407358938861,0.9839169582891801,0.009917138117417179,0.0596519797260681,0.0596519797260681
22,1,4,0.9935407358938861,0.9896697864263017,0.004534157007974354,0.0596519797260681,0.0596519797260681
22,2,0,0.9926681289985625,0.9868752635328257,0.005847769735054002,0.059823315129712354,0.059823315129712354
22,2,1,0.9926681289985625,0.9874983100682105,0.005406785930070231,0.059823315129712354,0.059823315129712354
22,2,2,0.9926681289985625,0.9851798596302586,0.007488269368304092,0.059823315129712354,0.059823315129712354
22,2,3,0.9926681289985625,0.9877959162162403,0.004893630826368613,0.059823315129712354,0.059823315129712354
22,2,4,0.9926681289985625,0.9862768572437614,0.006391271754801346,0.059823315129712354,0.059823315129712354
22,3,0,0.9928844198243745,0.9893090725120007,0.004554515241143873,0.060193092493263975,0.060193092493263975
22,3,1,0.9928844198243745,0.9893977155711142,0.00419234850317692,0.060193092493263975,0.060193092493263975
22,3,2,0.9928844198243745,0.9877447718878671,0.005194311672532657,0.060193092493263975,0.060193092493263975
22,3,3,0.9928844198243745,0.9894897491061819,0.0036458956730387273,0.060193092493263975,0.060193092493263975
22,3,4,0.9928844198243745,0.9879828607593483,0.005024905261883622,0.060193092493263975,0.060193092493263975
22,4,0,0.9921888004028725,0.9880758480775736,0.004112952325298902,0.0653002279544472,0.0653002279544472
22,4,1,0.9921888004028725,0.9832470190695352,0.00894178133333734,0.0653002279544472,0.0653002279544472
22,4,2,0.9921888004028725,0.9818931489689063,0.010935877776525401,0.0653002279544472,0.0653002279544472
22,4,3,0.9921888004028725,0.9904838358943722,0.0030349168635537827,0.0653002279544472,0.0653002279544472
22,4,4,0.9921888004028725,0.9870863111715207,0.005710268839553519,0.0653002279544472,0.0653002279544472
22,5,0,0.993152834265102,0.9865609128181707,0.006591921446931391,0.06009997883704173,0.060099978837041726
22,5,1,0.993152834265102,0.9877409171380389,0.005765499529439333,0.06009997883704173,0.06009997883704173
22,5,2,0.993152834265102,0.9899108876808866,0.004660801099266513,0.06009997883704173,0.060099978837041726
22,5,3,0.993152834265102,0.9869095316057819,0.006398053577692575,0.06009997883704173,0.060099978837041726
22,5,4,0.993152834265102,0.987449838954319,0.005811348813408372,0.06009997883704173,0.06009997883704173
22,6,0,0.9926926495997979,0.9874618892339629,0.005740664639754496,0.06525069553864615,0.06525069553864615
22,6,1,0.9926926495997979,0.9890994032679136,0.004072356609238058,0.06525069553864615,0.06525069553864615
22,6,2,0.9926926495997979,0.9864337560008251,0.006258893598972942,0.06525069553864615,0.06525069553864615
22,6,3,0.9926926495997979,0.9895296450528823,0.003955866063609047,0.06525069553864615,0.06525069553864615
22,6,4,0.9926926495997979,0.9871861528532794,0.0055323722025341915,0.06525069553864615,0.06525069553864615
22,7,0,0.9908712634250046,0.9847588536195445,0.007308803381520651,0.05740891085164102,0.057408910851641015
22,7,1,0.9908712634250046,0.985963787858633,0.0067369373342562044,0.05740891085164102,0.05740891085164103
22,7,2,0.9908712634250046,0.9865419323542098,0.005375629146937622,0.05740891085164102,0.057408910851641015
22,7,3,0.9908712634250046,0.9834446193948697,0.009131074754294763,0.05740891085164102,0.057408910851641015
22,7,4,0.9908712634250046,0.9830332783229677,0.00838748234930195,0.05740891085164102,0.05740891085164103
22,8,0,0.9925767036545826,0.9882190495782268,0.004890725312321533,0.056768976388724315,0.056768976388724315
22,8,1,0.9925767036545826,0.9849865299426903,0.008618728029868886,0.056768976388724315,0.056768976388724315
22,8,2,0.9925767036545826,0.9863593345103995,0.006217369144183175,0.056768976388724315,0.05676897638872432
22,8,3,0.9925767036545826,0.9899127849997429,0.0032064984006619224,0.056768976388724315,0.05676897638872432
22,8,4,0.9925767036545826,0.985711394509373,0.006921483195153279,0.056768976388724315,0.05676897638872432
22,9,0,0.9914072481536652,0.9846712136749894,0.006736034478675786,0.05957794909155566,0.05957794909155566
22,9,1,0.9914072481536652,0.9868179005606205,0.005039743449670407,0.05957794909155566,0.05957794909155566
22,9,2,0.9914072481536652,0.9842246383122081,0.007240921971919861,0.05957794909155566,0.05957794909155565
22,9,3,0.9914072481536652,0.9835759355683278,0.007948878962976516,0.05957794909155566,0.05957794909155566
22,9,4,0.9914072481536652,0.9866898914618653,0.004719581940559871,0.05957794909155566,0.05957794909155566
23,0,0,0.9895591358258353,0.9860853756606497,0.004703849045799809,0.05354822518819058,0.05354822518819058
23,0,1,0.9895591358258353,0.982548886444031,0.007010249381804538,0.05354822518819058,0.053548225188190586
23,0,2,0.9895591358258353,0.9857070390868857,0.005419362109074612,0.05354822518819058,0.053548225188190586
23,0,3,0.9895591358258353,0.983101793756839,0.0064573420689962675,0.05354822518819058,0.05354822518819058
23,0,4,0.9895591358258353,0.9826456381156485,0.007518329398714709,0.05354822518819058,0.053548225188190586
23,1,0,0.986877241787968,0.982645352576622,0.006865474944751528,0.0727629825667141,0.0727629825667141
23,1,1,0.986877241787968,0.9806957504124968,0.006374124169662376,0.0727629825667141,0.0727629825667141
23,1,2,0.986877241787968,0.984104174256474,0.003748095522787237,0.0727629825667141,0.0727629825667141
23,1,3,0.986877241787968,0.9831588136971616,0.0046369167839631536,0.0727629825667141,0.0727629825667141
23,1,4,0.986877241787968,0.9815920339908087,0.0057306638412937165,0.0727629825667141,0.0727629825667141
23,2,0,0.9935459725833304,0.9879378047699722,0.005900194819879023,0.08107980005481175,0.08107980005481175
23,2,1,0.9935459725833304,0.9871326807806918,0.0065698143067102295,0.08107980005481175,0.08107980005481175
23,2,2,0.9935459725833304,0.9865568210113643,0.006989151571966233,0.08107980005481175,0.08107980005481175
23,2,3,0.9935459725833304,0.9871279590823856,0.006679546384989095,0.08107980005481175,0.08107980005481175
23,2,4,0.9935459725833304,0.984202215461858,0.009663387771122836,0.08107980005481175,0.08107980005481175
23,3,0,0.9899101669548426,0.9839438607786742,0.006539380545665339,0.06697931313482758,0.06697931313482756
23,3,1,0.9899101669548426,0.9843629756067451,0.006529183013344726,0.06697931313482758,0.06697931313482756
23,3,2,0.9899101669548426,0.9804222277588179,0.009709057844781164,0.06697931313482758,0.06697931313482758
23,3,3,0.9899101669548426,0.9837216980020068,0.006257784583748612,0.06697931313482758,0.06697931313482756
23,3,4,0.9899101669548426,0.9851317372085441,0.005405053791931643,0.06697931313482758,0.06697931313482758
23,4,0,0.9913923411144078,0.9840271306041172,0.0075269031080296795,0.07677698788907308,0.07677698788907308
23,4,1,0.9913923411144078,0.9885553670220283,0.0029996047515040794,0.07677698788907308,0.07677698788907308
23,4,2,0.9913923411144078,0.9871716267333155,0.004537425338710636,0.07677698788907308,0.07677698788907308
23,4,3,0.9913923411144078,0.9856982085508833,0.006526027592822466,0.07677698788907308,0.07677698788907308
23,4,4,0.9913923411144078,0.9869254046044329,0.005772805244530037,0.07677698788907308,0.07677698788907308
23,5,0,0.992109342524262,0.9887277331858789,0.004267823971620631,0.0755705129683515,0.07557051296835152
23,5,1,0.992109342524262,0.9879409450226017,0.0042413461383419655,0.0755705129683515,0.07557051296835152
23,5,2,0.992109342524262,0.9817699720432741,0.010339370480987922,0.0755705129683515,0.0755705129683515
23,5,3,0.992109342524262,0.9882729270743046,0.0040433457145720815,0.0755705129683515,0.07557051296835152
23,5,4,0.992109342524262,0.9878534034324816,0.004320240359997313,0.0755705129683515,0.0755705129683515
23,6,0,0.990192371971422,0.9842429208279957,0.007078543767654016,0.06446773276846866,0.06446773276846865
23,6,1,0.990192371971422,0.988580224311505,0.0028159583295979764,0.06446773276846866,0.06446773276846868
23,6,2,0.990192371971422,0.9821097169746243,0.008809276360647239,0.06446773276846866,0.06446773276846866
23,6,3,0.990192371971422,0.9840560620965526,0.00658989172213062,0.06446773276846866,0.06446773276846868
23,6,4,0.990192371971422,0.9838946073094567,0.006297764661965337,0.06446773276846866,0.06446773276846866
23,7,0,0.9880219793034334,0.980414231851572,0.007607747451861435,0.06187282307078005,0.06187282307078005
23,7,1,0.9880219793034334,0.9797247386996547,0.00853741817258726,0.06187282307078005,0.06187282307078004
23,7,2,0.9880219793034334,0.9813566905435426,0.007510943894936857,0.06187282307078005,0.06187282307078004
23,7,3,0.9880219793034334,0.9831416692696301,0.006364398679499728,0.06187282307078005,0.061872823070780056
23,7,4,0.9880219793034334,0.9826322489544546,0.006614325830049876,0.06187282307078005,0.06187282307078004
23,8,0,0.9894884739901882,0.9848229276482284,0.005558780215855282,0.05873221473753282,0.05873221473753282
23,8,1,0.9894884739901882,0.9841097210562196,0.005679447653600196,0.05873221473753282,0.05873221473753282
23,8,2,0.9894884739901882,0.9856576555560884,0.00665659134078303,0.05873221473753282,0.05873221473753282
23,8,3,0.9894884739901882,0.9846897075250122,0.007089534228041196,0.05873221473753282,0.05873221473753282
23,8,4,0.9894884739901882,0.9814448854014025,0.008169919137851847,0.05873221473753282,0.05873221473753283
23,9,0,0.9905692397764713,0.9830763322549343,0.007632146557387855,0.06537763330463928,0.06537763330463928
23,9,1,0.9905692397764713,0.9829611579872246,0.007679275930626922,0.06537763330463928,0.06537763330463928
23,9,2,0.9905692397764713,0.9852577715775143,0.005785281971039104,0.06537763330463928,0.06537763330463928
23,9,3,0.9905692397764713,0.9796620218063296,0.010907217970141575,0.06537763330463928,0.06537763330463928
23,9,4,0.9905692397764713,0.9871513915154687,0.00420601580411815,0.06537763330463928,0.06537763330463928
24,0,0,0.9919583328528221,0.9823977059837027,0.009563582143970776,0.07911086802176616,0.07911086802176616
24,0,1,0.9919583328528221,0.9851926791949174,0.006813594422983599,0.07911086802176616,0.07911086802176617
24,0,2,0.9919583328528221,0.9858359832584723,0.006953637915874546,0.07911086802176616,0.07911086802176616
24,0,3,0.9919583328528221,0.9830468307801342,0.009339510572427184,0.07911086802176616,0.07911086802176616
24,0,4,0.9919583328528221,0.9876623235681588,0.0048821349257345825,0.07911086802176616,0.07911086802176616
24,1,0,0.9900878706919132,0.9847260594061847,0.0054374773882761756,0.06769287973337208,0.06769287973337208
24,1,1,0.9900878706919132,0.9836172875795423,0.0069089184054412405,0.06769287973337208,0.06769287973337208
24,1,2,0.9900878706919132,0.9822906042923267,0.008496505075238045,0.06769287973337208,0.06769287973337208
24,1,3,0.9900878706919132,0.9866657400141118,0.005704938901429942,0.06769287973337208,0.06769287973337208
24,1,4,0.9900878706919132,0.9860981296926284,0.004946780428232295,0.06769287973337208,0.06769287973337208
24,2,0,0.993239311691013,0.9885465871636363,0.005482442825049237,0.08532969812557079,0.08532969812557079
24,2,1,0.993239311691013,0.9891691412976503,0.004070170393362706,0.08532969812557079,0.08532969812557079
24,2,2,0.993239311691013,0.9855243667232537,0.008050402594943698,0.08532969812557079,0.08532969812557079
24,2,3,0.993239311691013,0.9857968688385615,0.007596085247854785,0.08532969812557079,0.08532969812557079
24,2,4,0.993239311691013,0.9882766126563474,0.0049626990346655535,0.08532969812557079,0.08532969812557079
24,3,0,0.9884257575551919,0.9822366280644429,0.00862527251366819,0.06759949564713422,0.06759949564713422
24,3,1,0.9884257575551919,0.9813311099981693,0.007596385555593786,0.06759949564713422,0.06759949564713422
24,3,2,0.9884257575551919,0.9835624510243252,0.005230127891939967,0.06759949564713422,0.06759949564713422
24,3,3,0.9884257575551919,0.9821210374396393,0.007421763318607777,0.06759949564713422,0.06759949564713422
24,3,4,0.9884257575551919,0.9825087135135666,0.0059170440416252785,0.06759949564713422,0.06759949564713422
24,4,0,0.9868807527292892,0.981980271908721,0.007532020385486181,0.06257351983950636,0.06257351983950636
24,4,1,0.9868807527292892,0.98175171828151,0.005129034447779124,0.06257351983950636,0.06257351983950636
24,4,2,0.9868807527292892,0.9829356865746922,0.004342561903523945,0.06257351983950636,0.06257351983950638
24,4,3,0.9868807527292892,0.9826879431275196,0.00537998534083912,0.06257351983950636,0.06257351983950638
24,4,4,0.9868807527292892,0.981693906692153,0.006439597198502224,0.06257351983950636,0.06257351983950638
24,5,0,0.990689056717585,0.9856686764732193,0.005302770418849949,0.07301092786142893,0.07301092786142893
24,5,1,0.990689056717585,0.9869135058984647,0.004526861629163058,0.07301092786142893,0.07301092786142893
24,5,2,0.990689056717585,0.9848502514331617,0.005838805284423321,0.07301092786142893,0.07301092786142893
24,5,3,0.990689056717585,0.9859585803226819,0.005115708084878462,0.07301092786142893,0.07301092786142893
24,5,4,0.990689056717585,0.9838962138617443,0.007031315197583238,0.07301092786142893,0.07301092786142893
24,6,0,0.9918610874012009,0.9805086365786422,0.011773014117975841,0.07575176472969239,0.07575176472969239
24,6,1,0.9918610874012009,0.9852537959686379,0.0068777567722344,0.07575176472969239,0.07575176472969239
24,6,2,0.9918610874012009,0.9839703446117415,0.007890742789459467,0.07575176472969239,0.07575176472969239
24,6,3,0.9918610874012009,0.9838238289563933,0.008166761559319244,0.07575176472969239,0.07575176472969239
24,6,4,0.9918610874012009,0.9858072198437515,0.006098847991649198,0.07575176472969239,0.07575176472969239
24,7,0,0.9869001507366444,0.9769679474200994,0.010229064653285583,0.0611972720969938,0.061197272096993785
24,7,1,0.9869001507366444,0.9814333514884478,0.005788084991360447,0.0611972720969938,0.061197272096993785
24,7,2,0.9869001507366444,0.9819161820246426,0.008019042645178304,0.0611972720969938,0.06119727209699379
24,7,3,0.9869001507366444,0.9796274158988966,0.007675257711249957,0.0611972720969938,0.0611972720969938
24,7,4,0.9869001507366444,0.9831587308563444,0.004566470306633356,0.0611972720969938,0.0611972720969938
24,8,0,0.9906386426066778,0.9881322389865002,0.003693068929736513,0.06788690250584936,0.06788690250584936
24,8,1,0.9906386426066778,0.9866925525244269,0.005255562643792945,0.06788690250584936,0.06788690250584936
24,8,2,0.9906386426066778,0.9854875189614943,0.005846200779952839,0.06788690250584936,0.06788690250584936
24,8,3,0.9906386426066778,0.9847882056726558,0.006394016043570446,0.06788690250584936,0.06788690250584935
24,8,4,0.9906386426066778,0.9856316659551602,0.006238628311969539,0.06788690250584936,0.06788690250584936
24,9,0,0.9941038653051851,0.9854153601948156,0.009076135862505413,0.0836149213560698,0.0836149213560698
24,9,1,0.9941038653051851,0.9875571352226649,0.006546730082520232,0.0836149213560698,0.0836149213560698
24,9,2,0.9941038653051851,0.9900661054934274,0.004037759811757515,0.0836149213560698,0.0836149213560698
24,9,3,0.9941038653051851,0.985731780191959,0.008372085113225994,0.0836149213560698,0.0836149213560698
24,9,4,0.9941038653051851,0.9891692005556855,0.0049346647494994305,0.0836149213560698,0.0836149213560698
25,0,0,0.9876061691129127,0.9836171509287635,0.006023834353956259,0.08184613165630741,0.08184613165630741
25,0,1,0.9876061691129127,0.9856882569174026,0.004181184628250466,0.08184613165630741,0.08184613165630741
25,0,2,0.9876061691129127,0.9822247681302313,0.007091537917074536,0.08184613165630741,0.08184613165630743
25,0,3,0.9876061691129127,0.977393727460876,0.011119953791239359,0.08184613165630741,0.08184613165630741
25,0,4,0.9876061691129127,0.9799012198993391,0.008423359858153817,0.08184613165630741,0.08184613165630741
25,1,0,0.9907181223488158,0.982191429190678,0.008850141894715363,0.08050559689889841,0.08050559689889841
25,1,1,0.9907181223488158,0.986400007306422,0.004747878365855394,0.08050559689889841,0.08050559689889841
25,1,2,0.9907181223488158,0.985666023259346,0.005284440271145839,0.08050559689889841,0.08050559689889841
25,1,3,0.9907181223488158,0.9874781534551915,0.004228180278998045,0.08050559689889841,0.08050559689889841
25,1,4,0.9907181223488158,0.981850262888956,0.009878549258548475,0.08050559689889841,0.08050559689889841
25,2,0,0.9867766816177131,0.9851622940941508,0.003391813577641465,0.07992619067864898,0.07992619067864898
25,2,1,0.9867766816177131,0.9835068833515308,0.003913512780918625,0.07992619067864898,0.07992619067864899
25,2,2,0.9867766816177131,0.9827272813580393,0.005796720432331,0.07992619067864898,0.07992619067864899
25,2,3,0.9867766816177131,0.9825147346459961,0.006127600598682152,0.07992619067864898,0.07992619067864898
25,2,4,0.9867766816177131,0.9782877035778004,0.009048453666841927,0.07992619067864898,0.07992619067864899
25,3,0,0.9884295640795869,0.9826040099625573,0.008722350840198548,0.0927250700997011,0.0927250700997011
25,3,1,0.9884295640795869,0.9763326665412526,0.012096897538334372,0.0927250700997011,0.0927250700997011
25,3,2,0.9884295640795869,0.9856461365149646,0.004690929817946647,0.0927250700997011,0.09272507009970112
25,3,3,0.9884295640795869,0.9820079473369749,0.007347112710144006,0.0927250700997011,0.0927250700997011
25,3,4,0.9884295640795869,0.9814523293582588,0.00815748075901405,0.0927250700997011,0.09272507009970112
25,4,0,0.9866509820155485,0.9830245110205776,0.0073354398670302245,0.08376739317257345,0.08376739317257348
25,4,1,0.9866509820155485,0.9805138251933222,0.006150598565123659,0.08376739317257345,0.08376739317257345
25,4,2,0.9866509820155485,0.9821650554061643,0.006184542723210664,0.08376739317257345,0.08376739317257345
25,4,3,0.9866509820155485,0.9807936607481045,0.00803797029465686,0.08376739317257345,0.08376739317257346
25,4,4,0.9866509820155485,0.9848841745224554,0.004912635934322164,0.08376739317257345,0.08376739317257345
25,5,0,0.9900986282882848,0.9843739142148329,0.006029871765585421,0.08604209654311931,0.08604209654311931
25,5,1,0.9900986282882848,0.9829295651671415,0.008851911836188978,0.08604209654311931,0.08604209654311931
25,5,2,0.9900986282882848,0.9837309362229313,0.0072552966661396006,0.08604209654311931,0.08604209654311931
25,5,3,0.9900986282882848,0.9882057502834619,0.002496169362055776,0.08604209654311931,0.08604209654311931
25,5,4,0.9900986282882848,0.9855128966129473,0.005439383372064695,0.08604209654311931,0.08604209654311931
25,6,0,0.9900782761513724,0.9833411773843852,0.007139704219229863,0.08406385300082536,0.08406385300082535
25,6,1,0.9900782761513724,0.9842764564260342,0.005801819725338285,0.08406385300082536,0.08406385300082536
25,6,2,0.9900782761513724,0.9856432412625273,0.005818159179099401,0.08406385300082536,0.08406385300082536
25,6,3,0.9900782761513724,0.9846118943994716,0.0058442822639617935,0.08406385300082536,0.08406385300082536
25,6,4,0.9900782761513724,0.9858180366055819,0.006099488671142507,0.08406385300082536,0.08406385300082536
25,7,0,0.9914354422052541,0.987094250862385,0.0053312822857475295,0.08785824933897554,0.08785824933897554
25,7,1,0.9914354422052541,0.9833101893677663,0.008391820743699855,0.08785824933897554,0.08785824933897554
25,7,2,0.9914354422052541,0.9854206246665355,0.006781952915591767,0.08785824933897554,0.08785824933897554
25,7,3,0.9914354422052541,0.9869975727245016,0.00488293872791289,0.08785824933897554,0.08785824933897554
25,7,4,0.9914354422052541,0.9834644849701389,0.00885699282420204,0.08785824933897554,0.08785824933897554
25,8,0,0.9875013560102645,0.9815611922220681,0.006183538432777469,0.08069770197710112,0.08069770197710112
25,8,1,0.9875013560102645,0.9825139404291411,0.006658493749408079,0.08069770197710112,0.08069770197710112
25,8,2,0.9875013560102645,0.9838087829011354,0.003746026581932793,0.08069770197710112,0.0806977019771011
25,8,3,0.9875013560102645,0.9794732917213836,0.008218832882227634,0.08069770197710112,0.0806977019771011
25,8,4,0.9875013560102645,0.9808203116900599,0.006801349562284083,0.08069770197710112,0.0806977019771011
25,9,0,0.9918661720331873,0.9861401059697089,0.005920094528963721,0.09281562546570366,0.09281562546570366
25,9,1,0.9918661720331873,0.9865366623201433,0.006064212573473633,0.09281562546570366,0.09281562546570364
25,9,2,0.9918661720331873,0.9840787059601422,0.007787466073045202,0.09281562546570366,0.09281562546570366
25,9,3,0.9918661720331873,0.9844954243742627,0.0074986476452264805,0.09281562546570366,0.09281562546570366
25,9,4,0.9918661720331873,0.9855200572458599,0.006346114787327726,0.09281562546570366,0.09281562546570366
26,0,0,0.9888777071820104,0.9845801008391172,0.004706071003897851,0.09223070660648564,0.09223070660648561
26,0,1,0.9888777071820104,0.9824105646449001,0.006782277812787905,0.09223070660648564,0.09223070660648564
26,0,2,0.9888777071820104,0.9826112515221896,0.007061569808971833,0.09223070660648564,0.09223070660648564
26,0,3,0.9888777071820104,0.9820573825672404,0.007624831462636279,0.09223070660648564,0.09223070660648564
26,0,4,0.9888777071820104,0.9853714542355797,0.004322502397913532,0.09223070660648564,0.09223070660648564
26,1,0,0.9870862281207495,0.9796608599078104,0.00945510625588374,0.0814503830069695,0.0814503830069695
26,1,1,0.9870862281207495,0.9834284348144618,0.004843855658903939,0.0814503830069695,0.0814503830069695
26,1,2,0.9870862281207495,0.9811931875347409,0.0069932330823958,0.0814503830069695,0.0814503830069695
26,1,3,0.9870862281207495,0.982746014032699,0.005728847226308287,0.0814503830069695,0.0814503830069695
26,1,4,0.9870862281207495,0.9778603447999951,0.009456894010038316,0.0814503830069695,0.0814503830069695
26,2,0,0.9911637233506806,0.9863653891594114,0.005925555316778667,0.11968078901426926,0.11968078901426926
26,2,1,0.9911637233506806,0.9857958120097262,0.005907045333359978,0.11968078901426926,0.11968078901426926
26,2,2,0.9911637233506806,0.982322745281594,0.009209754492028849,0.11968078901426926,0.11968078901426925
26,2,3,0.9911637233506806,0.9887694956802163,0.003003315414675911,0.11968078901426926,0.11968078901426926
26,2,4,0.9911637233506806,0.9822107567121362,0.009202233033298535,0.11968078901426926,0.11968078901426926
26,3,0,0.9868168606033899,0.9830776924415346,0.004509577434236467,0.08384377157026154,0.08384377157026154
26,3,1,0.9868168606033899,0.982509362630407,0.005399722199774794,0.08384377157026154,0.08384377157026154
26,3,2,0.9868168606033899,0.9794566918211557,0.007597119102130133,0.08384377157026154,0.08384377157026154
26,3,3,0.9868168606033899,0.978481308239011,0.008335552364378987,0.08384377157026154,0.08384377157026154
26,3,4,0.9868168606033899,0.9812943862198132,0.006407401940068012,0.08384377157026154,0.08384377157026154
26,4,0,0.9883037690260488,0.9824638266397808,0.005900004686030164,0.10122766484143206,0.10122766484143206
26,4,1,0.9883037690260488,0.9772422122741555,0.01183011731942766,0.10122766484143206,0.10122766484143206
26,4,2,0.9883037690260488,0.9815516295769534,0.006785090845032898,0.10122766484143206,0.10122766484143206
26,4,3,0.9883037690260488,0.9806073413594653,0.008332541095978871,0.10122766484143206,0.10122766484143206
26,4,4,0.9883037690260488,0.9822809757233214,0.007210557562082831,0.10122766484143206,0.10122766484143206
26,5,0,0.9906660019576795,0.986847104547147,0.0052321962507067095,0.0923504370285442,0.0923504370285442
26,5,1,0.9906660019576795,0.9851254511689409,0.006197328368130972,0.0923504370285442,0.0923504370285442
26,5,2,0.9906660019576795,0.9866863220063434,0.004792950932146582,0.0923504370285442,0.09235043702854419
26,5,3,0.9906660019576795,0.9830038820414085,0.008705232689024262,0.0923504370285442,0.09235043702854419
26,5,4,0.9906660019576795,0.9849896207973332,0.006217266830248712,0.0923504370285442,0.09235043702854419
26,6,0,0.9914492288751621,0.9872784686633893,0.005994234012927434,0.0933718217012657,0.09337182170126572
26,6,1,0.9914492288751621,0.9864700879964459,0.005005923459540013,0.0933718217012657,0.0933718217012657
26,6,2,0.9914492288751621,0.9862370289378178,0.005602462860536339,0.0933718217012657,0.0933718217012657
26,6,3,0.9914492288751621,0.9854846363281062,0.006372009129584522,0.0933718217012657,0.0933718217012657
26,6,4,0.9914492288751621,0.9892964471145915,0.002637464908430263,0.0933718217012657,0.0933718217012657
26,7,0,0.9885197489244629,0.9794167628258051,0.009604213054374441,0.09101856112438915,0.09101856112438916
26,7,1,0.9885197489244629,0.9834148033628932,0.006004599838757165,0.09101856112438915,0.09101856112438914
26,7,2,0.9885197489244629,0.9838160134874308,0.005505756508677619,0.09101856112438915,0.09101856112438915
26,7,3,0.9885197489244629,0.9804336544438854,0.008722061879951467,0.09101856112438915,0.09101856112438915
26,7,4,0.9885197489244629,0.9800758043058635,0.009060409951259072,0.09101856112438915,0.09101856112438914
26,8,0,0.9855465629897756,0.979420681194958,0.006766149045703986,0.07945127297161798,0.079451272971618
26,8,1,0.9855465629897756,0.9789790021291696,0.007704995453890594,0.07945127297161798,0.07945127297161798
26,8,2,0.9855465629897756,0.9738570622411342,0.011689500748641557,0.07945127297161798,0.079451272971618
26,8,3,0.9855465629897756,0.9793781585262747,0.006567083619963073,0.07945127297161798,0.07945127297161798
26,8,4,0.9855465629897756,0.9761164155372191,0.009748424917849182,0.07945127297161798,0.07945127297161798
26,9,0,0.9932540713342674,0.9874142702902345,0.006088448413123791,0.11711659169314198,0.117116591693142
26,9,1,0.9932540713342674,0.9842253054979754,0.00902876583629239,0.11711659169314198,0.11711659169314197
26,9,2,0.9932540713342674,0.9867669573210168,0.0066290923369456784,0.11711659169314198,0.11711659169314198
26,9,3,0.9932540713342674,0.9886028327019071,0.004813714058621382,0.11711659169314198,0.11711659169314198
26,9,4,0.9932540713342674,0.9838170728522387,0.009436998482028744,0.11711659169314198,0.11711659169314198
27,0,0,0.9402467256280311,0.9312595767913324,0.010354708412426325,0.1412324307284087,0.1412324307284087
27,0,1,0.9402467256280311,0.9335304424956256,0.010950625466748473,0.1412324307284087,0.1412324307284087
27,0,2,0.9402467256280311,0.934625769897459,0.009098049290013918,0.1412324307284087,0.1412324307284087
27,0,3,0.9402467256280311,0.9325682223853694,0.012182336509087316,0.1412324307284087,0.1412324307284087
27,0,4,0.9402467256280311,0.9389998213790017,0.006165411183148534,0.1412324307284087,0.1412324307284087
27,1,0,0.9478969764594547,0.9401269838466746,0.0102042381451527,0.15054791427908196,0.15054791427908196
27,1,1,0.9478969764594547,0.941085954688039,0.01247494240292113,0.15054791427908196,0.15054791427908196
27,1,2,0.9478969764594547,0.9444918015361092,0.00831012901780064,0.15054791427908196,0.15054791427908196
27,1,3,0.9478969764594547,0.9377382474636718,0.012240743439739576,0.15054791427908196,0.15054791427908196
27,1,4,0.9478969764594547,0.9438984791796758,0.01032885068862339,0.15054791427908196,0.15054791427908196
27,2,0,0.9488032700013095,0.9383041986222146,0.012974277174985912,0.15753517045126986,0.15753517045126986
27,2,1,0.9488032700013095,0.9444699688557231,0.005060471911949314,0.15753517045126986,0.15753517045126986
27,2,2,0.9488032700013095,0.9438119503328327,0.005756785989719256,0.15753517045126986,0.15753517045126986
27,2,3,0.9488032700013095,0.9384266079562994,0.010376662045009569,0.15753517045126986,0.15753517045126986
27,2,4,0.9488032700013095,0.939689752666637,0.01263210784807566,0.15753517045126986,0.15753517045126986
27,3,0,0.9489940999356327,0.9469014987518732,0.006358504669625102,0.15756273956944977,0.15756273956944977
27,3,1,0.9489940999356327,0.9420759287976704,0.008521985687510438,0.15756273956944977,0.15756273956944977
27,3,2,0.9489940999356327,0.9479448173812323,0.009797914671240008,0.15756273956944977,0.1575627395694498
27,3,3,0.9489940999356327,0.9447261046695167,0.005624614319524962,0.15756273956944977,0.15756273956944977
27,3,4,0.9489940999356327,0.9468063761473178,0.01087408789242327,0.15756273956944977,0.15756273956944977
27,4,0,0.9333297388430036,0.9300516538695981,0.007812018218043855,0.13444069098960915,0.13444069098960915
27,4,1,0.9333297388430036,0.9302822978119586,0.007130151923792229,0.13444069098960915,0.13444069098960915
27,4,2,0.9333297388430036,0.9304813641784238,0.0065047846151275275,0.13444069098960915,0.13444069098960915
27,4,3,0.9333297388430036,0.9321876727542951,0.009855459247931178,0.13444069098960915,0.13444069098960915
27,4,4,0.9333297388430036,0.9329770600940533,0.007480852994865052,0.13444069098960915,0.13444069098960915
27,5,0,0.9396653132518078,0.9347671362149272,0.010219789589897934,0.16410608875566907,0.16410608875566907
27,5,1,0.9396653132518078,0.9398227332802823,0.007556414837516105,0.16410608875566907,0.16410608875566907
27,5,2,0.9396653132518078,0.9333533041847889,0.009433834903614999,0.16410608875566907,0.16410608875566907
27,5,3,0.9396653132518078,0.939231513561502,0.01046199804536956,0.16410608875566907,0.16410608875566907
27,5,4,0.9396653132518078,0.930263010893326,0.009702497959389331,0.16410608875566907,0.16410608875566907
27,6,0,0.9391562610660174,0.9277869054907728,0.013708701899444564,0.11421871682080847,0.11421871682080847
27,6,1,0.9391562610660174,0.9356489125144675,0.007358205945395278,0.11421871682080847,0.11421871682080847
27,6,2,0.9391562610660174,0.9312845195495733,0.008642145656869374,0.11421871682080847,0.11421871682080847
27,6,3,0.9391562610660174,0.9325183081538566,0.010884247366348862,0.11421871682080847,0.11421871682080847
27,6,4,0.9391562610660174,0.936591770408715,0.010836929512169358,0.11421871682080847,0.11421871682080847
27,7,0,0.9504562268626402,0.9456037672122428,0.007518653562402472,0.17207118488672213,0.17207118488672213
27,7,1,0.9504562268626402,0.9409314544973663,0.012825645019043088,0.17207118488672213,0.17207118488672213
27,7,2,0.9504562268626402,0.9439266076135261,0.007676306617304211,0.17207118488672213,0.17207118488672213
27,7,3,0.9504562268626402,0.9462535094804171,0.010558171654625506,0.17207118488672213,0.17207118488672213
27,7,4,0.9504562268626402,0.94511021602528,0.011452936991252244,0.17207118488672213,0.17207118488672213
27,8,0,0.9353604242352812,0.9313485640524134,0.012029087531932678,0.14427016848961277,0.14427016848961274
27,8,1,0.9353604242352812,0.9313141223884981,0.010060538148357315,0.14427016848961277,0.14427016848961277
27,8,2,0.9353604242352812,0.9318461966109205,0.004591371051555548,0.14427016848961277,0.14427016848961277
27,8,3,0.9353604242352812,0.9254047537678428,0.013231965255396336,0.14427016848961277,0.14427016848961277
27,8,4,0.9353604242352812,0.9232965060390786,0.012166756653310915,0.14427016848961277,0.14427016848961277
27,9,0,0.9476556200328646,0.9374122630729285,0.011399943424140607,0.1293359631030166,0.1293359631030166
27,9,1,0.9476556200328646,0.9460227505935973,0.011066975273141655,0.1293359631030166,0.1293359631030166
27,9,2,0.9476556200328646,0.9457526113466185,0.008806067863823217,0.1293359631030166,0.1293359631030166
27,9,3,0.9476556200328646,0.9373218095868254,0.013605994990425233,0.1293359631030166,0.1293359631030166
27,9,4,0.9476556200328646,0.9381446636033806,0.012069857359319572,0.1293359631030166,0.1293359631030166
28,0,0,0.9859326450335781,0.9798226682826502,0.008631559530426733,0.11574680194465993,0.11574680194465994
28,0,1,0.9859326450335781,0.9782103801605885,0.00824591776322516,0.11574680194465993,0.11574680194465993
28,0,2,0.9859326450335781,0.9808038969116472,0.007859680509244507,0.11574680194465993,0.11574680194465992
28,0,3,0.9859326450335781,0.9807008332949732,0.00586914872814102,0.11574680194465993,0.11574680194465992
28,0,4,0.9859326450335781,0.9840081109310536,0.004182166950741066,0.11574680194465993,0.11574680194465994
28,1,0,0.9834924897390754,0.978597520256256,0.006670733152128794,0.08189516006273978,0.08189516006273978
28,1,1,0.9834924897390754,0.976211520642118,0.007947730179551684,0.08189516006273978,0.08189516006273978
28,1,2,0.9834924897390754,0.9806320651676952,0.004941898719986959,0.08189516006273978,0.08189516006273978
28,1,3,0.9834924897390754,0.9724526628924332,0.011039826846642259,0.08189516006273978,0.08189516006273978
28,1,4,0.9834924897390754,0.9802045977905699,0.005289783819726899,0.08189516006273978,0.08189516006273978
28,2,0,0.9868957748708097,0.9833963175250909,0.005691614853533218,0.1015858301058841,0.1015858301058841
28,2,1,0.9868957748708097,0.981877391566997,0.005462748104143479,0.1015858301058841,0.1015858301058841
28,2,2,0.9868957748708097,0.981347635848945,0.006469772532126235,0.1015858301058841,0.1015858301058841
28,2,3,0.9868957748708097,0.9768984434211627,0.01086722616872012,0.1015858301058841,0.1015858301058841
28,2,4,0.9868957748708097,0.9786009682052019,0.009933906820210087,0.1015858301058841,0.1015858301058841
28,3,0,0.9806718734875502,0.9734421143020388,0.008220773195401385,0.08341250304342848,0.08341250304342848
28,3,1,0.9806718734875502,0.9778884448961077,0.005120658604700197,0.08341250304342848,0.08341250304342847
28,3,2,0.9806718734875502,0.9767528170666955,0.006216728002979908,0.08341250304342848,0.08341250304342848
28,3,3,0.9806718734875502,0.9754286097912122,0.005940528745542277,0.08341250304342848,0.08341250304342847
28,3,4,0.9806718734875502,0.97549523653875,0.006695812352971601,0.08341250304342848,0.08341250304342848
28,4,0,0.9822747291351864,0.97360196756697,0.008672761568216244,0.08705452920052352,0.08705452920052353
28,4,1,0.9822747291351864,0.9803274801344964,0.0045920833848796345,0.08705452920052352,0.08705452920052352
28,4,2,0.9822747291351864,0.9733747916648777,0.010093475851739392,0.08705452920052352,0.08705452920052352
28,4,3,0.9822747291351864,0.97312454709364,0.00915018204154631,0.08705452920052352,0.08705452920052352
28,4,4,0.9822747291351864,0.9754052863261018,0.008829613699305175,0.08705452920052352,0.08705452920052352
28,5,0,0.9871552715760546,0.9783397020506851,0.008921524765535491,0.11018881221588164,0.11018881221588164
28,5,1,0.9871552715760546,0.9829825668196501,0.00512438116775447,0.11018881221588164,0.11018881221588164
28,5,2,0.9871552715760546,0.984412516472457,0.0036662910276660057,0.11018881221588164,0.11018881221588164
28,5,3,0.9871552715760546,0.9809534901552052,0.0067282284013886655,0.11018881221588164,0.11018881221588164
28,5,4,0.9871552715760546,0.9817100472469339,0.005524555908405893,0.11018881221588164,0.11018881221588164
28,6,0,0.9847329253963922,0.975950799584573,0.009271393180058818,0.09304592427374439,0.09304592427374439
28,6,1,0.9847329253963922,0.9787276464161239,0.006455432537730325,0.09304592427374439,0.09304592427374439
28,6,2,0.9847329253963922,0.9799784742826088,0.006604016225252122,0.09304592427374439,0.09304592427374439
28,6,3,0.9847329253963922,0.9783263322275793,0.007038757915812599,0.09304592427374439,0.0930459242737444
28,6,4,0.9847329253963922,0.9757623212860326,0.00966282366792325,0.09304592427374439,0.09304592427374439
28,7,0,0.986781261876513,0.9834774340887282,0.004696694677494996,0.09234259370066804,0.09234259370066804
28,7,1,0.986781261876513,0.9818386318830014,0.005036213384966996,0.09234259370066804,0.09234259370066802
28,7,2,0.986781261876513,0.9837734396694794,0.005404376316332625,0.09234259370066804,0.09234259370066802
28,7,3,0.986781261876513,0.9816366211286761,0.006858950854478879,0.09234259370066804,0.09234259370066804
28,7,4,0.986781261876513,0.9822229337173258,0.00569330406237753,0.09234259370066804,0.09234259370066804
28,8,0,0.987797062667317,0.9810812544457307,0.007399029289701135,0.10055110940680552,0.10055110940680552
28,8,1,0.987797062667317,0.9823702338544335,0.005771459896040887,0.10055110940680552,0.10055110940680552
28,8,2,0.987797062667317,0.9813934176526825,0.0065697748516412675,0.10055110940680552,0.1005511094068055
28,8,3,0.987797062667317,0.9846101011363909,0.003829848646364773,0.10055110940680552,0.1005511094068055
28,8,4,0.987797062667317,0.9809755800004539,0.007477791831085055,0.10055110940680552,0.1005511094068055
28,9,0,0.9846292104190449,0.9800119005878472,0.0066016707281116305,0.10487388210357781,0.1048738821035778
28,9,1,0.9846292104190449,0.9781191442559457,0.0087723959722489,0.10487388210357781,0.1048738821035778
28,9,2,0.9846292104190449,0.9812685193856922,0.0055117963107207775,0.10487388210357781,0.10487388210357781
28,9,3,0.9846292104190449,0.980336190057573,0.0068431978618519185,0.10487388210357781,0.10487388210357781
28,9,4,0.9846292104190449,0.9826381476494154,0.004200747119361914,0.10487388210357781,0.10487388210357781
29,0,0,0.9827632198212711,0.9752030402685067,0.009790161334929168,0.0943002119734589,0.0943002119734589
29,0,1,0.9827632198212711,0.9785365623982561,0.005573223635418706,0.0943002119734589,0.0943002119734589
29,0,2,0.9827632198212711,0.9778854889681968,0.007167047583234443,0.0943002119734589,0.0943002119734589
29,0,3,0.9827632198212711,0.9802836842482234,0.004621914729183847,0.0943002119734589,0.0943002119734589
29,0,4,0.9827632198212711,0.9769944243531624,0.007743936556056504,0.0943002119734589,0.0943002119734589
29,1,0,0.9822638508622545,0.9750250968384186,0.008412512154990106,0.10544228397841103,0.10544228397841103
29,1,1,0.9822638508622545,0.9781009718943684,0.00599645363813849,0.10544228397841103,0.10544228397841102
29,1,2,0.9822638508622545,0.9766430720026041,0.006065334937078189,0.10544228397841103,0.10544228397841104
29,1,3,0.9822638508622545,0.9792684020425878,0.005296731563923592,0.10544228397841103,0.10544228397841103
29,1,4,0.9822638508622545,0.9748850320055515,0.008764362459289984,0.10544228397841103,0.10544228397841103
29,2,0,0.9887836368123177,0.9815094043539552,0.007718182111098888,0.1601153753725555,0.16011537537255546
29,2,1,0.9887836368123177,0.9850940976241905,0.006762344989646239,0.1601153753725555,0.1601153753725555
29,2,2,0.9887836368123177,0.9853769083457049,0.005796128187987433,0.1601153753725555,0.1601153753725555
29,2,3,0.9887836368123177,0.9822077879337181,0.007383221861487367,0.1601153753725555,0.1601153753725555
29,2,4,0.9887836368123177,0.983589095733831,0.007846819823045748,0.1601153753725555,0.16011537537255546
29,3,0,0.9876576607186601,0.9867714824653152,0.004144941518855083,0.14027364732258218,0.14027364732258218
29,3,1,0.9876576607186601,0.9809539683799731,0.0077151815762015645,0.14027364732258218,0.14027364732258216
29,3,2,0.9876576607186601,0.980215481479255,0.00790989037263215,0.14027364732258218,0.14027364732258216
29,3,3,0.9876576607186601,0.9831038182185617,0.006228587209626425,0.14027364732258218,0.14027364732258218
29,3,4,0.9876576607186601,0.9838241441837353,0.004521132718841682,0.14027364732258218,0.14027364732258218
29,4,0,0.9763616202229096,0.9695924276336143,0.00801782930142994,0.08779105984019103,0.08779105984019103
29,4,1,0.9763616202229096,0.9693942701014069,0.008573476724523068,0.08779105984019103,0.08779105984019103
29,4,2,0.9763616202229096,0.9743146396473464,0.006590992818483567,0.08779105984019103,0.08779105984019103
29,4,3,0.9763616202229096,0.9751203165976662,0.006323075456667983,0.08779105984019103,0.08779105984019106
29,4,4,0.9763616202229096,0.9746386820120483,0.004362779905346753,0.08779105984019103,0.08779105984019103
29,5,0,0.987609878178156,0.9861214276406717,0.004291631863714572,0.12816890877553594,0.12816890877553594
29,5,1,0.987609878178156,0.9824069044359716,0.006848079668478141,0.12816890877553594,0.12816890877553594
29,5,2,0.987609878178156,0.9835199410699955,0.00572442992684614,0.12816890877553594,0.12816890877553594
29,5,3,0.987609878178156,0.9821713810749292,0.007342572587993608,0.12816890877553594,0.12816890877553594
29,5,4,0.987609878178156,0.9794638224616414,0.008201653357814531,0.12816890877553594,0.12816890877553594
29,6,0,0.9826282938591104,0.977223981644939,0.006759134446192777,0.09518947933695357,0.09518947933695357
29,6,1,0.9826282938591104,0.9774789012059512,0.008478554037095113,0.09518947933695357,0.09518947933695354
29,6,2,0.9826282938591104,0.9770590157313369,0.005975907389930905,0.09518947933695357,0.09518947933695357
29,6,3,0.9826282938591104,0.9771755493101723,0.007687359801562478,0.09518947933695357,0.09518947933695357
29,6,4,0.9826282938591104,0.9794015201721291,0.005106873109888277,0.09518947933695357,0.09518947933695357
29,7,0,0.986564509179486,0.9799903798652841,0.009068976122574124,0.08613436013980721,0.08613436013980721
29,7,1,0.986564509179486,0.9819050011720494,0.00496202402047279,0.08613436013980721,0.08613436013980721
29,7,2,0.986564509179486,0.9776226843006445,0.009680848076623283,0.08613436013980721,0.08613436013980721
29,7,3,0.986564509179486,0.9825432516695171,0.005034724320420135,0.08613436013980721,0.08613436013980721
29,7,4,0.986564509179486,0.984463067715831,0.004793826738179324,0.08613436013980721,0.0861343601398072
29,8,0,0.9831445419871883,0.9768770907521569,0.008824703874721812,0.0845816749302978,0.08458167493029778
29,8,1,0.9831445419871883,0.9759626832357334,0.008807165923633722,0.0845816749302978,0.08458167493029779
29,8,2,0.9831445419871883,0.9792269968164166,0.006823730993538224,0.0845816749302978,0.08458167493029779
29,8,3,0.9831445419871883,0.981008992985623,0.004365542104696076,0.0845816749302978,0.0845816749302978
29,8,4,0.9831445419871883,0.981102258664731,0.006901065855893405,0.0845816749302978,0.0845816749302978
29,9,0,0.9800223866821544,0.9751691354681661,0.0048532512139882284,0.08398448311411616,0.08398448311411616
29,9,1,0.9800223866821544,0.9734155117837356,0.007395960326393558,0.08398448311411616,0.08398448311411617
29,9,2,0.9800223866821544,0.9748087711378671,0.006636518485753741,0.08398448311411616,0.08398448311411616
29,9,3,0.9800223866821544,0.9759477665577151,0.004886605415263497,0.08398448311411616,0.08398448311411616
29,9,4,0.9800223866821544,0.9739889930573291,0.007724860128978782,0.08398448311411616,0.08398448311411616
30,0,0,0.9848685042260722,0.9788733223288216,0.00658260535152802,0.07002770248056234,0.07002770248056232
30,0,1,0.9848685042260722,0.9806889766115271,0.006623395110701776,0.07002770248056234,0.07002770248056234
30,0,2,0.9848685042260722,0.9784384005050072,0.0068897985493796094,0.07002770248056234,0.07002770248056234
30,0,3,0.9848685042260722,0.9825049094796428,0.00381360042550379,0.07002770248056234,0.07002770248056234
30,0,4,0.9848685042260722,0.9809888018267167,0.00575437850239402,0.07002770248056234,0.07002770248056234
30,1,0,0.9839614690279627,0.9771332514695624,0.008412081623200757,0.07747650364020386,0.07747650364020386
30,1,1,0.9839614690279627,0.9814395267284901,0.00509661150836474,0.07747650364020386,0.07747650364020386
30,1,2,0.9839614690279627,0.9809394544187833,0.005318762281651161,0.07747650364020386,0.07747650364020386
30,1,3,0.9839614690279627,0.9812946377369647,0.004031177999713402,0.07747650364020386,0.07747650364020386
30,1,4,0.9839614690279627,0.9775789016710797,0.006603556830200123,0.07747650364020386,0.07747650364020386
30,2,0,0.9844928172704982,0.9823149777619816,0.0039727420378714755,0.05599420983000086,0.05599420983000086
30,2,1,0.9844928172704982,0.9770336436839021,0.008395014489759314,0.05599420983000086,0.05599420983000086
30,2,2,0.9844928172704982,0.9820481019470829,0.005760999089787573,0.05599420983000086,0.05599420983000086
30,2,3,0.9844928172704982,0.9799040789582856,0.005460012234303369,0.05599420983000086,0.05599420983000086
30,2,4,0.9844928172704982,0.9818224485428347,0.006315419481237437,0.05599420983000086,0.05599420983000086
30,3,0,0.980174352213365,0.975063997313728,0.006443113367332544,0.06281970150243096,0.06281970150243096
30,3,1,0.980174352213365,0.9781112677212489,0.005917075850653393,0.06281970150243096,0.06281970150243096
30,3,2,0.980174352213365,0.974589081186311,0.006956308901327711,0.06281970150243096,0.06281970150243096
30,3,3,0.980174352213365,0.9729301055752542,0.008026090163060579,0.06281970150243096,0.06281970150243096
30,3,4,0.980174352213365,0.9772614255398243,0.0038447049052141857,0.06281970150243096,0.06281970150243095
30,4,0,0.9841893641204621,0.9785224110761419,0.007002544466387474,0.08118263231453267,0.08118263231453267
30,4,1,0.9841893641204621,0.9790380823373964,0.006704726500865427,0.08118263231453267,0.08118263231453267
30,4,2,0.9841893641204621,0.9769157402719185,0.009529362485547263,0.08118263231453267,0.08118263231453267
30,4,3,0.9841893641204621,0.9737722049414156,0.011489512308025826,0.08118263231453267,0.08118263231453267
30,4,4,0.9841893641204621,0.9760202292625272,0.00816913485793492,0.08118263231453267,0.08118263231453265
30,5,0,0.9872046627019874,0.9784217342751899,0.0088234390222931,0.08481240295288328,0.08481240295288327
30,5,1,0.9872046627019874,0.9828968330624668,0.006434487151102323,0.08481240295288328,0.08481240295288328
30,5,2,0.9872046627019874,0.9825540494613221,0.004840307687381085,0.08481240295288328,0.08481240295288328
30,5,3,0.9872046627019874,0.9812152248350396,0.007748500978044304,0.08481240295288328,0.08481240295288327
30,5,4,0.9872046627019874,0.9822732007892209,0.005436268184885702,0.08481240295288328,0.08481240295288328
30,6,0,0.9870688879464179,0.9827260507681278,0.005359155655313715,0.06761159513345157,0.06761159513345157
30,6,1,0.9870688879464179,0.980063593232226,0.007289301810440195,0.06761159513345157,0.06761159513345157
30,6,2,0.9870688879464179,0.9792699874650009,0.008287040214466265,0.06761159513345157,0.06761159513345157
30,6,3,0.9870688879464179,0.9811586451432812,0.007928999163132092,0.06761159513345157,0.06761159513345158
30,6,4,0.9870688879464179,0.980184806419531,0.00728034061025649,0.06761159513345157,0.06761159513345157
30,7,0,0.9828726018689772,0.9804340925579392,0.00778563566826342,0.06682401883989644,0.06682401883989644
30,7,1,0.9828726018689772,0.9748999204690306,0.009163065692823325,0.06682401883989644,0.06682401883989643
30,7,2,0.9828726018689772,0.9791938497542851,0.005009559986607524,0.06682401883989644,0.06682401883989644
30,7,3,0.9828726018689772,0.9760129622869945,0.008384855778742836,0.06682401883989644,0.06682401883989644
30,7,4,0.9828726018689772,0.9784851526940073,0.007825758544437983,0.06682401883989644,0.06682401883989644
30,8,0,0.9831395678456957,0.9742942201944608,0.008845347651234884,0.059339698322592255,0.05933969832259225
30,8,1,0.9831395678456957,0.9764259012251569,0.010047821053258124,0.059339698322592255,0.059339698322592255
30,8,2,0.9831395678456957,0.9772982091756955,0.006870545940560154,0.059339698322592255,0.059339698322592255
30,8,3,0.9831395678456957,0.974372726326576,0.009694074827445174,0.059339698322592255,0.059339698322592255
30,8,4,0.9831395678456957,0.9798801898408923,0.006123957651606532,0.059339698322592255,0.059339698322592255
30,9,0,0.9825250463077378,0.979893293279391,0.005356248712122351,0.06622037899253681,0.06622037899253681
30,9,1,0.9825250463077378,0.9774914326020925,0.006790214063635401,0.06622037899253681,0.06622037899253681
30,9,2,0.9825250463077378,0.9764252289883557,0.0063535801891983585,0.06622037899253681,0.06622037899253681
30,9,3,0.9825250463077378,0.9772974002305551,0.006348183369804898,0.06622037899253681,0.06622037899253681
30,9,4,0.9825250463077378,0.9767611516628731,0.006531905563307914,0.06622037899253681,0.06622037899253681
