condition,checkpoint,seed,episode,external_sha256,phi_r_g,phi_r_z,group_decoupling_g,group_downward_g,group_part_driven_g,atom_base_part0_to_whole_g,atom_parts_to_whole_g,atom_part1_to_whole_g,atom_whole_to_part0_g,atom_whole_to_parts_g,atom_whole_to_part1_g,atom_whole_to_whole_g,atom_part0_to_part1_g,atom_part1_to_part0_g,phi_r_g_shuffled,whole_to_single_sum,whole_to_parts,downward_reconstructed,downward_reconstruction_error
coupled,48000,1,0,2bdde52c6bb6e994a3f0d7c441ff03c743b87486b9efafb8c87e3d9aefd1bf30,1.5492877948541277,0.0243160476123275,-0.9920214673653076,2.508456972468016,0.0441138016495177,1.4256722307668168,0.2457549854920984,1.074895214651466,1.21361242797041,0.1732983678753816,1.121546176622224,-0.9920214673653076,-1.4606616034534257,-1.241547025807438,,2.3351586045926336,0.1732983678753816,2.5084569724680152,-8.881784197001252e-16
coupled,48000,1,1,010aa30e51836eeb1d0b2f3c13fdad4d158ec9cd81af62b9fe181df4c7aef7c4,2.022324452889501,0.243405577318298,-0.9932928678113324,3.000575448272468,0.0759472675212473,1.3245323493803394,0.2904994103426195,1.4635043710485234,1.280497499290138,0.2037605799115011,1.5163173690708285,-0.9932928678113324,-1.5361449059181649,-1.4664439573320702,,2.7968148683609666,0.2037605799115011,3.0005754482724676,-4.440892098500626e-16
coupled,48000,1,2,a4040649f24d949a9daac8111c269e4d1a5257c969fae12fa7c69d0df9dbb2a3,2.650613570063052,0.0792141149442989,-1.3878073024034885,3.955016698790919,0.1933703430129307,2.161604139363401,0.6229364977143073,1.459299491239637,1.872094982174899,0.6250937882265726,1.4578279283894475,-1.3878073024034885,-2.168984255714858,-1.8814855295895556,,3.3299229105643464,0.6250937882265726,3.955016698790919,0.0
coupled,48000,1,3,f554c10b3a6ea3aad3da67bdd8822e211e5b121bc19cccf58079def91c367dd6,1.872183189763541,0.0633093020817769,-1.1837305517857812,3.0001843578995127,0.0259622110270107,1.607829327370426,0.3289543638090508,1.321747595431392,1.3207478606803311,0.02239342314164,1.6570430740775413,-1.1837305517857812,-1.9080612442258744,-1.324507831357984,,2.9777909347578726,0.02239342314164,3.0001843578995127,0.0
coupled,48000,1,4,efeb704908aab4b37f9eb437d7027df36470cc446a4008dae4aeb97dab9705a9,1.9107820058107856,0.0300378015015345,-0.9780359753190186,2.7959344102502746,0.0909150503566129,1.4925617554202122,0.4149191280408146,1.2201550144301587,1.1847967970500544,0.053821611261376,1.557316001938844,-0.9780359753190186,-1.8020194709366415,-1.2347013765979309,,2.7421127989888983,0.053821611261376,2.795934410250274,-4.440892098500626e-16
coupled,48000,1,5,e026480bfdede18b0cad8aa9a8396507da1a7d4e1d8f8b035f580d6cf1dfb08c,2.132832044219363,0.1279224355594183,-0.5239670633089784,2.557260329016966,0.0684454905280387,1.2958943350654335,0.3020978532684979,1.132191848616944,1.105033321632281,0.0498570711691415,1.4023699362155433,-0.5239670633089784,-1.5306482923128644,-1.1310902541099723,,2.507403257847824,0.0498570711691415,2.5572603290169655,-4.440892098500626e-16
coupled,48000,1,6,aa52b477675f028f7f05585d6e76d7c1e052216fc5ff0c12d5b19191dbb9f848,1.4402893101714933,0.0287707171888663,-0.9942283172416602,2.406833525507768,0.0427405528302338,1.5489948321367235,0.2390273513514444,1.0341163952311512,1.2171517566254932,0.1772451791427398,1.0124365897395349,-0.9942283172416602,-1.553133290235928,-1.2262647356531575,,2.229588346365028,0.1772451791427398,2.4068335255077677,-4.440892098500626e-16
coupled,48000,1,7,0193a206e04983fbfc2b0b7090a2206526ec6d42519b69d1a4291436c936eec5,1.9085913644174963,0.3604835926495953,-1.025990321177665,3.0070440666970946,0.127916413735535,1.2281469394044624,0.6474221116816741,1.2598219065130545,1.0687569392358638,0.3166919616074701,1.6215951658537604,-1.025990321177665,-1.7408279329626262,-1.26664661090103,,2.690352105089624,0.3166919616074701,3.007044066697094,-4.440892098500626e-16
coupled,48000,1,8,61d4cf29a73d0fbebcfd1d461184e2ae14c4900d005b36c4d18f6b61215564be,2.210885663999864,0.1248253284713274,-0.3094078906821833,2.405425773856731,0.0487491109221609,0.6259301315552857,1.1040511543003215,0.7339783217299312,0.6004904204707888,0.1476966387739655,1.6572387146119765,-0.3094078906821833,-1.6817404587074922,-0.7334700379558852,,2.2577291350827653,0.1476966387739655,2.405425773856731,0.0
coupled,48000,1,9,794bd6f53d04e380a07ad3b23a7b78a7204d02f669ee999f3c58aefed46e047b,1.867976741192751,0.1386796693773989,-0.6163823482896902,2.396795171578008,0.0850388233932535,0.9067745051310828,0.6133905554134591,0.8959759530635472,0.7998300078386675,0.1919882829286308,1.4049768808107097,-0.6163823482896902,-1.4375386849100364,-0.893563505304799,,2.2048068886493772,0.1919882829286308,2.396795171578008,0.0
coupled,48000,2,0,2bdde52c6bb6e994a3f0d7c441ff03c743b87486b9efafb8c87e3d9aefd1bf30,1.2302154206833105,0.0147449449122991,-0.7474905101310374,1.8306008490027008,0.0693251409658999,1.3449177808444677,0.2505559046944534,0.7479002065974203,0.8045981514419127,0.0774222490741392,0.9485804484866488,-0.7474905101310374,-1.461510045464718,-0.8125387057057236,,1.7531785999285616,0.0774222490741392,1.8306008490027008,0.0
coupled,48000,2,1,010aa30e51836eeb1d0b2f3c13fdad4d158ec9cd81af62b9fe181df4c7aef7c4,1.9783662081887197,0.1498107475063917,-1.0280811032163246,2.9174320882569527,0.0830752066701578,1.3379554743521604,0.2621622858845165,1.4623348380763326,1.3127542790294386,0.1280347116667859,1.4766430975607283,-1.0280811032163246,-1.512243520860398,-1.4671338707824533,,2.789397376590167,0.1280347116667859,2.917432088256953,4.440892098500626e-16
coupled,48000,2,2,a4040649f24d949a9daac8111c269e4d1a5257c969fae12fa7c69d0df9dbb2a3,2.0838797430127283,0.19819822031729,-1.3757274803083543,3.505971376545984,0.0406123422532413,1.5975563270184838,0.4739319508733559,1.4603965793034752,1.787937003132189,0.3144949115622892,1.4035394618515054,-1.3757274803083543,-1.6121565222907306,-1.879115992651343,,3.1914764649836944,0.3144949115622892,3.5059713765459835,-4.440892098500626e-16
coupled,48000,2,3,f554c10b3a6ea3aad3da67bdd8822e211e5b121bc19cccf58079def91c367dd6,1.9205022449170888,0.0188470486398126,0.4760872089462795,1.3719724934536242,0.0365736462065319,0.7319630203662191,0.4259475799320095,0.3023509318149822,0.6959782882058158,0.3477629864704814,0.3282312187773271,0.4760872089462795,-0.7193154355490465,-0.7043724503576324,,1.024209506983143,0.3477629864704814,1.3719724934536244,2.220446049250313e-16
coupled,48000,2,4,efeb704908aab4b37f9eb437d7027df36470cc446a4008dae4aeb97dab9705a9,1.80654579412585,0.1259436366322494,-0.4796471944728586,2.1468085276015287,0.0196723008836881,0.7638285189639356,0.6112927431895656,1.04865789658369,1.371523340926398,0.0214228095263404,0.75386237714879,-0.4796471944728586,-0.765667739679099,-1.638439118174404,,2.1253857180751883,0.0214228095263404,2.1468085276015287,0.0
coupled,48000,2,5,e026480bfdede18b0cad8aa9a8396507da1a7d4e1d8f8b035f580d6cf1dfb08c,1.8242613938091443,0.1299364538079315,-0.9946384987855872,2.783407472137012,0.0579182186237288,1.3049061760933451,0.2205797181204973,1.349046233402654,1.4224533947371407,0.1113658263510419,1.2495882510488292,-0.9946384987855872,-1.3164117969982143,-1.500202111994553,,2.6720416457859697,0.1113658263510419,2.7834074721370117,-4.440892098500626e-16
coupled,48000,2,6,aa52b477675f028f7f05585d6e76d7c1e052216fc5ff0c12d5b19191dbb9f848,1.8013144040871856,0.0286163443087344,-1.3280249350731204,3.153665590181279,0.0956189384621644,1.3759405664138011,0.3401703995117378,1.8316386438671015,1.5160155489312177,0.201838192959403,1.4358118482906583,-1.3280249350731204,-1.4697615873793373,-1.9823690839511392,,2.951827397221876,0.201838192959403,3.153665590181279,0.0
coupled,48000,2,7,0193a206e04983fbfc2b0b7090a2206526ec6d42519b69d1a4291436c936eec5,1.5675790940895649,0.0842602302164646,0.2975355811390638,1.2243889445796563,0.0714114510299206,0.506210923433954,0.583651119908547,0.2980405322470911,0.2899528173747701,0.0313562133650249,0.9030799138398612,0.2975355811390638,-1.032703732585751,-0.2837873919739202,,1.1930327312146312,0.0313562133650249,1.224388944579656,-2.220446049250313e-16
coupled,48000,2,8,61d4cf29a73d0fbebcfd1d461184e2ae14c4900d005b36c4d18f6b61215564be,2.085934276935385,0.0398032600166897,-1.5194636728832966,3.604087423394475,0.089077763594219,1.7243618034618642,0.3596502074351551,1.644788663992935,1.806858894753566,0.1878859885980066,1.6093425400429022,-1.5194636728832966,-1.7463978541249112,-1.893325057170824,,3.416201434796468,0.1878859885980066,3.604087423394475,0.0
coupled,48000,2,9,794bd6f53d04e380a07ad3b23a7b78a7204d02f669ee999f3c58aefed46e047b,1.923417475075471,0.3569016900766356,0.2560023002141625,1.7275110565416825,0.0682011552016468,0.2490806961284242,1.463097495189731,-0.0522867370491804,1.3007118734247411,0.4912065001214283,-0.0644073170044869,0.2560023002141625,-0.2490806961284242,-1.342609602938904,,1.2363045564202542,0.4912065001214283,1.7275110565416825,0.0
coupled,48000,3,0,2bdde52c6bb6e994a3f0d7c441ff03c743b87486b9efafb8c87e3d9aefd1bf30,1.6254360178837426,0.0522668378103035,1.46572021576183,0.078282968204222,0.0759258516699887,-0.2547720403954381,0.386833284902184,0.0,-0.1243592089017506,0.1334265774768308,0.0692155996291419,1.46572021576183,-0.0561353928367571,0.0,,-0.05514360927260871,0.1334265774768308,0.07828296820422208,8.326672684688674e-17
coupled,48000,3,1,010aa30e51836eeb1d0b2f3c13fdad4d158ec9cd81af62b9fe181df4c7aef7c4,2.6195039513602274,0.0576630363507115,1.4469533913517956,1.1146863124205562,0.0725697912555778,-0.489636412610968,1.655426152089251,0.0,-0.3979125031000143,0.4226379690626982,1.0899608464578725,1.4469533913517956,-1.0932199482227052,0.0,,0.6920483433578581,0.4226379690626982,1.1146863124205564,2.220446049250313e-16
coupled,48000,3,2,a4040649f24d949a9daac8111c269e4d1a5257c969fae12fa7c69d0df9dbb2a3,1.8296634778808571,0.116250244515083,1.0218575577856828,0.7403675916419319,0.0277322384152022,0.2067816464200174,0.454420409451563,0.1274827995194383,0.1176936697516408,0.0160562734213458,0.6066176484689452,1.0218575577856828,-0.6419148936635526,-0.1190377233122639,,0.724311318220586,0.0160562734213458,0.7403675916419319,0.0
coupled,48000,3,3,f554c10b3a6ea3aad3da67bdd8822e211e5b121bc19cccf58079def91c367dd6,2.1598160858001214,0.1076762449952811,1.2327065294318067,0.8454002769142982,0.0542878567530574,-0.2892125872722841,1.2077612776021542,0.0,-0.194928061939964,0.20275314568585,0.8375751931684122,1.2327065294318067,-0.8642608335768126,0.0,,0.6426471312284482,0.20275314568585,0.8454002769142982,0.0
coupled,48000,3,4,efeb704908aab4b37f9eb437d7027df36470cc446a4008dae4aeb97dab9705a9,1.954082799947439,0.0384793264821497,0.6872274982046491,1.1105730867013266,0.1588132645965398,0.3598156109946238,0.5747094597511251,0.2687251789264988,0.1899921190075977,0.1156528379245069,0.8049281297692219,0.6872274982046491,-0.8301816248148044,-0.2142553602609034,,0.9949202487768196,0.1156528379245069,1.1105730867013266,0.0
coupled,48000,3,5,e026480bfdede18b0cad8aa9a8396507da1a7d4e1d8f8b035f580d6cf1dfb08c,2.1462162991920577,0.0069992528798863,0.7083018790926068,1.304317167347354,0.2300281150890257,-0.0228851827188285,1.5825332361887146,0.0,-4.440892098500626e-16,0.0307385324812212,1.273578634866133,0.7083018790926068,-1.3296199383808602,0.0,,1.2735786348661327,0.0307385324812212,1.304317167347354,0.0
coupled,48000,3,6,aa52b477675f028f7f05585d6e76d7c1e052216fc5ff0c12d5b19191dbb9f848,2.2747050187202995,0.1014726112884931,1.3426466383816895,0.9837481600269192,0.0264362670612492,-0.309672561573274,1.2981537653025206,0.0,-0.1657320310750878,0.2002468171603522,0.949233373941655,1.3426466383816895,-0.9620449366679972,0.0,,0.7835013428665671,0.2002468171603522,0.9837481600269193,1.1102230246251565e-16
coupled,48000,3,7,0193a206e04983fbfc2b0b7090a2206526ec6d42519b69d1a4291436c936eec5,1.7030009443856626,0.0295453349866617,1.1550734113568553,0.5206714430473536,0.0040258489399795,-0.1299639712414018,0.6589501665080255,0.0,-0.154260067755191,0.1590371676843771,0.5158943431181675,1.1550734113568553,-0.5249603463266441,0.0,,0.36163427536297654,0.1590371676843771,0.5206714430473536,0.0
coupled,48000,3,8,61d4cf29a73d0fbebcfd1d461184e2ae14c4900d005b36c4d18f6b61215564be,1.9126230894453289,0.1018498164578211,1.1633030006621792,0.7230671721467772,0.0466007348451972,0.1670049273976324,0.1981484346740454,0.3914334791881332,0.3681665703311667,0.0388759501462248,0.3160246516693856,1.1633030006621792,-0.324206577009184,-0.3857795294054298,,0.6841912220005523,0.0388759501462248,0.7230671721467771,-1.1102230246251565e-16
coupled,48000,3,9,794bd6f53d04e380a07ad3b23a7b78a7204d02f669ee999f3c58aefed46e047b,2.1145568951584397,0.1049390182987269,1.401478980192004,0.6882418069817657,0.0946797125271241,-0.0876496478564794,0.9123051846767922,0.0,0.0,0.0419507892120636,0.6462910177697021,1.401478980192004,-0.7299758242931886,0.0,,0.6462910177697021,0.0419507892120636,0.6882418069817657,0.0
coupled,48000,4,0,2bdde52c6bb6e994a3f0d7c441ff03c743b87486b9efafb8c87e3d9aefd1bf30,1.8634806082882676,0.0423113903583857,-0.913119149360571,2.7838838596102007,0.0483645285961278,1.0124375304921251,0.740911249205209,1.0587948594022245,0.961886903229206,0.1895319275167877,1.6324650288642069,-0.913119149360571,-1.7012577250024177,-1.0625213855010132,,2.5943519320934127,0.1895319275167877,2.7838838596102002,-4.440892098500626e-16
coupled,48000,4,1,010aa30e51836eeb1d0b2f3c13fdad4d158ec9cd81af62b9fe181df4c7aef7c4,2.0438186809796397,0.1344643412320068,-0.6402714705914434,2.6516789597172963,0.1035485920299628,0.920226681628762,1.1117385050851478,0.7652347180932293,0.7301713982689728,0.1613286079396547,1.760178953508669,-0.6402714705914434,-1.9225744862778853,-0.7710768264992907,,2.490350351777642,0.1613286079396547,2.6516789597172967,4.440892098500626e-16
coupled,48000,4,2,a4040649f24d949a9daac8111c269e4d1a5257c969fae12fa7c69d0df9dbb2a3,2.108729135792724,0.1123715199224065,-1.0730274010775176,3.2217441778033926,0.149238515446765,1.2829293605864651,0.8222134738138647,1.2502334272052802,1.138717688997258,0.2430895161754511,1.839936972630684,-1.0730274010775176,-1.941884860814696,-1.2642528853441493,,2.978654661627942,0.2430895161754511,3.221744177803393,4.440892098500626e-16
coupled,48000,4,3,f554c10b3a6ea3aad3da67bdd8822e211e5b121bc19cccf58079def91c367dd6,1.939615844359144,0.0580941619515323,0.0233906265021106,1.859293796520777,0.0942165639376366,0.1109163719709309,1.3648803963937552,0.4187230515255775,0.0496367883292143,0.4441178812722852,1.3655391269192774,0.0233906265021106,-1.3808127402456996,-0.4194905157069275,,1.4151759152484917,0.4441178812722852,1.859293796520777,0.0
coupled,48000,4,4,efeb704908aab4b37f9eb437d7027df36470cc446a4008dae4aeb97dab9705a9,1.7754061295352228,0.0816449734860952,-0.2604870463110611,2.0489974494000056,0.0642573133522148,1.0490946676168869,0.3662374966708461,0.826385277083507,0.7836573768386015,0.1277956299928124,1.1375444425685917,-0.2604870463110611,-1.3224734623950676,-0.8549866656239575,,1.9212018194071931,0.1277956299928124,2.0489974494000056,0.0
coupled,48000,4,5,e026480bfdede18b0cad8aa9a8396507da1a7d4e1d8f8b035f580d6cf1dfb08c,1.7269064719651954,0.1000642952404224,-1.0441919824265398,2.781419581378321,0.0949202047902311,1.5201783881956188,0.3053739269841631,1.269055984379606,1.2516596450944235,0.1058541163262019,1.4239058199576955,-1.0441919824265398,-1.688013242869585,-1.3116748518995718,,2.6755654650521192,0.1058541163262019,2.781419581378321,0.0
coupled,48000,4,6,aa52b477675f028f7f05585d6e76d7c1e052216fc5ff0c12d5b19191dbb9f848,2.219631330531051,0.0758374285255068,-0.5879501238026847,2.867733570172432,0.0578257148462371,0.6307416213296824,0.9499644430077808,1.2140491244486706,0.6057191099525845,0.7473560811415427,1.514658379078305,-0.5879501238026847,-1.522282365670855,-1.2146471082690415,,2.1203774890308895,0.7473560811415427,2.8677335701724322,4.440892098500626e-16
coupled,48000,4,7,0193a206e04983fbfc2b0b7090a2206526ec6d42519b69d1a4291436c936eec5,2.192672753235952,0.3116230731568519,-0.7676919906902722,2.9149205546929204,0.1839436131309213,0.8748486712411787,1.1505565216260571,1.0057659540144963,0.7846374674306518,0.3819647572725388,1.7483183299897296,-0.7676919906902722,-1.8362132265462652,-1.0110143072045454,,2.5329557974203816,0.3819647572725388,2.9149205546929204,0.0
coupled,48000,4,8,61d4cf29a73d0fbebcfd1d461184e2ae14c4900d005b36c4d18f6b61215564be,3.048847386935309,0.0553966748364165,-0.4332542539423425,3.339979739695414,0.1324699188726461,1.0964861993472883,1.08641983024033,1.286500460890367,1.0230631279012283,0.279257360661306,2.0376592511328795,-0.4332542539423425,-2.0508443521687987,-1.2860922194365407,,3.060722379034108,0.279257360661306,3.339979739695414,0.0
coupled,48000,4,9,794bd6f53d04e380a07ad3b23a7b78a7204d02f669ee999f3c58aefed46e047b,2.095021744423704,0.0639041179847042,-0.9181525590656424,2.981163288566042,0.0303347253020691,0.9735436813223706,0.8285528838544682,1.227500512703191,0.937256709314944,0.3150157680734804,1.7288908111776182,-0.9181525590656424,-1.768234353008571,-1.2310279995693898,,2.6661475204925624,0.3150157680734804,2.9811632885660426,4.440892098500626e-16
coupled,48000,5,0,2bdde52c6bb6e994a3f0d7c441ff03c743b87486b9efafb8c87e3d9aefd1bf30,2.6917642485821647,0.0167836734910827,0.2944369299833687,2.23144044386794,0.1772812796867221,0.5704180038575541,0.8861024705977256,0.828928856608611,0.6963844318516985,0.2747523565513821,1.2603036554648597,0.2944369299833687,-1.279853955195357,-0.8283140961818117,,1.9566880873165582,0.2747523565513821,2.2314404438679403,4.440892098500626e-16
coupled,48000,5,1,010aa30e51836eeb1d0b2f3c13fdad4d158ec9cd81af62b9fe181df4c7aef7c4,2.0581075168023064,0.0469512876648378,0.7143553586031928,1.3909329313114476,0.0677009036960676,0.0454873996360354,1.376682450324171,0.0,-0.0547536567036468,0.1771945958039644,1.26849199221113,0.7143553586031928,-1.3544689462641388,0.0,,1.2137383355074831,0.1771945958039644,1.3909329313114476,0.0
coupled,48000,5,2,a4040649f24d949a9daac8111c269e4d1a5257c969fae12fa7c69d0df9dbb2a3,2.295688923860602,0.0406824783885562,-0.4390542577950409,2.566741319276053,0.088330461927194,1.0235220466924568,0.4891269382534196,1.4103646801244958,1.539722951997652,0.0169262301358665,1.0100921371425349,-0.4390542577950409,-1.0192069292067256,-1.8154762739364525,,2.549815089140187,0.0169262301358665,2.5667413192760535,4.440892098500626e-16
coupled,48000,5,3,f554c10b3a6ea3aad3da67bdd8822e211e5b121bc19cccf58079def91c367dd6,1.77150391428709,0.0166019429096672,0.0695025487113945,1.5867548052845724,0.0816234304141882,0.4164918474846499,1.1014193827187335,0.3021178699309743,0.2556829335467956,0.0152141377914594,1.315857733946317,0.0695025487113945,-1.4403383313409603,-0.2980673383792092,,1.5715406674931127,0.0152141377914594,1.5867548052845721,-2.220446049250313e-16
coupled,48000,5,4,efeb704908aab4b37f9eb437d7027df36470cc446a4008dae4aeb97dab9705a9,2.5436797297148237,0.4262283593954004,0.6551356184738859,1.9559848369321169,0.0527747091557808,0.0773115333379577,1.876685443117612,0.0,-2.220446049250313e-16,0.1142749559882339,1.8417098809438832,0.6551356184738859,-1.9012222672997887,0.0,,1.841709880943883,0.1142749559882339,1.9559848369321169,0.0
coupled,48000,5,5,e026480bfdede18b0cad8aa9a8396507da1a7d4e1d8f8b035f580d6cf1dfb08c,1.9754812645320536,0.0609991155337671,0.5475684320227288,1.485072020725898,0.0166758280456558,0.0014402541393965,1.560058534359802,0.0,-4.440892098500626e-16,0.0281358135042897,1.4569362072216088,0.5475684320227288,-1.5448229604535426,0.0,,1.4569362072216083,0.0281358135042897,1.485072020725898,0.0
coupled,48000,5,6,aa52b477675f028f7f05585d6e76d7c1e052216fc5ff0c12d5b19191dbb9f848,2.2532927123759614,0.0388612010022048,-0.1095860353650417,2.378781882434145,0.09725449452419,0.8273089563399556,0.8616060557348959,0.6702964290055253,1.4156506483308315,0.404835271174063,0.5582959629292503,-0.1095860353650417,-0.8273089563399555,-1.4346479902162312,,1.9739466112600819,0.404835271174063,2.378781882434145,0.0
coupled,48000,5,7,0193a206e04983fbfc2b0b7090a2206526ec6d42519b69d1a4291436c936eec5,2.317674450620736,0.0831050543619686,0.4733315966481233,1.7095872794950588,0.2333820156576783,0.2163987473213915,1.4949110083673889,0.1518687034189301,0.0,0.2540850815264521,1.4555021979686067,0.4733315966481233,-1.4871653035603474,-0.1426311398896845,,1.4555021979686067,0.2540850815264521,1.7095872794950588,0.0
coupled,48000,5,8,61d4cf29a73d0fbebcfd1d461184e2ae14c4900d005b36c4d18f6b61215564be,2.062990676009941,0.1458456456929845,-0.9680124682278805,2.899864735195753,0.0627376428242449,1.341543014409633,0.17892801080266,1.8120528702494092,1.3857992479022,0.1286380587342055,1.3854274285593475,-0.9680124682278805,-1.3969989434676875,-1.8727873091697695,,2.7712266764615476,0.1286380587342055,2.899864735195753,0.0
coupled,48000,5,9,794bd6f53d04e380a07ad3b23a7b78a7204d02f669ee999f3c58aefed46e047b,1.6406937129931962,0.032250364533033,0.2822286473529876,1.2642642889672688,0.0416132368302326,0.6719739003320231,1.2317061701722043,0.0,0.0,0.0043027390424876,1.2599615499247812,0.2822286473529876,-1.8620668336739947,0.0,,1.2599615499247812,0.0043027390424876,1.2642642889672688,0.0
coupled,48000,6,0,2bdde52c6bb6e994a3f0d7c441ff03c743b87486b9efafb8c87e3d9aefd1bf30,2.4742224239332007,0.0253571892271201,0.8195156904323495,1.6128271074700715,0.0954597501624394,0.2794765909984456,1.3926579620061523,-0.0421517844205379,1.2311646149933428,0.3816624924767287,0.0,0.8195156904323495,-0.2715314875548433,-1.2629915308667772,,1.2311646149933428,0.3816624924767287,1.6128271074700715,0.0
coupled,48000,6,1,010aa30e51836eeb1d0b2f3c13fdad4d158ec9cd81af62b9fe181df4c7aef7c4,2.3576210437657803,0.0066461292796214,-0.2224867105486803,2.528263349060293,0.0439310683380309,0.7537030513098721,0.8003286199096684,1.0013521520951976,0.7037612546381744,0.3437741128558436,1.480727981566275,-0.2224867105486803,-1.4998492992300794,-1.0116034557466278,,2.1844892362044495,0.3437741128558436,2.528263349060293,0.0
coupled,48000,6,2,a4040649f24d949a9daac8111c269e4d1a5257c969fae12fa7c69d0df9dbb2a3,1.8624971132312989,0.0185567518462824,-0.595910339872999,2.465346544423719,0.0481927026632926,0.7271695879864379,0.6818002924201823,1.03359158930101,0.7128307271418826,0.4001196217408687,1.3523961955409676,-0.595910339872999,-1.3582798681724588,-1.0360888988718786,,2.06522692268285,0.4001196217408687,2.465346544423719,0.0
coupled,48000,6,3,f554c10b3a6ea3aad3da67bdd8822e211e5b121bc19cccf58079def91c367dd6,2.066481114920212,0.1501229271357039,-1.0206405658068105,2.9985634549576847,0.0967570085283842,1.4361289515425315,0.3583771568307761,1.37128514145965,1.2946305247416567,0.0871081005438649,1.6168248296721632,-1.0206405658068105,-1.6950631910617897,-1.3739710502427835,,2.91145535441382,0.0871081005438649,2.998563454957685,4.440892098500626e-16
coupled,48000,6,4,efeb704908aab4b37f9eb437d7027df36470cc446a4008dae4aeb97dab9705a9,1.7213697765616107,0.4664975412278113,0.2998354933304612,1.3241524401101128,0.0914684554107643,-0.2689860541509488,1.721117585205429,0.0,-0.2788561553012672,0.3098486503905364,1.2931599450208435,0.2998354933304612,-1.360663075643716,0.0,,1.0143037897195764,0.3098486503905364,1.3241524401101128,0.0
coupled,48000,6,5,e026480bfdede18b0cad8aa9a8396507da1a7d4e1d8f8b035f580d6cf1dfb08c,1.9052776722726856,0.1841113650132089,-0.5541843043142998,2.292446639913181,0.2037831679653932,0.6401590847772178,1.229765585267239,0.7482867523089742,1.6565784642946495,0.0859166324787894,0.5499515431397419,-0.5541843043142998,-0.6427309491194192,-1.7716973052686185,,2.2065300074343916,0.0859166324787894,2.292446639913181,0.0
coupled,48000,6,6,aa52b477675f028f7f05585d6e76d7c1e052216fc5ff0c12d5b19191dbb9f848,2.1439921995230766,0.0635992534439148,-0.6754736659653515,2.7286125755534467,0.0896977171415485,0.7539055249814941,1.0258620202514466,1.0140455217005853,0.7069051885028751,0.4073423581080229,1.6143650289425484,-0.6754736659653515,-1.6888052103350435,-1.015310139456934,,2.3212702174454236,0.4073423581080229,2.7286125755534467,0.0
coupled,48000,6,7,0193a206e04983fbfc2b0b7090a2206526ec6d42519b69d1a4291436c936eec5,1.9046535999603984,0.0035282467165792,0.5279478224958531,1.2743638046142092,0.0895112384026011,0.0,1.863263235999444,-0.5294153088573026,1.1937913264466702,0.615449067166427,-0.534876588998888,0.5279478224958531,0.0,-1.2443366887395404,,0.6589147374477822,0.615449067166427,1.2743638046142092,0.0
coupled,48000,6,8,61d4cf29a73d0fbebcfd1d461184e2ae14c4900d005b36c4d18f6b61215564be,1.661617181589616,0.0649162757760399,-0.9434623874197284,2.6475101998158195,0.0644563102234137,1.1774870971260034,0.4762708502703381,1.1836472610453062,1.4261860985084398,0.1736505566291128,1.0476735446782666,-0.9434623874197284,-1.2155774809983455,-1.557371417219888,,2.4738596431867066,0.1736505566291128,2.6475101998158195,0.0
coupled,48000,6,9,794bd6f53d04e380a07ad3b23a7b78a7204d02f669ee999f3c58aefed46e047b,2.5235059175254406,0.0188472756461401,-1.1112774872765616,3.5339836460540086,0.1899218094923522,1.263849529233999,0.9451350875406268,1.3842490601908923,1.21431181386284,0.4186367603891963,1.9010350718019728,-1.1112774872765616,-2.011401339714927,-1.391910527758239,,3.1153468856648128,0.4186367603891963,3.533983646054009,4.440892098500626e-16
coupled,48000,7,0,2bdde52c6bb6e994a3f0d7c441ff03c743b87486b9efafb8c87e3d9aefd1bf30,2.428268932201353,0.0059601198168697,-0.4871583540410773,2.911171359970785,0.0225592391951259,0.925801024970831,0.8328847526466439,1.1811361704862469,0.8305602153039373,0.3864742888537131,1.694136855813135,-0.4871583540410773,-1.7298202548791586,-1.1874424540294377,,2.524697071117072,0.3864742888537131,2.911171359970785,0.0
coupled,48000,7,1,010aa30e51836eeb1d0b2f3c13fdad4d158ec9cd81af62b9fe181df4c7aef7c4,2.289504178654132,0.1293600390730839,-0.8212358222900189,3.111393019195296,0.0560527765371361,1.2637514789339106,0.6039677725932657,1.270273437899702,1.182676087666246,0.1700281997407398,1.75868873178831,-0.8212358222900189,-1.8116664749900404,-1.2702734378997018,,2.941364819454556,0.1700281997407398,3.1113930191952957,-4.440892098500626e-16
coupled,48000,7,2,a4040649f24d949a9daac8111c269e4d1a5257c969fae12fa7c69d0df9dbb2a3,2.225735987485761,0.4010248180761685,-0.9642916370339564,3.0675980327089265,0.067574110954705,1.671453756489664,0.3879958898178381,1.358296699024297,1.3350665024444188,0.0374506930284788,1.6950808372360289,-0.9642916370339564,-1.9854886446111035,-1.3646835897659904,,3.0301473396804477,0.0374506930284788,3.0675980327089265,0.0
coupled,48000,7,3,f554c10b3a6ea3aad3da67bdd8822e211e5b121bc19cccf58079def91c367dd6,2.101063280627594,0.0095262670048068,-0.1722491060870714,2.235670345159741,0.1686905270761409,0.687141628095375,1.797976199140342,0.2248459649361012,0.2144170833077723,0.1143887668993994,1.9068644949525697,-0.1722491060870714,-2.3168305389047656,-0.2244427261909114,,2.121281578260342,0.1143887668993994,2.2356703451597415,4.440892098500626e-16
coupled,48000,7,4,efeb704908aab4b37f9eb437d7027df36470cc446a4008dae4aeb97dab9705a9,2.4211408473976093,0.0418648249225327,-0.686314839402173,3.097038392160563,0.1153547469452316,1.332514603098737,0.3287750819593862,1.526388055606223,1.39978724507337,0.2315082326035324,1.465742914483661,-0.686314839402173,-1.507745148840606,-1.5645778448785086,,2.865530159557031,0.2315082326035324,3.097038392160563,0.0
coupled,48000,7,5,e026480bfdede18b0cad8aa9a8396507da1a7d4e1d8f8b035f580d6cf1dfb08c,2.55984445015146,0.0241323158521399,-1.4097283109552263,3.853853228389223,0.0270390542456688,2.0623676359754497,0.2591069527357166,1.7173577287244588,1.9483325521300143,0.1738925201139776,1.7316281561452302,-1.4097283109552263,-2.0627309993412437,-1.9490622638487132,,3.6799607082752446,0.1738925201139776,3.853853228389222,-8.881784197001252e-16
coupled,48000,7,6,aa52b477675f028f7f05585d6e76d7c1e052216fc5ff0c12d5b19191dbb9f848,2.214482720030771,0.0379253136609434,-0.099125120025004,2.2218187856428497,0.0616512754530754,0.9316005344335212,0.4382867124531855,0.9518563376353346,0.8826278751107308,0.0644473406968004,1.2747435698353184,-0.099125120025004,-1.3173382585798186,-0.9427540504891472,,2.1573714449460493,0.0644473406968004,2.2218187856428497,0.0
coupled,48000,7,7,0193a206e04983fbfc2b0b7090a2206526ec6d42519b69d1a4291436c936eec5,2.38220554026495,0.1565206114250646,-0.260721962926147,2.6606865549358254,0.0639993577456093,0.2833088444488567,1.517099187221599,0.8404183286373854,0.2651805187878577,0.6670954355323813,1.7284106006155866,-0.260721962926147,-1.737805344251257,-0.8390216583109745,,1.9935911194034444,0.6670954355323813,2.6606865549358254,0.0
coupled,48000,7,8,61d4cf29a73d0fbebcfd1d461184e2ae14c4900d005b36c4d18f6b61215564be,3.270815477581636,0.0069456570049665,0.0053424623117175,3.0982138045937884,0.0902689457132874,1.13120627360694,0.4859537048912989,1.62075754429285,1.2309991908421134,0.350259698857037,1.516954914894638,0.0053424623117175,-1.530502518545852,-1.6171460585319497,,2.7479541057367514,0.350259698857037,3.0982138045937884,0.0
coupled,48000,7,9,794bd6f53d04e380a07ad3b23a7b78a7204d02f669ee999f3c58aefed46e047b,2.824257445291904,0.2496055178386553,0.2955660727466211,2.4237291708481425,0.1020664536636903,1.033106882473224,0.8183855048831732,0.5841291865890641,1.3331731149398185,0.4712502507953755,0.6193058051129485,0.2955660727466211,-1.0171129498848446,-1.3164421703969262,,1.952478920052767,0.4712502507953755,2.4237291708481425,0.0
coupled,48000,8,0,2bdde52c6bb6e994a3f0d7c441ff03c743b87486b9efafb8c87e3d9aefd1bf30,1.871495718550136,0.0124329596749049,-1.3902637823488382,3.209191338483087,0.0367299020824127,2.028171277469877,0.2214558846393926,1.4062838825282675,1.5867076770558617,0.2026574788898001,1.4198261825374252,-1.3902637823488382,-2.0314457189825705,-1.5877354235725536,,3.006533859593287,0.2026574788898001,3.209191338483087,0.0
coupled,48000,8,1,010aa30e51836eeb1d0b2f3c13fdad4d158ec9cd81af62b9fe181df4c7aef7c4,1.9275291609586087,0.0846198127713004,1.0816173552066457,0.8493146828171569,0.0036390244214117,-0.1996188167107881,1.1659354355099447,0.0,-0.1373839089753203,0.1516518461986991,0.8350467455937782,1.0816173552066457,-0.9626775943777448,0.0,,0.697662836618458,0.1516518461986991,0.849314682817157,1.1102230246251565e-16
coupled,48000,8,2,a4040649f24d949a9daac8111c269e4d1a5257c969fae12fa7c69d0df9dbb2a3,1.6200853326220015,0.1235545442152045,-0.063597681552018,1.553889973364581,0.0968154983029836,1.1688537652984914,1.4050761885163026,0.0822795160306744,0.0727113408069608,0.0047609006717204,1.4764177318858998,-0.063597681552018,-2.474450181127018,-0.0849437904154668,,1.5491290726928606,0.0047609006717204,1.553889973364581,0.0
coupled,48000,8,3,f554c10b3a6ea3aad3da67bdd8822e211e5b121bc19cccf58079def91c367dd6,2.322044057731386,0.0032399808996277,0.758609412765455,1.5528880506340808,0.0307098916550405,-0.517535949252901,2.0802491355925814,0.0,-0.4722118733529059,0.5034832154572817,1.521616708529705,0.758609412765455,-1.5320032946846398,0.0,,1.049404835176799,0.5034832154572817,1.5528880506340808,0.0
coupled,48000,8,4,efeb704908aab4b37f9eb437d7027df36470cc446a4008dae4aeb97dab9705a9,2.524616092503561,0.2288035247691656,-0.3389414953718646,2.8283592676499696,0.1667831140223754,0.5322325045127032,1.754290865178716,0.5357499803401917,0.4155818217444391,0.3393830287043988,2.073394417201132,-0.3389414953718646,-2.121717812033074,-0.5337724239761619,,2.488976238945571,0.3393830287043988,2.8283592676499696,0.0
coupled,48000,8,5,e026480bfdede18b0cad8aa9a8396507da1a7d4e1d8f8b035f580d6cf1dfb08c,2.002174884828441,0.1482650530604979,0.8216385686362684,1.081307634487913,0.0718077974425348,0.2071806306208449,1.0572724611044362,2.220446049250313e-16,0.0,0.0047534962002484,1.0765541382876642,0.8216385686362684,-1.1926452942827466,0.0,,1.0765541382876642,0.0047534962002484,1.0813076344879127,-2.220446049250313e-16
coupled,48000,8,6,aa52b477675f028f7f05585d6e76d7c1e052216fc5ff0c12d5b19191dbb9f848,2.0513995678678487,0.1203004667284929,0.0033896405872111,1.9739980901395435,0.19625396774258,0.6995460143107779,1.97047781362493,4.440892098500626e-16,0.0,0.0190150352289619,1.954983054910581,0.0033896405872111,-2.473769860193128,-2.220446049250313e-16,,1.954983054910581,0.0190150352289619,1.973998090139543,-4.440892098500626e-16
coupled,48000,8,7,0193a206e04983fbfc2b0b7090a2206526ec6d42519b69d1a4291436c936eec5,2.2228934725428866,0.0060754597165606,-0.2615010845577288,2.386122383438854,0.0408018086170607,1.048833045044337,0.6148479751478098,0.8903098471687003,0.8877137723778246,0.0389704307231686,1.4594381803378609,-0.2615010845577288,-1.6228792115750854,-0.8903098471687008,,2.347151952715685,0.0389704307231686,2.386122383438854,0.0
coupled,48000,8,8,61d4cf29a73d0fbebcfd1d461184e2ae14c4900d005b36c4d18f6b61215564be,1.9644816030181167,0.0468429407178463,0.8694944245656835,1.121923027349701,0.0878013898614434,0.0284108446464639,1.064390880895807,0.0239334903449564,-0.0208700493345335,0.1389532961342308,1.0038397805500037,0.8694944245656835,-1.0165174041374354,-0.0124164218883483,,0.9829697312154702,0.1389532961342308,1.121923027349701,0.0
coupled,48000,8,9,794bd6f53d04e380a07ad3b23a7b78a7204d02f669ee999f3c58aefed46e047b,2.2949768642123294,0.0059825320302216,1.049241973704584,1.339763554967544,0.1074279460138856,-0.2921838081083021,1.6930900824237116,0.0,-0.2925398826787773,0.3649516426024823,1.2673517950438389,1.049241973704584,-1.293478328301524,0.0,,0.9748119123650616,0.3649516426024823,1.339763554967544,0.0
coupled,48000,9,0,2bdde52c6bb6e994a3f0d7c441ff03c743b87486b9efafb8c87e3d9aefd1bf30,1.8557514557739043,0.0096788204952217,-0.9432069382471724,2.7451896920461354,0.0774862978994703,1.992751494006768,0.2945506942744069,1.1243797671807476,1.2585562720436771,0.2747479157954684,1.2118855042069898,-0.9432069382471724,-2.0490055942843264,-1.285190063278126,,2.470441776250667,0.2747479157954684,2.7451896920461354,0.0
coupled,48000,9,1,010aa30e51836eeb1d0b2f3c13fdad4d158ec9cd81af62b9fe181df4c7aef7c4,2.182447506226299,0.0060974503495273,-0.4683843274037196,2.63099656007147,0.0419790681714002,1.4067453663675178,0.6030993558281248,0.7530947235746619,1.307233552106354,0.624182238063502,0.6995807699016143,-0.4683843274037196,-1.4052398310405985,-1.3157205465583055,,2.006814322007968,0.624182238063502,2.63099656007147,0.0
coupled,48000,9,2,a4040649f24d949a9daac8111c269e4d1a5257c969fae12fa7c69d0df9dbb2a3,1.4293853719821263,0.0512780351350131,-0.8729303728079802,2.22301148451698,0.0348143563607017,1.79736571409279,0.2802870653726219,0.9139000956812258,1.009802141433898,0.1268654205765975,1.086343922506484,-0.8729303728079802,-1.9258472665716315,-1.030891252214304,,2.096146063940382,0.1268654205765975,2.2230114845169795,-4.440892098500626e-16
coupled,48000,9,3,f554c10b3a6ea3aad3da67bdd8822e211e5b121bc19cccf58079def91c367dd6,1.6349390758197289,0.0906072866497009,-0.58068788193843,2.165998409718107,0.055132569766632,1.3454733368078369,0.2260205146273102,0.8883208756599945,1.0589670962752058,0.254906416917265,0.8521248965256363,-0.58068788193843,-1.348846245471806,-1.0558359118567031,,1.911091992800842,0.254906416917265,2.165998409718107,0.0
coupled,48000,9,4,efeb704908aab4b37f9eb437d7027df36470cc446a4008dae4aeb97dab9705a9,2.029819197153305,0.1049838251415535,0.7846228983018682,1.3522742875949878,-0.0263156814685934,0.0127274046641485,1.4739108141370527,0.0,-4.440892098500626e-16,0.0137738712109669,1.3385004163840213,0.7846228983018682,-1.5129539002697947,0.0,,1.3385004163840208,0.0137738712109669,1.3522742875949878,0.0
coupled,48000,9,5,e026480bfdede18b0cad8aa9a8396507da1a7d4e1d8f8b035f580d6cf1dfb08c,1.4435565027963055,0.0197749620011012,-0.8499173589876614,2.2200015152218,0.1020779464989323,1.650047328685656,0.4103922811032081,0.9137846047192816,0.9286842648990844,0.1225424803509378,1.1687747699717776,-0.8499173589876614,-1.940243322691372,-0.9319029453178416,,2.097459034870862,0.1225424803509378,2.2200015152218,0.0
coupled,48000,9,6,aa52b477675f028f7f05585d6e76d7c1e052216fc5ff0c12d5b19191dbb9f848,1.330125746121992,0.0154503917264006,-0.9568189183980244,2.2823438066289654,0.0455581091605932,2.019386653690735,0.2768829930518726,0.9718314119831676,1.0278463890330378,0.0961487112030465,1.1583487063928812,-0.9568189183980244,-2.187967238093161,-1.0345757114720209,,2.1861950954259193,0.0961487112030465,2.282343806628966,4.440892098500626e-16
coupled,48000,9,7,0193a206e04983fbfc2b0b7090a2206526ec6d42519b69d1a4291436c936eec5,2.025256026882132,0.0106477150694836,-0.7840197062115251,2.666141596363114,0.1033379261144165,1.177711998520861,0.5847478473096084,1.004480705767014,1.4432661551443968,0.3071078228684649,0.9157676183502526,-0.7840197062115251,-1.1708663153034562,-1.4927363101796105,,2.3590337734946494,0.3071078228684649,2.666141596363114,0.0
coupled,48000,9,8,61d4cf29a73d0fbebcfd1d461184e2ae14c4900d005b36c4d18f6b61215564be,2.5147053644773187,0.0078713823434937,1.511654475463092,0.9097681318216124,0.0946874360750331,0.167050938764989,0.4719563753285416,0.3358579545590281,0.2194883166870727,0.0894007947338526,0.6008790204006871,1.511654475463092,-0.5975110445436762,-0.2826667880338493,,0.8203673370877598,0.0894007947338526,0.9097681318216124,0.0
coupled,48000,9,9,794bd6f53d04e380a07ad3b23a7b78a7204d02f669ee999f3c58aefed46e047b,1.8039877201347223,0.0013020290905728,-0.9663192063845116,2.7035031625224257,0.105926084066676,1.8465457715782383,0.3564341651688634,1.047724522029618,1.2441133137411726,0.2695222255453711,1.189867623235882,-0.9663192063845116,-1.873059542615792,-1.2717188320942516,,2.4339809369770546,0.2695222255453711,2.7035031625224257,0.0
coupled,48000,10,0,2bdde52c6bb6e994a3f0d7c441ff03c743b87486b9efafb8c87e3d9aefd1bf30,2.0230979535174978,0.0030839038319986,0.8370159236503234,1.181823435791887,0.0518168129676785,-0.2641695918367919,1.4996389793989064,0.0,-0.2084619738580513,0.2288154218533074,1.161469987796631,0.8370159236503234,-1.183652574594436,0.0,,0.9530080139385797,0.2288154218533074,1.181823435791887,0.0
coupled,48000,10,1,010aa30e51836eeb1d0b2f3c13fdad4d158ec9cd81af62b9fe181df4c7aef7c4,1.885448704400629,0.2720230169714115,-0.2594371959399586,2.186721182092645,0.0489889058455974,0.4016344075251312,0.8473676948623365,0.931733427234529,0.3627218117961548,0.6482086513565766,1.1757907189399135,-0.2594371959399586,-1.1973403238633604,-0.9344062999130388,,1.5385125307360683,0.6482086513565766,2.186721182092645,0.0
coupled,48000,10,2,a4040649f24d949a9daac8111c269e4d1a5257c969fae12fa7c69d0df9dbb2a3,2.1176829161084165,0.0153163047124829,0.0172171793458884,2.053616094186776,0.1060744889909642,0.342129447866049,1.2420821697028694,0.6195844764216907,0.2527180606953503,0.3451721540937509,1.4557258793976742,0.0172171793458884,-1.4780813702945408,-0.6196402347051041,,1.7084439400930245,0.3451721540937509,2.0536160941867756,-4.440892098500626e-16
coupled,48000,10,3,f554c10b3a6ea3aad3da67bdd8822e211e5b121bc19cccf58079def91c367dd6,2.5402999985691324,0.2278445445644026,0.4959183995529459,1.8267742649387748,0.067965406165517,0.5197647854062755,0.8685292633012909,0.6389826586644174,0.4475571668906437,0.0785036116883928,1.3007134863597385,0.4959183995529459,-1.3345118198015655,-0.6247994814049012,,1.7482706532503822,0.0785036116883928,1.826774264938775,2.220446049250313e-16
coupled,48000,10,4,efeb704908aab4b37f9eb437d7027df36470cc446a4008dae4aeb97dab9705a9,1.8745243166530192,0.2985529397944727,-0.6698648416189847,2.499759662183448,0.113886235253644,0.9892701966148844,0.8195899716924955,0.8524727670154597,0.7967834786520105,0.2234412134492364,1.4795349700822014,-0.6698648416189847,-1.6881841955458676,-0.8592625045233278,,2.276318448734212,0.2234412134492364,2.499759662183448,0.0
coupled,48000,10,5,e026480bfdede18b0cad8aa9a8396507da1a7d4e1d8f8b035f580d6cf1dfb08c,2.378157485718361,0.0283722384392672,0.3195879101100494,1.9466901690202691,0.0143394372757441,0.8992053920722833,0.1272671257886481,1.132177474756033,1.0371040766630255,0.01357640232027,0.8960096900369738,0.3195879101100494,-0.9022068611827856,-1.2421036941584345,,1.9331137666999993,0.01357640232027,1.9466901690202694,2.220446049250313e-16
coupled,48000,10,6,aa52b477675f028f7f05585d6e76d7c1e052216fc5ff0c12d5b19191dbb9f848,2.3157281440452366,0.2919377228201448,-0.9143624921981948,3.0895981945185333,0.0436171733071422,1.6859355427497076,0.423524203555857,1.3599824659682265,1.32973252611484,0.0132924401215546,1.746573228282139,-0.9143624921981948,-2.064159984075743,-1.3616650548909055,,3.076305754396979,0.0132924401215546,3.089598194518534,4.440892098500626e-16
coupled,48000,10,7,0193a206e04983fbfc2b0b7090a2206526ec6d42519b69d1a4291436c936eec5,2.088435435416172,0.2821474036608933,-0.6038212452867273,2.685213306854205,0.0519336506529102,1.2918195185513857,0.4251695228390115,1.1195725375429466,1.0807763236969643,0.1661577145750477,1.438279268582193,-0.6038212452867273,-1.6533877122478482,-1.1312402160325852,,2.519055592279157,0.1661577145750477,2.685213306854205,0.0
coupled,48000,10,8,61d4cf29a73d0fbebcfd1d461184e2ae14c4900d005b36c4d18f6b61215564be,2.5225085266138416,0.3314083975373891,-0.8619812960985911,3.233625830017984,0.1505090270349343,1.1928727720634384,0.8362039351002899,1.3395285300861517,1.1564156496861702,0.2544868504184965,1.822723329913317,-0.8619812960985911,-1.872844771784378,-1.3452514384305676,,2.979138979599487,0.2544868504184965,3.2336258300179836,-4.440892098500626e-16
coupled,48000,10,9,794bd6f53d04e380a07ad3b23a7b78a7204d02f669ee999f3c58aefed46e047b,2.188746601448753,0.0087940627128927,-0.5096031630002527,2.665203218859463,0.0131303439973703,0.918014495329084,0.7748088998113383,0.9726678728283712,0.855982611847224,0.2179735779611651,1.591247029051074,-0.5096031630002527,-1.679947971613883,-0.97241295235754,,2.447229640898298,0.2179735779611651,2.665203218859463,0.0
coupled,48000,11,0,2bdde52c6bb6e994a3f0d7c441ff03c743b87486b9efafb8c87e3d9aefd1bf30,2.043088059960971,0.0579409627728835,-1.1418831180601463,3.1877858476177034,0.0862178181521482,1.2112628261948677,0.6015136651407769,1.4303218610418778,1.1688474717350992,0.3427272320742198,1.6762111438083844,-1.1418831180601463,-1.7230765930105816,-1.4338039412147927,,2.8450586155434836,0.3427272320742198,3.1877858476177034,0.0
coupled,48000,11,1,010aa30e51836eeb1d0b2f3c13fdad4d158ec9cd81af62b9fe181df4c7aef7c4,1.9621973997555529,0.0189109299382322,0.216310436814278,1.6844345817351305,0.1294934456501668,0.2169331835118773,0.946446030667248,0.561634919871197,0.1952372524183004,0.4569982388353293,1.0321990904815004,0.216310436814278,-1.0401740773494297,-0.5553466110507257,,1.2274363428998007,0.4569982388353293,1.68443458173513,-4.440892098500626e-16
coupled,48000,11,2,a4040649f24d949a9daac8111c269e4d1a5257c969fae12fa7c69d0df9dbb2a3,2.4147459864216585,0.1151820873511173,-0.8545339481226701,3.31791940522589,0.0423900827468848,0.9168237684918644,0.8264426640512452,1.6632323665625677,0.9162663870593836,0.7255802261733006,1.6760727919932057,-0.8545339481226701,-1.69109989669979,-1.6730088196590025,,2.592339179052589,0.7255802261733006,3.31791940522589,0.0
coupled,48000,11,3,f554c10b3a6ea3aad3da67bdd8822e211e5b121bc19cccf58079def91c367dd6,2.183273580752593,0.0672485158717214,0.081845613202808,2.0457881118408063,0.0231489542249967,0.8254057835286883,0.3229417622815922,0.9404637094698588,0.7889679843399267,0.1666865172848253,1.0901336102160544,0.081845613202808,-1.1297999358167763,-0.9358623652383662,,1.879101594555981,0.1666865172848253,2.0457881118408063,0.0
coupled,48000,11,4,efeb704908aab4b37f9eb437d7027df36470cc446a4008dae4aeb97dab9705a9,2.081241215830723,0.0422998529141413,-0.7830059394663147,2.842056490843116,0.0703768849119415,1.2142887772044384,0.3183812130897274,1.4238863199179983,1.1863464071947067,0.2394357454340534,1.4162743382143557,-0.7830059394663147,-1.4536543232850303,-1.4325251020151923,,2.6026207454090624,0.2394357454340534,2.842056490843116,0.0
coupled,48000,11,5,e026480bfdede18b0cad8aa9a8396507da1a7d4e1d8f8b035f580d6cf1dfb08c,1.9983608278678704,0.1575222638635357,-0.1036539402519842,2.12099746798589,0.0269574466183344,0.5171239372941756,0.8087567685389703,0.7546206215351992,0.5123171426312456,0.3322451830821762,1.2764351422724682,-0.1036539402519842,-1.2989232592148112,-0.7546206215351992,,1.7887522849037139,0.3322451830821762,2.12099746798589,0.0
coupled,48000,11,6,aa52b477675f028f7f05585d6e76d7c1e052216fc5ff0c12d5b19191dbb9f848,1.647004562724245,0.0656228005711076,-0.8180085874706586,2.4007822071209386,0.0728158422796876,0.9502447537462896,0.4873604135138882,0.9945687409535452,0.890361186936921,0.2460622525578555,1.2643587676261625,-0.8180085874706586,-1.3580917278990987,-1.0012663380349365,,2.1547199545630837,0.2460622525578555,2.400782207120939,4.440892098500626e-16
coupled,48000,11,7,0193a206e04983fbfc2b0b7090a2206526ec6d42519b69d1a4291436c936eec5,1.2925142618903895,0.097365322915766,-0.9251257454780504,2.1725676188919527,0.0648983575141883,1.0126223543060808,0.2582932938222542,1.257688556115848,1.126622830219008,0.0624516157751042,0.9834931728978408,-0.9251257454780504,-1.0464960529195064,-1.4172097938104882,,2.1101160031168487,0.0624516157751042,2.1725676188919527,0.0
coupled,48000,11,8,61d4cf29a73d0fbebcfd1d461184e2ae14c4900d005b36c4d18f6b61215564be,1.930702982622924,0.0115040045946729,-0.1122360087777902,1.944764676059144,0.11785070739984,0.4349217930994098,1.274697215226324,0.4788904498019641,0.288878920765145,0.1466509118450085,1.5092348434489906,-0.1122360087777902,-1.598881157007737,-0.4717775937201212,,1.7981137642141356,0.1466509118450085,1.9447646760591442,2.220446049250313e-16
coupled,48000,11,9,794bd6f53d04e380a07ad3b23a7b78a7204d02f669ee999f3c58aefed46e047b,1.5341107064781003,0.0568477826432081,-0.8265248068726212,2.30471366031737,0.0575192916228262,1.6503942982236723,0.2003714029336936,1.0127879757846867,1.0411437864427364,0.0520563535220608,1.2115135203525726,-0.8265248068726212,-1.7616999557288835,-1.044334429590343,,2.2526573067953093,0.0520563535220608,2.30471366031737,0.0
coupled,48000,12,0,2bdde52c6bb6e994a3f0d7c441ff03c743b87486b9efafb8c87e3d9aefd1bf30,2.2886154447397087,0.1535258434030371,0.1664345530060353,2.0477712622604063,0.0856611679466734,0.7879254814767376,0.717672995401962,0.7013310772724681,0.6114684162483284,0.1251003202921508,1.3112025257199271,0.1664345530060353,-1.419638843778813,-0.7016295424256813,,1.9226709419682555,0.1251003202921508,2.0477712622604063,0.0
coupled,48000,12,1,010aa30e51836eeb1d0b2f3c13fdad4d158ec9cd81af62b9fe181df4c7aef7c4,1.694286968556889,0.0238386768383551,-1.0176411290297978,2.686991022199317,0.0422651915601584,1.1686359504148878,0.3896257197249131,1.2244227448309637,1.068962165542092,0.2741516631058864,1.3438771935513385,-1.0176411290297978,-1.4692067006094431,-1.271212522801163,,2.4128393590934305,0.2741516631058864,2.686991022199317,0.0
coupled,48000,12,2,a4040649f24d949a9daac8111c269e4d1a5257c969fae12fa7c69d0df9dbb2a3,2.016051752523732,0.1484534766428492,-0.8426920800959019,2.7485956623379013,-0.0025747869451677,1.3294966849067815,0.2187892576811267,1.2796069220663413,1.3313270763949072,0.1795062252716643,1.2377623606713295,-0.8426920800959019,-1.4375527359978584,-1.3929149156015592,,2.5690894370662365,0.1795062252716643,2.748595662337901,-4.440892098500626e-16
coupled,48000,12,3,f554c10b3a6ea3aad3da67bdd8822e211e5b121bc19cccf58079def91c367dd6,1.8559027681488156,0.2380889959883008,-0.9601308504503736,2.697004339247158,0.0510829203997353,1.3472582087957616,0.2563543856447929,1.19522890411147,1.3250232729614018,0.2388210250891278,1.1331600411966285,-0.9601308504503736,-1.3711560613693246,-1.376602516782965,,2.4581833141580303,0.2388210250891278,2.697004339247158,0.0
coupled,48000,12,4,efeb704908aab4b37f9eb437d7027df36470cc446a4008dae4aeb97dab9705a9,1.6495835863063486,0.0610571554650433,-1.0684931731563214,2.6705032021023007,0.0248520370323079,1.282270515490475,0.2971555995328518,1.3527966158300582,1.2043798016787806,0.1723631161621526,1.2937602842613676,-1.0684931731563214,-1.442557285440853,-1.4648134083802242,,2.498140085940148,0.1723631161621526,2.6705032021023007,0.0
coupled,48000,12,5,e026480bfdede18b0cad8aa9a8396507da1a7d4e1d8f8b035f580d6cf1dfb08c,2.1224344226199032,0.072510369849226,-1.250180299750645,3.5248108381769025,0.0883266980204509,1.5800880204750607,0.4770998467363228,1.4663930762127515,1.3803049583338505,0.4271060754163787,1.7173998044266736,-1.250180299750645,-1.942363505315358,-1.4928907400883262,,3.0977047627605243,0.4271060754163787,3.524810838176903,4.440892098500626e-16
coupled,48000,12,6,aa52b477675f028f7f05585d6e76d7c1e052216fc5ff0c12d5b19191dbb9f848,1.99974273588478,0.0440321321107802,-1.0706486366968797,3.103226545681609,0.085049509315173,1.4866808697985752,0.3475920781429895,1.3186030390623256,1.5043817495055047,0.3058493664686081,1.2929954297074968,-1.0706486366968797,-1.507058414411894,-1.560768063276823,,2.7973771792130018,0.3058493664686081,3.10322654568161,8.881784197001252e-16
coupled,48000,12,7,0193a206e04983fbfc2b0b7090a2206526ec6d42519b69d1a4291436c936eec5,1.5411569425095906,0.1872684666440107,-0.488920188248569,1.9220504673880296,0.0141055250868933,1.4587017323531688,0.2701914987169616,0.8207331990735707,0.8327379212102541,0.0027806204203351,1.0865319257574404,-0.488920188248569,-1.7029876502840169,-0.832533254772791,,1.9192698469676945,0.0027806204203351,1.9220504673880296,0.0
coupled,48000,12,8,61d4cf29a73d0fbebcfd1d461184e2ae14c4900d005b36c4d18f6b61215564be,1.75224221513031,0.0444737903409704,-1.0566113763151606,2.6651798330726164,-0.0054388285320905,1.3467193004431754,0.2292793201536418,1.2467355045937352,1.232409400300693,0.1480868577601861,1.2846835750117371,-1.0566113763151606,-1.452433509058363,-1.37573944466428,,2.51709297531243,0.1480868577601861,2.665179833072616,-4.440892098500626e-16
coupled,48000,12,9,794bd6f53d04e380a07ad3b23a7b78a7204d02f669ee999f3c58aefed46e047b,1.599204051941917,0.262555795035868,-0.5985505488455036,2.1497799909995963,0.0506369612223359,0.6763871249683279,0.6037324822441028,0.9388783683400748,0.6434363278087352,0.3625324457074386,1.1438112174834223,-0.5985505488455036,-1.198748481540732,-0.9696125327894376,,1.7872475452921575,0.3625324457074386,2.149779990999596,-4.440892098500626e-16
coupled,48000,13,0,2bdde52c6bb6e994a3f0d7c441ff03c743b87486b9efafb8c87e3d9aefd1bf30,1.885297520528455,0.1663640560584994,-1.0323620251090526,2.852046885208904,0.0975502786227227,1.6690086176424863,0.7144971852690705,1.080219777772544,1.0695160635209937,0.0240470864398671,1.758483735248043,-1.0323620251090526,-2.2805068985209043,-1.085668403540474,,2.827999798769037,0.0240470864398671,2.852046885208904,0.0
coupled,48000,13,1,010aa30e51836eeb1d0b2f3c13fdad4d158ec9cd81af62b9fe181df4c7aef7c4,2.437660071993452,0.0170652022131437,-0.4975275065404991,2.7935213830682586,0.1307645165956332,0.9114497172120586,0.7746500957568139,1.297955431025819,0.8673947978025403,0.4022210806632551,1.5239055046024632,-0.4975275065404991,-1.5479746131339198,-1.3053161142651386,,2.3913003024050035,0.4022210806632551,2.7935213830682586,0.0
coupled,48000,13,2,a4040649f24d949a9daac8111c269e4d1a5257c969fae12fa7c69d0df9dbb2a3,2.071111720995303,0.1452599572257185,-0.4466371488483069,2.539657898284591,0.0382479562302666,0.9040760147479454,0.5497950988208609,1.1011948279607748,0.8986457571982174,0.2820121477198294,1.3589999933665444,-0.4466371488483069,-1.40388962966122,-1.112928355638095,,2.2576457505647616,0.2820121477198294,2.5396578982845908,-4.440892098500626e-16
coupled,48000,13,3,f554c10b3a6ea3aad3da67bdd8822e211e5b121bc19cccf58079def91c367dd6,2.1042086983817923,0.0699522458966794,-1.1460365917947382,3.3077832356377384,0.0412301973505064,1.5128748837357864,0.4394923125537149,1.4080667397366056,1.7090850949434635,0.2709529634498229,1.3277451772444515,-1.1460365917947382,-1.5421014113145843,-1.777102327361016,,3.036830272187915,0.2709529634498229,3.307783235637738,-4.440892098500626e-16
coupled,48000,13,4,efeb704908aab4b37f9eb437d7027df36470cc446a4008dae4aeb97dab9705a9,2.264128781379698,0.0139975919517159,-0.1934402300244766,2.319491979578969,0.1327180569694761,0.4848011950409545,1.2158532447236752,0.7322794336073055,0.4456642119184919,0.3299836830368066,1.543844084623671,-0.1934402300244766,-1.5660948614623091,-0.7341209549401497,,1.9895082965421629,0.3299836830368066,2.3194919795789692,4.440892098500626e-16
coupled,48000,13,5,e026480bfdede18b0cad8aa9a8396507da1a7d4e1d8f8b035f580d6cf1dfb08c,2.3539466001610974,0.0352187199824471,-1.3223853692105072,3.603039507426246,0.1157540173060773,1.528196842787227,0.5103821076006669,1.7460504827669576,1.4792035825911731,0.2701762311148279,1.853659693720245,-1.3223853692105072,-1.9152301929783924,-1.7536452228703816,,3.332863276311418,0.2701762311148279,3.603039507426246,0.0
coupled,48000,13,6,aa52b477675f028f7f05585d6e76d7c1e052216fc5ff0c12d5b19191dbb9f848,1.769543492170614,0.0807266391067651,-0.3133253211306916,2.010245144235279,0.0887707155471162,0.9746399786176752,1.0948275730550925,0.4673079833109148,0.4219161677473129,0.0102930702426413,1.578035906245325,-0.3133253211306916,-1.974983680596163,-0.4730211388404031,,1.999952073992638,0.0102930702426413,2.010245144235279,0.0
coupled,48000,13,7,0193a206e04983fbfc2b0b7090a2206526ec6d42519b69d1a4291436c936eec5,1.93249687252597,0.0352022577556636,-1.0753141051037494,2.9883509689692787,0.1115976935885683,1.567502000594199,0.7353583272355242,1.106837062592511,1.087707123553346,0.1963048906384779,1.7043389547774548,-1.0753141051037494,-2.1594308743900807,-1.1386688224435857,,2.7920460783308005,0.1963048906384779,2.9883509689692787,0.0
coupled,48000,13,8,61d4cf29a73d0fbebcfd1d461184e2ae14c4900d005b36c4d18f6b61215564be,1.695906073456386,0.0062950779291828,-0.6772975847291285,2.2597987432698616,0.1318301816229499,1.0811530875978217,0.927898348704428,0.7050170529074533,0.6806856449699723,0.0420374877850306,1.5370756105148589,-0.6772975847291285,-1.8710957041332603,-0.7111426034534929,,2.217761255484831,0.0420374877850306,2.2597987432698616,0.0
coupled,48000,13,9,794bd6f53d04e380a07ad3b23a7b78a7204d02f669ee999f3c58aefed46e047b,1.983288065021402,0.0027628101938025,-1.0098633029656208,2.976959491838436,0.1422996717637392,1.551493777535666,0.4655361380053069,1.2335390392344057,1.2287522182737731,0.144920606865019,1.6032866666996433,-1.0098633029656208,-1.849490998119932,-1.2587782848917068,,2.832038884973416,0.144920606865019,2.9769594918384352,-8.881784197001252e-16
coupled,48000,14,0,2bdde52c6bb6e994a3f0d7c441ff03c743b87486b9efafb8c87e3d9aefd1bf30,2.316338986903216,0.1468803641053767,0.0515136529577597,2.0763037277342944,0.1474211476383391,0.3440558802302822,0.7962115655735911,1.254321161335318,0.416593934758275,0.6638779332838483,0.9958318596921713,0.0515136529577597,-0.9942264909733868,-1.252940968527465,,1.4124257944504461,0.6638779332838483,2.0763037277342944,0.0
coupled,48000,14,1,010aa30e51836eeb1d0b2f3c13fdad4d158ec9cd81af62b9fe181df4c7aef7c4,3.106700611709329,0.1464289818850319,1.1606147241656837,1.8206894198611392,0.0891378651471304,-0.7507221114322102,2.6408874763808594,0.0,-0.6715167596625284,0.694840947622313,1.7973652319013549,1.1606147241656837,-1.8010274998015188,0.0,,1.1258484722388264,0.694840947622313,1.8206894198611394,2.220446049250313e-16
coupled,48000,14,2,a4040649f24d949a9daac8111c269e4d1a5257c969fae12fa7c69d0df9dbb2a3,2.469893508048808,0.1568523084618597,-0.9139110766435632,3.214197816831345,0.1091306137709855,1.1149809475621049,0.8309419133448155,1.3812542177798912,1.0998113998249923,0.3129493898771329,1.80143702712922,-0.9139110766435632,-1.837202442995573,-1.3808440219202531,,2.9012484269542123,0.3129493898771329,3.214197816831345,0.0
coupled,48000,14,3,f554c10b3a6ea3aad3da67bdd8822e211e5b121bc19cccf58079def91c367dd6,1.735659121923346,0.0088188556570786,0.1231768462947147,1.5435348239856208,0.0608570066226379,0.5450042863469955,0.6412405809104373,0.5489041540238884,0.449880821994286,0.0529040669988725,1.0407499349924625,0.1231768462947147,-1.1150633333883055,-0.5592286812703777,,1.4906307569867485,0.0529040669988725,1.543534823985621,2.220446049250313e-16
coupled,48000,14,4,efeb704908aab4b37f9eb437d7027df36470cc446a4008dae4aeb97dab9705a9,2.5647856292418494,0.0114615098181311,0.1810609451453722,2.1952814071035043,0.1398817540835879,0.0575531127372048,1.580562056954728,0.7293475943475283,0.1151839410201416,0.5921790473901123,1.4879184186932506,0.1810609451453722,-1.4982205228481835,-0.7293604871076895,,1.6031023597133922,0.5921790473901123,2.1952814071035043,0.0
coupled,48000,14,5,e026480bfdede18b0cad8aa9a8396507da1a7d4e1d8f8b035f580d6cf1dfb08c,2.398361572216234,0.0347386711919309,1.2395067377677549,1.1600329426410856,0.0312369409603416,-0.0940642925739259,1.2420598588762797,0.0,-0.10713793636888,0.1739401178451147,1.0932307611648509,1.2395067377677549,-1.116758625342012,0.0,,0.9860928247959708,0.1739401178451147,1.1600329426410856,0.0
coupled,48000,14,6,aa52b477675f028f7f05585d6e76d7c1e052216fc5ff0c12d5b19191dbb9f848,1.9221990361388,0.0621708852791418,0.0691088138440321,1.7350717276076213,0.055051060702449,0.7463605733872936,0.9897484038737948,0.3801955189687787,0.3736405407822118,0.0064829344745733,1.354948252350836,0.0691088138440321,-1.6794784345158822,-0.3817750010115357,,1.728588793133048,0.0064829344745733,1.7350717276076213,0.0
coupled,48000,14,7,0193a206e04983fbfc2b0b7090a2206526ec6d42519b69d1a4291436c936eec5,3.2291983887156985,0.2546555987623596,0.2903757563951625,2.655387909592459,0.0621299435450375,0.5577703785232933,1.2334070115795344,1.0216313210709127,0.6158831347969946,0.3345072760301355,1.7049974987653287,0.2903757563951625,-1.7354733550791268,-1.015205412549576,,2.3208806335623233,0.3345072760301355,2.655387909592459,0.0
coupled,48000,14,8,61d4cf29a73d0fbebcfd1d461184e2ae14c4900d005b36c4d18f6b61215564be,2.4675053805722955,0.0245014886300201,-0.1624574187581879,2.44359752677043,0.027824529097487,0.7635839621543361,0.7968240043275192,1.0361727734039143,0.7959012615683818,0.1531074475799174,1.4945888176221307,-0.1624574187581879,-1.5295350765787117,-1.0392211342095712,,2.2904900791905125,0.1531074475799174,2.44359752677043,0.0
coupled,48000,14,9,794bd6f53d04e380a07ad3b23a7b78a7204d02f669ee999f3c58aefed46e047b,1.8602349970710863,0.0008988533012237,-0.5348470855703189,2.3089528734039466,0.0511541825553361,1.0342829481168976,0.48245678200204,0.9523611299866156,0.9195458747339308,0.0249911203491906,1.3644158783208251,-0.5348470855703189,-1.465333738620838,-0.9526129389293788,,2.283961753054756,0.0249911203491906,2.3089528734039466,0.0
coupled,48000,15,0,2bdde52c6bb6e994a3f0d7c441ff03c743b87486b9efafb8c87e3d9aefd1bf30,1.943352554749893,0.0925133121906077,-0.8919020402627371,2.8256158977674906,0.2148857595815896,1.231420323088204,1.0080226603709024,0.933709669088418,0.9071307787292192,0.1757602972438776,1.7427248217943938,-0.8919020402627371,-2.0141647915311243,-0.9441021014348104,,2.649855600523613,0.1757602972438776,2.8256158977674906,0.0
coupled,48000,15,1,010aa30e51836eeb1d0b2f3c13fdad4d158ec9cd81af62b9fe181df4c7aef7c4,2.071082301121565,0.1768984363123023,0.5593017307532051,1.4384354445975114,0.0985471236181723,-0.357815354595185,1.9457235942823936,0.0,-0.35856626789514,0.3593195898192682,1.4376821226733831,0.5593017307532051,-1.4893611160690363,0.0,,1.0791158547782431,0.3593195898192682,1.4384354445975114,0.0
coupled,48000,15,2,a4040649f24d949a9daac8111c269e4d1a5257c969fae12fa7c69d0df9dbb2a3,1.9141580612534452,0.0579092437235455,-1.1645174451537477,3.000909882442851,0.0975232286021414,1.920795407249452,0.3376530377567688,1.3338169708824403,1.3444940776668592,0.0878567947108828,1.5685590100651088,-1.1645174451537477,-2.1492833695793894,-1.3454588177071305,,2.913053087731968,0.0878567947108828,3.000909882442851,0.0
coupled,48000,15,3,f554c10b3a6ea3aad3da67bdd8822e211e5b121bc19cccf58079def91c367dd6,1.954879716715818,0.0712839885912427,-0.4831744743408968,2.3388940631640844,0.1040676668750695,1.0114929119287883,0.3255363198950916,1.1272898968445615,1.2362756929163656,0.1047707617152908,0.9978476085324276,-0.4831744743408968,-1.0085155480091623,-1.3517359137842098,,2.2341233014487933,0.1047707617152908,2.338894063164084,-4.440892098500626e-16
coupled,48000,15,4,efeb704908aab4b37f9eb437d7027df36470cc446a4008dae4aeb97dab9705a9,2.364689227992755,0.303850518830035,-0.128421992325368,2.260457382553614,0.0914504997316898,1.3152971773952746,0.6919881471871325,0.7825535501125058,0.7875531128961448,0.0444542131202858,1.4284500565371832,-0.128421992325368,-1.921966717836174,-0.776421657127049,,2.216003169433328,0.0444542131202858,2.260457382553614,0.0
coupled,48000,15,5,e026480bfdede18b0cad8aa9a8396507da1a7d4e1d8f8b035f580d6cf1dfb08c,2.1139841052691986,0.1567241519224678,0.6460196310672259,1.5158125869985022,0.0307077689919499,-0.2979064217474143,1.8589221528644575,0.0,-0.2989379090809212,0.3232371629705608,1.4915133331088626,0.6460196310672259,-1.5303079621250937,0.0,,1.1925754240279414,0.3232371629705608,1.5158125869985022,0.0
coupled,48000,15,6,aa52b477675f028f7f05585d6e76d7c1e052216fc5ff0c12d5b19191dbb9f848,2.281249529587445,0.0412741897964119,-0.6895741757001348,2.8610738487341365,0.0732449957794638,1.237297922968439,0.629351583282278,1.1755650185123483,1.6665820121641353,0.1197083338125577,1.0747835027574435,-0.6895741757001348,-1.2385239539980482,-1.7304455749855538,,2.7413655149215788,0.1197083338125577,2.8610738487341365,0.0
coupled,48000,15,7,0193a206e04983fbfc2b0b7090a2206526ec6d42519b69d1a4291436c936eec5,2.5229010816237785,0.0747461302549303,1.6055122211674275,0.644175569748,0.095610417627131,-0.1044057429631251,0.6664391111449568,0.1376536489755047,0.0112142050370578,0.1504782671077988,0.4824830976031433,1.6055122211674275,-0.4800181252260662,-0.124058474304139,,0.49369730264020106,0.1504782671077988,0.6441755697479998,-2.220446049250313e-16
coupled,48000,15,8,61d4cf29a73d0fbebcfd1d461184e2ae14c4900d005b36c4d18f6b61215564be,1.9926051393477269,0.215749038618245,-0.5540489944110085,2.470134634767814,0.1388432510439552,0.955458820904505,0.9102892679153878,0.7159354999952194,1.4543158298907353,0.3360741996256633,0.6797446052514156,-0.5540489944110085,-0.960433490716315,-1.482406847054842,,2.1340604351421506,0.3360741996256633,2.470134634767814,0.0
coupled,48000,15,9,794bd6f53d04e380a07ad3b23a7b78a7204d02f669ee999f3c58aefed46e047b,2.378764281016116,0.1363790589474498,-0.6027797610631707,2.9313273121779764,0.02710136433046,0.979796595953306,0.7502722064100933,1.2684953974962183,0.9446685091586262,0.3332044431029159,1.6534543599164342,-0.6027797610631707,-1.703868154713756,-1.2675946808154015,,2.5981228690750604,0.3332044431029159,2.9313273121779764,0.0
coupled,48000,16,0,2bdde52c6bb6e994a3f0d7c441ff03c743b87486b9efafb8c87e3d9aefd1bf30,1.9871525039304323,0.1045533891718007,-1.20675424670641,3.218580652067152,0.1210200316454961,1.255335534893046,0.7460033702404221,1.7006765682660523,1.8948926411244544,0.1003421716428976,1.2233458392998,-1.20675424670641,-1.274033680838182,-2.3069617609158426,,3.1182384804242544,0.1003421716428976,3.218580652067152,0.0
coupled,48000,16,1,010aa30e51836eeb1d0b2f3c13fdad4d158ec9cd81af62b9fe181df4c7aef7c4,2.505637651065043,0.0268935969060837,-1.1281042932178362,3.5450107520012493,0.1101404708333557,1.3668002883364792,0.4962795308022256,1.981381615413871,1.3346558655129686,0.4727061004568722,1.7376487860314085,-1.1281042932178362,-1.7492093461299163,-1.985111617589304,,3.072304651544377,0.4727061004568722,3.5450107520012493,0.0
coupled,48000,16,2,a4040649f24d949a9daac8111c269e4d1a5257c969fae12fa7c69d0df9dbb2a3,1.9405238200470416,0.0403848191258339,-1.0849706598824351,3.0687680621309825,0.0873183059251372,1.1615983088096689,0.7743448493827043,1.2411000370181788,1.821431832246449,0.159142785036259,1.0881934448482746,-1.0849706598824351,-1.1628310856364457,-1.926893803648969,,2.9096252770947233,0.159142785036259,3.0687680621309825,0.0
coupled,48000,16,3,f554c10b3a6ea3aad3da67bdd8822e211e5b121bc19cccf58079def91c367dd6,2.030379917587463,0.0160958927959498,0.2467677703277813,1.6517899303466923,0.0407687011132889,0.6406398456506833,0.3944584832960167,1.0011375765402335,1.0181588263768548,0.0016122636124897,0.6320188403573477,0.2467677703277813,-0.6171352858216907,-1.3783319185519542,,1.6501776667342025,0.0016122636124897,1.6517899303466923,0.0
coupled,48000,16,4,efeb704908aab4b37f9eb437d7027df36470cc446a4008dae4aeb97dab9705a9,1.7551577553005555,0.0037440071282463,-0.2190862703786575,1.9568860955599712,0.0892539950903448,0.2904379737701326,1.382417566468081,0.3677468857723662,0.2227855625771619,0.1962532238397141,1.537847309143095,-0.2190862703786575,-1.5825116389000955,-0.3688367920201389,,1.760632871720257,0.1962532238397141,1.9568860955599712,0.0
coupled,48000,16,5,e026480bfdede18b0cad8aa9a8396507da1a7d4e1d8f8b035f580d6cf1dfb08c,2.1512751873143188,0.0129918578238291,-1.4739887006874015,3.6480738452893258,0.0943580496039704,1.5536343479436532,0.5000951082287046,1.6234805038312778,1.9349168132444965,0.2005648016600498,1.5125922303847794,-1.4739887006874015,-1.5629360127490446,-2.0199158976506206,,3.447509043629276,0.2005648016600498,3.6480738452893258,0.0
coupled,48000,16,6,aa52b477675f028f7f05585d6e76d7c1e052216fc5ff0c12d5b19191dbb9f848,1.979161938620612,0.1476728124504286,-1.0617546305014969,3.083213251789777,0.242681517503462,1.1143492301407465,0.8818972326803781,1.7169391907580778,1.818638193549116,0.1691242935000816,1.0954507647405798,-1.0617546305014969,-1.125194463580233,-2.345309672495507,,2.914088958289696,0.1691242935000816,3.0832132517897777,8.881784197001252e-16
coupled,48000,16,7,0193a206e04983fbfc2b0b7090a2206526ec6d42519b69d1a4291436c936eec5,1.8151488630129449,0.0487700323686248,-0.5993581887919941,2.466458757056037,0.033665768928474,0.6374571445603006,0.7336750428738115,1.068106487294162,0.633129503313693,0.5234035566231716,1.309925697119172,-0.5993581887919941,-1.3263640641203096,-1.07920884167949,,1.943055200432865,0.5234035566231716,2.466458757056037,0.0
coupled,48000,16,8,61d4cf29a73d0fbebcfd1d461184e2ae14c4900d005b36c4d18f6b61215564be,1.8908672461640277,0.0139883553587131,0.161130591743039,1.6413186191078624,0.0989613669783451,0.0,1.859002017619084,-0.0850755368534259,1.5306525398451312,0.2032343324934284,-0.0925682532306972,0.161130591743039,0.0,-1.6749651137873127,,1.4380842866144339,0.2032343324934284,1.6413186191078624,0.0
coupled,48000,16,9,794bd6f53d04e380a07ad3b23a7b78a7204d02f669ee999f3c58aefed46e047b,1.777102451026257,0.1850813000971253,-0.4168204987147543,2.0745854166292768,0.0491920961702363,1.2015535125703785,0.584874721010389,0.7572673229988612,0.7449304607244556,0.0366856103207005,1.292969345584121,-0.4168204987147543,-1.739155023491512,-0.7553484369178805,,2.0378998063085767,0.0366856103207005,2.074585416629277,4.440892098500626e-16
coupled,48000,17,0,2bdde52c6bb6e994a3f0d7c441ff03c743b87486b9efafb8c87e3d9aefd1bf30,1.8540043646596425,0.1147448857001198,-0.114349957260305,1.839072332506914,0.1612142829820825,0.1709030045163695,1.3551472325644798,0.5011633280305692,0.1036182043157261,0.4133414949291858,1.322112633262002,-0.114349957260305,-1.366033265046772,-0.4999660170825643,,1.425730837577728,0.4133414949291858,1.8390723325069138,-2.220446049250313e-16
coupled,48000,17,1,010aa30e51836eeb1d0b2f3c13fdad4d158ec9cd81af62b9fe181df4c7aef7c4,1.6284174887977756,0.163369191767626,0.9398954089805128,0.7317994421916587,0.0056009079215433,0.0447973005900828,0.7500285834194829,0.0,0.0,0.0057610098924862,0.7260384322991724,0.9398954089805128,-0.7892249760880223,0.0,,0.7260384322991724,0.0057610098924862,0.7317994421916586,-1.1102230246251565e-16
coupled,48000,17,2,a4040649f24d949a9daac8111c269e4d1a5257c969fae12fa7c69d0df9dbb2a3,1.9257247995501765,0.0861452844742303,0.4820748918614939,1.31076086197658,0.0407010664824326,0.5449178645650314,0.7199465803443194,0.283304201717284,0.2596153115108146,0.0097394229856546,1.0414061274801107,0.4820748918614939,-1.2336463158083226,-0.2738212643358796,,1.3010214389909254,0.0097394229856546,1.31076086197658,0.0
coupled,48000,17,3,f554c10b3a6ea3aad3da67bdd8822e211e5b121bc19cccf58079def91c367dd6,1.9324509099714708,0.0796636612572996,-1.0919416830497362,2.9697619607948456,0.1521103984314953,1.181176572946645,0.568417926397204,1.271897717331453,1.130682223425328,0.2936332111346253,1.5454465262348924,-1.0919416830497362,-1.5896136089046835,-1.2797682093391232,,2.6761287496602204,0.2936332111346253,2.9697619607948456,0.0
coupled,48000,17,4,efeb704908aab4b37f9eb437d7027df36470cc446a4008dae4aeb97dab9705a9,1.6478091388471707,0.187777549585822,0.4553856536440248,1.105349887999245,0.0551559048447788,0.5583244654069562,0.0759394151088312,0.7265757558023622,0.5325716654480579,0.0228906663224157,0.5498875562287713,0.4553856536440248,-0.5462811717208166,-0.7594025597525542,,1.0824592216768292,0.0228906663224157,1.105349887999245,0.0
coupled,48000,17,5,e026480bfdede18b0cad8aa9a8396507da1a7d4e1d8f8b035f580d6cf1dfb08c,1.5989074722024732,0.1750391196327883,-0.1659953033553591,1.6799124256559086,0.0665941624729554,0.4225484093530811,0.9919429216059532,0.399293596069975,0.3693699766644993,0.0422561836634427,1.2682862653279663,-0.1659953033553591,-1.3605899404818786,-0.3866008240741753,,1.6376562419924656,0.0422561836634427,1.6799124256559084,-2.220446049250313e-16
coupled,48000,17,6,aa52b477675f028f7f05585d6e76d7c1e052216fc5ff0c12d5b19191dbb9f848,1.9257805831897952,0.0152208290667426,-0.4000625638550628,2.1060713044977097,0.0997224521082424,0.8476856560206625,0.2726146287842039,1.2415509544992611,0.8914551841265126,0.2333166284338523,0.9812994919373446,-0.4000625638550628,-1.0064149848600907,-1.255713802335794,,1.8727546760638571,0.2333166284338523,2.1060713044977093,-4.440892098500626e-16
coupled,48000,17,7,0193a206e04983fbfc2b0b7090a2206526ec6d42519b69d1a4291436c936eec5,1.7306166183859435,0.0294428045961668,1.1665321774998292,0.5106217041915222,0.0533071483640744,0.0,0.9146576120115844,-0.359447877110878,0.4965128744659846,0.3453840573022779,-0.3312752275767403,1.1665321774998292,0.0,-0.5019025865366319,,0.16523764688924425,0.3453840573022779,0.5106217041915222,0.0
coupled,48000,17,8,61d4cf29a73d0fbebcfd1d461184e2ae14c4900d005b36c4d18f6b61215564be,1.943549325404541,0.1147565734234914,-1.0777874499235374,2.780122601857406,0.0274200597242075,1.5441580232905596,0.166241846929652,1.3393517342020316,1.4117827646662071,0.0547686553553758,1.3135711818358229,-1.0777874499235374,-1.5814740098714255,-1.4408575348266102,,2.72535394650203,0.0547686553553758,2.7801226018574057,-4.440892098500626e-16
coupled,48000,17,9,794bd6f53d04e380a07ad3b23a7b78a7204d02f669ee999f3c58aefed46e047b,1.6425973810772312,0.0079920814598875,0.3541156176465492,1.2063098622762023,0.0812386863971164,0.604341633819979,0.5216442131001413,0.3034495612281234,0.303449561228124,0.0103857945595819,0.8924745064884965,0.3541156176465492,-1.0491540151245546,-0.2990427066265726,,1.1959240677166205,0.0103857945595819,1.2063098622762025,2.220446049250313e-16
coupled,48000,18,0,2bdde52c6bb6e994a3f0d7c441ff03c743b87486b9efafb8c87e3d9aefd1bf30,1.4843382193798007,0.012302665881977,-0.6940025377368131,2.0983429472296766,0.1958412246632634,0.7388772704494593,0.6865454142262295,1.205698781175319,1.3852782971362294,0.0113713819710197,0.7016932681224275,-0.6940025377368131,-0.7466056830363941,-1.6886745581513505,,2.086971565258657,0.0113713819710197,2.0983429472296766,0.0
coupled,48000,18,1,010aa30e51836eeb1d0b2f3c13fdad4d158ec9cd81af62b9fe181df4c7aef7c4,2.267150814200759,0.0142649129757366,0.344891894851363,1.7529687123550537,0.143156731295029,0.3010785681665908,1.4733427168061135,0.2894343688532024,0.1463148399287805,0.0361341019207592,1.5705197705055138,0.344891894851363,-1.637141329143355,-0.2835575933875229,,1.7168346104342944,0.0361341019207592,1.7529687123550537,0.0
coupled,48000,18,2,a4040649f24d949a9daac8111c269e4d1a5257c969fae12fa7c69d0df9dbb2a3,2.2080622707976607,0.006640429598696,-1.2909177195320094,3.390345413509877,0.0311733184212283,1.8237638301339436,0.23696343767,1.5410635679525453,1.5601477626080509,0.1357879037149296,1.6944097471868966,-1.2909177195320094,-1.9666607594983407,-1.6039567578369192,,3.2545575097949477,0.1357879037149296,3.3903454135098774,4.440892098500626e-16
coupled,48000,18,3,f554c10b3a6ea3aad3da67bdd8822e211e5b121bc19cccf58079def91c367dd6,1.913469388024425,0.036008627929911,0.8153514918545866,0.9998299553007954,0.0654191610953378,0.2984650821144395,0.6202392031319873,0.212433765066035,0.2031381512177739,0.0164561183169269,0.7802356857660946,0.8153514918545866,-0.86299856956224,-0.2027203196548841,,0.9833738369838685,0.0164561183169269,0.9998299553007954,0.0
coupled,48000,18,4,efeb704908aab4b37f9eb437d7027df36470cc446a4008dae4aeb97dab9705a9,1.7268049382009707,0.0289107438873492,-1.3029842377359149,2.9499606399183755,0.1078775868544545,1.7951336408726477,0.2531110682366424,1.3478324014457728,1.367676662625971,0.1265447956068417,1.4557391816855625,-1.3029842377359149,-1.882215563313068,-1.4059839603875406,,2.8234158443115334,0.1265447956068417,2.949960639918375,-4.440892098500626e-16
coupled,48000,18,5,e026480bfdede18b0cad8aa9a8396507da1a7d4e1d8f8b035f580d6cf1dfb08c,2.3062056800569843,0.100334730502641,-0.8343656379332929,2.96494061756208,0.2115878455673312,1.4008886640990414,1.1802198544819698,0.996107281242697,0.917492465247932,0.0654562972624104,1.9819918550517373,-0.8343656379332929,-2.358894880009263,-1.006733074247114,,2.899484320299669,0.0654562972624104,2.9649406175620796,-4.440892098500626e-16
coupled,48000,18,6,aa52b477675f028f7f05585d6e76d7c1e052216fc5ff0c12d5b19191dbb9f848,1.888738993207248,0.0289551081641381,-1.0532382988502738,2.848791192180636,0.0679127756847561,1.4504214033158125,0.6467838521244365,1.1312409819401887,1.112579016639686,0.0250584773879882,1.711153698152962,-1.0532382988502738,-2.0122453486746683,-1.148288113021013,,2.823732714792648,0.0250584773879882,2.848791192180636,0.0
coupled,48000,18,7,0193a206e04983fbfc2b0b7090a2206526ec6d42519b69d1a4291436c936eec5,2.190484144232241,0.202368619665951,-1.1923539421027645,3.33318127641407,0.0595755896306839,1.4821138387548831,0.3981023806873622,1.602330030493457,1.44066458079992,0.1952912417712069,1.6972254538429428,-1.1923539421027645,-1.801352969356694,-1.6216176909483244,,3.137890034642863,0.1952912417712069,3.3331812764140696,-4.440892098500626e-16
coupled,48000,18,8,61d4cf29a73d0fbebcfd1d461184e2ae14c4900d005b36c4d18f6b61215564be,2.0470260143868595,0.0211858078337897,0.2833959998096533,1.7656351699295718,0.1508029447684347,0.0769997201807806,1.824613991903388,0.0,-4.440892098500626e-16,0.1349512660444394,1.6306839038851328,0.2833959998096533,-1.750810767315734,0.0,,1.6306839038851324,0.1349512660444394,1.7656351699295718,0.0
coupled,48000,18,9,794bd6f53d04e380a07ad3b23a7b78a7204d02f669ee999f3c58aefed46e047b,1.5297740900009364,0.0116523719985361,-0.3348461199211101,1.8063521255410555,0.1357954893779396,0.8423555271690273,0.9519995364922208,0.4324999910746752,0.4076280915935069,0.0250121673194492,1.3737118666280992,-0.3348461199211101,-1.6582805667272478,-0.4327789986307355,,1.781339958221606,0.0250121673194492,1.8063521255410553,-2.220446049250313e-16
coupled,48000,19,0,2bdde52c6bb6e994a3f0d7c441ff03c743b87486b9efafb8c87e3d9aefd1bf30,2.202858290482211,0.0168576969831118,-0.5452956205666721,2.652040605380434,0.0715364322489124,1.171496016016269,0.1812275402654561,1.4880770256090834,1.237839868377202,0.1352425992536741,1.2789581377495582,-0.5452956205666721,-1.2793780547097946,-1.4898860949321016,,2.51679800612676,0.1352425992536741,2.652040605380434,0.0
coupled,48000,19,1,010aa30e51836eeb1d0b2f3c13fdad4d158ec9cd81af62b9fe181df4c7aef7c4,3.242969974876305,0.0118650465265019,0.645184900334737,2.376540535381727,0.1601626608846382,0.5588729900204852,0.8691844483322109,1.0405287493763078,0.7850503533415492,0.3213876504495747,1.2701025315906027,0.645184900334737,-1.270275059553052,-1.0381484672913135,,2.055152884932152,0.3213876504495747,2.376540535381727,0.0
coupled,48000,19,2,a4040649f24d949a9daac8111c269e4d1a5257c969fae12fa7c69d0df9dbb2a3,2.651328551179841,0.0446978532898139,0.7396824078543425,1.8307972959035173,0.0274709964335855,0.8232847973298723,0.1205122279921599,0.9872352925113024,0.8454089440068759,0.0757106886522542,0.9096776632443871,0.7396824078543425,-0.9248339119325266,-0.9787274094672224,,1.755086607251263,0.0757106886522542,1.8307972959035173,0.0
coupled,48000,19,3,f554c10b3a6ea3aad3da67bdd8822e211e5b121bc19cccf58079def91c367dd6,2.260320569157697,0.0193277702247801,0.0478590240803997,2.105044008216701,0.1011399537777515,0.6232314108832053,0.5788037018285117,0.9589072603215568,0.6416898559586709,0.3727051273737123,1.0906490248843184,0.0478590240803997,-1.104189259966872,-0.9556131592886504,,1.7323388808429891,0.3727051273737123,2.1050440082167015,4.440892098500626e-16
coupled,48000,19,4,efeb704908aab4b37f9eb437d7027df36470cc446a4008dae4aeb97dab9705a9,1.949505267491915,0.2989253147729411,-0.3323340214058738,2.215783999910822,0.0283514288963209,1.0981501944134977,0.154377671719569,0.9760999590047008,1.078545079515011,0.0945783755205762,1.0426605448752349,-0.3323340214058738,-1.0972567127735835,-1.103019683467863,,2.121205624390246,0.0945783755205762,2.215783999910822,0.0
coupled,48000,19,5,e026480bfdede18b0cad8aa9a8396507da1a7d4e1d8f8b035f580d6cf1dfb08c,2.1146610988152994,0.0076569190771872,0.0590482233200146,1.8622759771339363,0.0667936540490229,0.8689065306858608,0.1817400472142958,0.9379454914131498,0.8033733598977055,0.0638269599843237,0.995075657251907,0.0590482233200146,-0.9938414197583164,-0.9279569955059672,,1.7984490171496126,0.0638269599843237,1.8622759771339363,0.0
coupled,48000,19,6,aa52b477675f028f7f05585d6e76d7c1e052216fc5ff0c12d5b19191dbb9f848,2.592758380816279,0.0612268070264999,0.8980757039216916,1.5918497166034802,0.0821960962444108,-0.0227750628749929,1.0220509203842645,0.6557346621135287,0.07513338040503,0.5681623015469355,0.9485540346515148,0.8980757039216916,-0.9271072397960172,-0.6457071835823722,,1.0236874150565447,0.5681623015469355,1.5918497166034802,0.0
coupled,48000,19,7,0193a206e04983fbfc2b0b7090a2206526ec6d42519b69d1a4291436c936eec5,2.377228578114484,0.1049470550056327,-0.6982784333461431,3.0171135013232075,0.1332968359165338,1.357164263320456,0.4475424856014576,1.34964973545307,1.327043262696869,0.0630980268281331,1.6269722117982055,-0.6982784333461431,-1.6735919690821062,-1.3474676793763436,,2.9540154744950744,0.0630980268281331,3.0171135013232075,0.0
coupled,48000,19,8,61d4cf29a73d0fbebcfd1d461184e2ae14c4900d005b36c4d18f6b61215564be,2.149976814726742,0.0065180471846173,0.6691151640464561,1.5294995228267092,0.038057329974722,-0.1201093901458836,1.698062488142488,0.0,-0.096131929837375,0.1195571513266298,1.5060743013374545,0.6691151640464561,-1.5398957680218823,0.0,,1.4099423715000794,0.1195571513266298,1.5294995228267092,0.0
coupled,48000,19,9,794bd6f53d04e380a07ad3b23a7b78a7204d02f669ee999f3c58aefed46e047b,2.884045142498567,0.0050412463614331,1.6768424622032114,1.1618923852827778,0.0106348156376685,-0.1704968284598931,1.3456779430665802,0.0,-0.0732849708682372,0.0839728702204438,1.1512044859305712,1.6768424622032114,-1.1645462989690183,0.0,,1.077919515062334,0.0839728702204438,1.1618923852827778,0.0
coupled,48000,20,0,2bdde52c6bb6e994a3f0d7c441ff03c743b87486b9efafb8c87e3d9aefd1bf30,1.836150645604885,0.0893583645804326,-0.5482991889737256,2.241101333890983,0.0546214431758369,1.0436618142569352,0.0863519500808767,1.548178100551202,1.1660470449502935,0.0231863297773018,1.0518679591633875,-0.5482991889737256,-1.048891969530437,-1.5746784521827395,,2.217915004113681,0.0231863297773018,2.241101333890983,0.0
coupled,48000,20,1,010aa30e51836eeb1d0b2f3c13fdad4d158ec9cd81af62b9fe181df4c7aef7c4,1.886179306019979,0.0939167279496824,-0.1510740496804992,2.0060205562064106,0.0258865323604442,0.9597663850451664,0.0637766687761123,1.059485850719161,1.0115783810388856,0.0357243024027922,0.9587178727647326,-0.1510740496804992,-0.990861570768517,-1.0662808014114782,,1.9702962538036184,0.0357243024027922,2.0060205562064106,0.0
coupled,48000,20,2,a4040649f24d949a9daac8111c269e4d1a5257c969fae12fa7c69d0df9dbb2a3,2.266195849904203,0.1297930717896807,0.1906711504750555,2.079583670992715,0.0726995614103744,-0.0478770762417712,1.5627859265051205,0.508176407792805,-0.0413344226643537,0.6780991420839546,1.4428189515731145,0.1906711504750555,-1.4424098290419651,-0.5079758676038146,,1.4014845289087607,0.6780991420839546,2.079583670992715,0.0
coupled,48000,20,3,f554c10b3a6ea3aad3da67bdd8822e211e5b121bc19cccf58079def91c367dd6,2.326716817879574,0.0140291728723381,-1.838186524947668,4.111030972595236,0.091178593268185,1.9545509645466652,0.3641143995333125,2.0163016567802186,2.1863824112798618,0.0702736355665081,1.854374925748866,-1.838186524947668,-1.947317086874621,-2.29647134071739,,4.040757337028728,0.0702736355665081,4.111030972595236,0.0
coupled,48000,20,4,efeb704908aab4b37f9eb437d7027df36470cc446a4008dae4aeb97dab9705a9,2.549712539792671,0.4151980771506507,0.3251969753913308,2.044113794488289,0.074013060726003,0.8739959705897821,0.6685289363295372,0.5166665769701948,1.1245956183667938,0.4147106399790108,0.5048075361424846,0.3251969753913308,-0.8546167191655524,-1.130561703997959,,1.6294031545092784,0.4147106399790108,2.0441137944882892,4.440892098500626e-16
coupled,48000,20,5,e026480bfdede18b0cad8aa9a8396507da1a7d4e1d8f8b035f580d6cf1dfb08c,2.399767337901224,0.3175001459308301,-1.4954872278128013,3.852098475438499,0.1270416613025071,2.191689634240801,0.452856902938765,1.552412035097244,1.874962163903516,0.4117497439239637,1.5653865676110192,-1.4954872278128013,-2.1925293734581706,-1.8773875375161333,,3.4403487315145354,0.4117497439239637,3.852098475438499,0.0
coupled,48000,20,6,aa52b477675f028f7f05585d6e76d7c1e052216fc5ff0c12d5b19191dbb9f848,2.3964552348419814,0.0895302630410815,0.1282666663116565,2.099354397992639,0.0476496160333781,0.2567101908514551,1.3124096423371423,0.5797085402800417,0.2826876270944334,0.3288042930497006,1.487862477848505,0.1282666663116565,-1.5227894688070436,-0.5783892886282174,,1.7705501049429384,0.3288042930497006,2.099354397992639,0.0
coupled,48000,20,7,0193a206e04983fbfc2b0b7090a2206526ec6d42519b69d1a4291436c936eec5,2.631632719232573,0.0679763566814854,1.4217421759556466,1.125787029440394,0.055220317785853,-0.4682725006849337,1.4223946817865505,0.204734079285052,-0.3866974178512143,0.608457034523131,0.9040274127684772,1.4217421759556466,-0.901008549514038,-0.2026273930867774,,0.517329994917263,0.608457034523131,1.125787029440394,0.0
coupled,48000,20,8,61d4cf29a73d0fbebcfd1d461184e2ae14c4900d005b36c4d18f6b61215564be,2.2861509098506043,0.3090380687809549,-1.2215004996410466,3.3965621450022736,0.0839225746821128,1.426540448886267,0.5030389445979195,1.7604315770840704,1.8788286889628183,0.1524211808443185,1.3653122751951368,-1.2215004996410466,-1.4166885026106613,-2.189399893275483,,3.244140964157955,0.1524211808443185,3.3965621450022736,0.0
coupled,48000,20,9,794bd6f53d04e380a07ad3b23a7b78a7204d02f669ee999f3c58aefed46e047b,2.2809946533361094,0.0114459968069489,0.3597104067103753,1.8990008893726185,0.0202699553948193,0.7734467576828039,0.1659791622688939,0.9901478556592672,0.8697383522228987,0.1089674663762108,0.9202950707735088,0.3597104067103753,-0.9204620925965988,-0.9888417276195468,,1.7900334229964074,0.1089674663762108,1.8990008893726182,-2.220446049250313e-16
coupled,48000,21,0,2bdde52c6bb6e994a3f0d7c441ff03c743b87486b9efafb8c87e3d9aefd1bf30,1.7748195773739337,0.0091649538307266,0.7344746617311566,0.9259196128548148,0.0749146214338595,0.4567657696076534,0.6475494822498984,0.1580551987048457,0.1670562497740995,0.0069212521758337,0.7519421109048817,0.7344746617311566,-1.0467095885953248,-0.1407462405332132,,0.9189983606789812,0.0069212521758337,0.9259196128548149,1.1102230246251565e-16
coupled,48000,21,1,010aa30e51836eeb1d0b2f3c13fdad4d158ec9cd81af62b9fe181df4c7aef7c4,1.8279640643018336,0.0573232595884085,-1.2392140577868425,3.0181687326281983,0.0229471805549394,1.4616463972006812,0.1259411036571744,1.52102326938744,1.5519006885923412,0.0159121691152659,1.4503558749205914,-1.2392140577868425,-1.4765733257324,-1.6090902639579563,,3.0022565635129324,0.0159121691152659,3.0181687326281983,0.0
coupled,48000,21,2,a4040649f24d949a9daac8111c269e4d1a5257c969fae12fa7c69d0df9dbb2a3,1.4932281978423303,0.0283788418258357,-1.0352587799501831,2.534922554757981,0.0495115990150836,1.840958087085052,0.2600333536830752,1.0609694825797282,1.237363172750816,0.2185363529999833,1.0790230290071814,-1.0352587799501831,-1.872641274585732,-1.2398080497470405,,2.3163862017579975,0.2185363529999833,2.534922554757981,0.0
coupled,48000,21,3,f554c10b3a6ea3aad3da67bdd8822e211e5b121bc19cccf58079def91c367dd6,2.396914805659309,0.1715197474136127,-0.7605813689386114,2.890070628496657,0.0343027336660375,1.7376560030684407,0.0974692656924252,1.397655947043013,1.452618211906052,0.060641897610226,1.3768105189803794,-0.7605813689386114,-1.7481211482858885,-1.450357333851953,,2.8294287308864314,0.060641897610226,2.8900706284966575,4.440892098500626e-16
coupled,48000,21,4,efeb704908aab4b37f9eb437d7027df36470cc446a4008dae4aeb97dab9705a9,2.271504401324224,0.0252154292793507,0.1553762529533426,1.9159734342803485,0.1080320612628695,0.7051327011278683,0.546201587922035,0.8180669446774751,0.6839054259654771,0.1000728222034625,1.1319951861114086,0.1553762529533426,-1.1700629446509678,-0.791306227813541,,1.8159006120768857,0.1000728222034625,1.9159734342803483,-2.220446049250313e-16
coupled,48000,21,5,e026480bfdede18b0cad8aa9a8396507da1a7d4e1d8f8b035f580d6cf1dfb08c,2.0623559224708314,0.0924148232998617,-0.3512124251179482,2.3744964988644988,0.1097073621559381,0.5381827662748166,1.6480531782043912,0.404159873862,0.3533324802808752,0.1397475694727039,1.8814164491109195,-0.3512124251179482,-2.076282792320623,-0.4044056638646467,,2.234748929391795,0.1397475694727039,2.3744964988644988,0.0
coupled,48000,21,6,aa52b477675f028f7f05585d6e76d7c1e052216fc5ff0c12d5b19191dbb9f848,1.7505116406416572,0.0069735656501005,0.3438102176800548,1.2427470321579517,0.0282946481065178,0.5748438429283025,0.247710536857753,0.4808946186838554,0.4584804541884435,0.0508401399198996,0.7334264380496083,0.3438102176800548,-0.7942597316795377,-0.4808946186838554,,1.1919068922380518,0.0508401399198996,1.2427470321579515,-2.220446049250313e-16
coupled,48000,21,7,0193a206e04983fbfc2b0b7090a2206526ec6d42519b69d1a4291436c936eec5,1.4685963828898303,0.1253996692010219,-1.0101882065949042,2.42872541085337,0.0898858211159578,1.240337313909878,0.2367038940972858,1.1100736606052943,1.1252025053219057,0.1406091029237246,1.1629138026077397,-1.0101882065949042,-1.327351285438044,-1.1698777620584562,,2.2881163079296454,0.1406091029237246,2.42872541085337,0.0
coupled,48000,21,8,61d4cf29a73d0fbebcfd1d461184e2ae14c4900d005b36c4d18f6b61215564be,2.1263886000065493,0.1268131451732856,-1.0850643518340313,3.116861419596561,0.056423817201223,1.5152803860556336,0.2625408246549208,1.4420518478976798,1.594544149171861,0.1482174310664314,1.3740998393582686,-1.0850643518340313,-1.5227350717412094,-1.640714169665802,,2.96864398853013,0.1482174310664314,3.116861419596561,0.0
coupled,48000,21,9,794bd6f53d04e380a07ad3b23a7b78a7204d02f669ee999f3c58aefed46e047b,1.4345627026825192,0.016310504190207,-0.8911252810542614,2.2505383899710827,0.084351737837564,1.7120789312986486,0.3209003981218128,0.9473956952229388,0.97162280475183,0.1326623061001504,1.1462532791191022,-0.8911252810542614,-1.9128679351897209,-0.9831553516161158,,2.1178760838709323,0.1326623061001504,2.2505383899710827,0.0
coupled,48000,22,0,2bdde52c6bb6e994a3f0d7c441ff03c743b87486b9efafb8c87e3d9aefd1bf30,2.6590498852023856,0.1242289505916076,0.5093709809397149,1.987422844645654,0.08537898087661,1.1612779266355977,0.60923054410341,0.3987026880998929,0.9286211469288972,0.5499889251676415,0.5088127725491154,0.5093709809397149,-1.158916263954379,-0.9249159140079114,,1.4374339194780126,0.5499889251676415,1.987422844645654,0.0
coupled,48000,22,1,010aa30e51836eeb1d0b2f3c13fdad4d158ec9cd81af62b9fe181df4c7aef7c4,1.5757934544991925,0.2403451853714375,-0.9584154866650983,2.3942164545237192,0.0324448495135589,1.1322604813264523,0.1137215838649901,1.3344581336940298,1.1866994394705963,0.0535436061446512,1.1539734089084717,-0.9584154866650983,-1.1597462807850516,-1.3882490685868614,,2.340672848379068,0.0535436061446512,2.3942164545237192,0.0
coupled,48000,22,2,a4040649f24d949a9daac8111c269e4d1a5257c969fae12fa7c69d0df9dbb2a3,1.8236692508695864,0.0923038032512451,0.0704216380952722,1.6360816839879513,0.0994596814661539,1.5180339777074383,0.4196176501720416,0.4117464907467518,0.733330079342267,0.3393395457023715,0.5634120589433127,0.0704216380952722,-1.5177655632767582,-0.7321728738833202,,1.2967421382855797,0.3393395457023715,1.6360816839879513,0.0
coupled,48000,22,3,f554c10b3a6ea3aad3da67bdd8822e211e5b121bc19cccf58079def91c367dd6,1.738963037885108,0.2040865240041184,0.3559006322580469,1.2486530908196374,0.0785333899246542,0.7298553500286586,0.2858889452586715,0.3983010397814124,0.3605661144970369,0.0730449703017566,0.8150420060208439,0.3559006322580469,-0.9404471031080603,-0.3950648420360279,,1.1756081205178808,0.0730449703017566,1.2486530908196374,0.0
coupled,48000,22,4,efeb704908aab4b37f9eb437d7027df36470cc446a4008dae4aeb97dab9705a9,2.3187237315234843,0.1380191687813907,-1.3912871048505444,3.539986309632204,0.0877351396472896,1.8723351308135927,0.2197384948348613,1.6532359978804816,1.643812477086505,0.1571459319383139,1.7390279006073852,-1.3912871048505444,-1.947450279187314,-1.710124204694332,,3.3828403776938902,0.1571459319383139,3.539986309632204,0.0
coupled,48000,22,5,e026480bfdede18b0cad8aa9a8396507da1a7d4e1d8f8b035f580d6cf1dfb08c,2.671015448221061,0.2121444343980241,1.2473241257524066,1.3242418225277828,0.0699678639345692,0.0895746014831151,0.8686649784823315,0.4753285528372399,0.1676228664231469,0.247102981207961,0.9095159748966748,1.2473241257524066,-0.9098159911142792,-0.4537842777538381,,1.0771388413198217,0.247102981207961,1.3242418225277828,0.0
coupled,48000,22,6,aa52b477675f028f7f05585d6e76d7c1e052216fc5ff0c12d5b19191dbb9f848,1.9298161485865208,0.0094796636522601,0.0407595446337665,1.8531652169017887,0.0485955664438216,0.0,1.5525970003521667,0.298921280918806,4.440892098500626e-16,0.3622772510331871,1.4908879658686016,0.0407595446337665,-1.5048273769078566,-0.2980953379192944,,1.490887965868602,0.3622772510331871,1.8531652169017891,4.440892098500626e-16
coupled,48000,22,7,0193a206e04983fbfc2b0b7090a2206526ec6d42519b69d1a4291436c936eec5,2.358721318581143,0.2587406042010575,0.6715139944340844,1.5930450805191492,0.0756089602228898,0.0838380738641415,1.3067060319945634,0.2172308101057707,0.0085096813548721,0.2525171964644639,1.332018202699813,0.6715139944340844,-1.3361149944511126,-0.1960509612904731,,1.3405278840546853,0.2525171964644639,1.5930450805191492,0.0
coupled,48000,22,8,61d4cf29a73d0fbebcfd1d461184e2ae14c4900d005b36c4d18f6b61215564be,2.435612544719365,0.0242736391525094,-0.5201512266355417,2.746791687216405,0.1486799043935538,1.6161448116732815,0.5876777772151796,0.8453159404351163,1.274221900874482,0.5420932207117874,0.930476565630136,-0.5201512266355417,-1.6193764212426505,-1.2810822036873732,,2.204698466504618,0.5420932207117874,2.7467916872164055,4.440892098500626e-16
coupled,48000,22,9,794bd6f53d04e380a07ad3b23a7b78a7204d02f669ee999f3c58aefed46e047b,2.850521156875168,0.0104176851574263,0.142637414512726,2.48151628067214,0.1024507141895922,1.3917868510531135,0.3379376732394639,1.0636273761725346,1.0345336276562098,0.0560956096904698,1.39088704332546,0.142637414512726,-1.6377137453595538,-1.053187440915966,,2.42542067098167,0.0560956096904698,2.48151628067214,0.0
coupled,48000,23,0,2bdde52c6bb6e994a3f0d7c441ff03c743b87486b9efafb8c87e3d9aefd1bf30,2.341579187240314,0.0334336562609378,-1.054746303244828,3.2583668119657325,0.1551978948910077,1.3764571795038414,0.6735806341097779,1.3700117838666674,1.261702236208759,0.1542107849420819,1.8424537908148917,-1.054746303244828,-1.8957363594435592,-1.3691153431457197,,3.1041560270236506,0.1542107849420819,3.2583668119657325,0.0
coupled,48000,23,1,010aa30e51836eeb1d0b2f3c13fdad4d158ec9cd81af62b9fe181df4c7aef7c4,2.3047583579937085,0.0012835446595581,-0.6966897206402836,2.795393524068631,0.0377037579124448,1.7587542576983015,0.0825598377778211,1.3665192318919477,1.3772785930816855,0.0152667122332013,1.402848218753744,-0.6966897206402836,-1.7804639254681769,-1.3896656439874486,,2.7801268118354296,0.0152667122332013,2.795393524068631,0.0
coupled,48000,23,2,a4040649f24d949a9daac8111c269e4d1a5257c969fae12fa7c69d0df9dbb2a3,2.9112527996289472,0.1589756087447789,-1.4188980490449996,4.284562250943467,0.1015422305539046,1.5687457696594191,0.7874338685238236,1.9716284696325976,1.557667402552419,0.4812268664182215,2.2456679819728262,-1.4188980490449996,-2.2536919387572,-1.9725739385047365,,3.803335384525245,0.4812268664182215,4.284562250943466,-8.881784197001252e-16
coupled,48000,23,3,f554c10b3a6ea3aad3da67bdd8822e211e5b121bc19cccf58079def91c367dd6,2.423905161890328,0.0071509993512277,-1.2344391427093289,3.451763616863176,0.0535244892149371,1.8687898475180105,0.1133377916649189,1.6928332305609497,1.7145698596148178,0.0603126509570515,1.6768811062913058,-1.2344391427093289,-1.8809940838482304,-1.7404422966807114,,3.391450965906124,0.0603126509570515,3.4517636168631753,-4.440892098500626e-16
coupled,48000,23,4,efeb704908aab4b37f9eb437d7027df36470cc446a4008dae4aeb97dab9705a9,2.096855949871555,0.0309129388319315,-1.115388025400506,3.079936615959511,0.0534560952504161,1.9287853314479757,0.1335294288770292,1.4521055352309462,1.4569776944937076,0.0516869371701447,1.5712719842956588,-1.115388025400506,-1.9952905811104311,-1.4656736191951034,,3.0282496787893667,0.0516869371701447,3.0799366159595114,4.440892098500626e-16
coupled,48000,23,5,e026480bfdede18b0cad8aa9a8396507da1a7d4e1d8f8b035f580d6cf1dfb08c,2.8037552080828245,0.0190712598783792,-1.7249098569780656,4.504250093709424,0.0999434593310821,1.739538128610134,0.6178578833468253,2.244562894161101,1.740225646202132,0.5201921544356423,2.24383229307165,-1.7249098569780656,-2.247100969251519,-2.254914477535459,,3.984057939273782,0.5201921544356423,4.504250093709424,0.0
coupled,48000,23,6,aa52b477675f028f7f05585d6e76d7c1e052216fc5ff0c12d5b19191dbb9f848,2.8282092103675414,0.0243950026438545,-0.3800755879875508,3.268160342941941,0.0593600771234581,1.0700170856777376,1.0146231684943343,1.1106297750659464,1.0045926070969475,0.2706237364263162,1.9929439994186768,-0.3800755879875508,-2.031632551755704,-1.1042774003588565,,2.9975366065156246,0.2706237364263162,3.2681603429419406,-4.440892098500626e-16
coupled,48000,23,7,0193a206e04983fbfc2b0b7090a2206526ec6d42519b69d1a4291436c936eec5,2.711144174835316,0.0025492076441142,1.113023546508873,1.4961722397388368,0.0680559269489575,-0.3003951556014488,1.8776414939050616,0.0,-0.3148134473776904,0.3381880948755906,1.4727975922409366,1.113023546508873,-1.5091904113546553,0.0,,1.1579841448632462,0.3381880948755906,1.4961722397388368,0.0
coupled,48000,23,8,61d4cf29a73d0fbebcfd1d461184e2ae14c4900d005b36c4d18f6b61215564be,2.693937316271237,0.0307261787826186,-0.4300956559763902,3.032361584923473,0.0742037838073921,1.39219668058898,0.3978955270581901,1.2980414654716887,1.22750351383836,0.1171810228258443,1.687677048259269,-0.4300956559763902,-1.730817467034166,-1.2831124222773007,,2.915180562097629,0.1171810228258443,3.0323615849234735,4.440892098500626e-16
coupled,48000,23,9,794bd6f53d04e380a07ad3b23a7b78a7204d02f669ee999f3c58aefed46e047b,2.0656078080456948,0.0316700838346353,-0.8429239186974176,2.8063631513063205,0.0619776390013036,1.177894785304971,0.747423118987288,1.0617976715816382,1.028819919122908,0.0425617458105267,1.734981486372886,-0.8429239186974176,-1.8620928939308343,-1.0630450429417593,,2.7638014054957942,0.0425617458105267,2.806363151306321,4.440892098500626e-16
coupled,48000,24,0,2bdde52c6bb6e994a3f0d7c441ff03c743b87486b9efafb8c87e3d9aefd1bf30,1.943175990879917,0.2408634567526177,-0.2270757693406766,2.04493342176041,0.0348722313823394,0.9711048589702096,0.5675813195348205,0.7701328331957495,0.7632272953539432,0.0009786549517984,1.2807274714546684,-0.2270757693406766,-1.4967428642510234,-0.7772039160674168,,2.0439547668086115,0.0009786549517984,2.04493342176041,0.0
coupled,48000,24,1,010aa30e51836eeb1d0b2f3c13fdad4d158ec9cd81af62b9fe181df4c7aef7c4,2.385783264298071,0.024278753996243,-0.5407488004701646,2.841440790078529,0.1468892662230922,1.3279648423195578,0.4468023517905657,1.2408789545473211,1.2027789359236611,0.1712570882861968,1.467404765868671,-0.5407488004701646,-1.625669849018147,-1.2430870334162056,,2.6701837017923324,0.1712570882861968,2.8414407900785292,4.440892098500626e-16
coupled,48000,24,2,a4040649f24d949a9daac8111c269e4d1a5257c969fae12fa7c69d0df9dbb2a3,1.665130780110661,0.0060535699901398,0.1674948512098959,1.434654021045477,0.0012933754089659,0.4443678295682964,1.4357000270684583,0.0,0.0,0.0102533526979904,1.4244006683474866,0.1674948512098959,-1.878774481227789,0.0,,1.4244006683474866,0.0102533526979904,1.434654021045477,0.0
coupled,48000,24,3,f554c10b3a6ea3aad3da67bdd8822e211e5b121bc19cccf58079def91c367dd6,2.17655742365192,0.0124853677933934,-0.0003173487494638,2.157688295051778,0.0633855380811381,0.8299161247573036,0.5978223422299325,0.726532238631334,1.2674950718897913,0.1411859685660059,0.7490072545959805,-0.0003173487494638,-0.8124110043084499,-1.278474163228982,,2.0165023264857718,0.1411859685660059,2.1576882950517775,-4.440892098500626e-16
coupled,48000,24,4,efeb704908aab4b37f9eb437d7027df36470cc446a4008dae4aeb97dab9705a9,2.7394474441663323,0.1154792023992867,0.3422865443560732,2.2754287888124294,0.049226568041367,1.0235528992520773,0.4830783239873182,0.807707388013466,1.2459130053799514,0.1677292455405132,0.8617865378919649,0.3422865443560732,-1.0168552708200076,-1.2482567723914868,,2.1076995432719166,0.1677292455405132,2.27542878881243,4.440892098500626e-16
coupled,48000,24,5,e026480bfdede18b0cad8aa9a8396507da1a7d4e1d8f8b035f580d6cf1dfb08c,1.8943618713973596,0.0079075697822089,-0.6693422826945623,2.4744021264144616,0.0736397343812358,1.4029355548640905,0.2208048468208692,1.1313615584793812,1.1360453224352012,0.0473688047625289,1.2909879992167317,-0.6693422826945623,-1.5186840705850428,-1.162778155198062,,2.427033321651933,0.0473688047625289,2.4744021264144616,0.0
coupled,48000,24,6,aa52b477675f028f7f05585d6e76d7c1e052216fc5ff0c12d5b19191dbb9f848,2.403633339979603,0.0201230378872041,-0.7779749042175732,3.168020127091556,0.0674416432697073,0.9347489750312477,1.0976450190047964,1.1713758810704358,0.8623505197360766,0.376048588700717,1.929621018654761,-0.7779749042175732,-1.964952350766337,-1.1713758810704358,,2.791971538390838,0.376048588700717,3.168020127091555,-8.881784197001252e-16
coupled,48000,24,7,0193a206e04983fbfc2b0b7090a2206526ec6d42519b69d1a4291436c936eec5,2.1587404541604744,0.044044819903411,-0.5074778647694398,2.609228871785647,0.0954253946673417,1.16598147410662,0.4739697443349171,1.0186682754253962,1.3644245271059507,0.2615697670992389,0.9832345775804576,-0.5074778647694398,-1.1714142316028089,-1.391779867596783,,2.347659104686408,0.2615697670992389,2.609228871785647,0.0
coupled,48000,24,8,61d4cf29a73d0fbebcfd1d461184e2ae14c4900d005b36c4d18f6b61215564be,2.3051974511687963,0.0083926998113438,0.7842094823822126,1.3861992152201612,0.1061615939333358,0.3849150641294345,0.8304380057779879,0.3275866257613233,1.0045026351463582,0.1150382093330941,0.2666583707407088,0.7842094823822126,-0.3747034480182192,-1.0620746537171908,,1.271161005887067,0.1150382093330941,1.3861992152201612,0.0
coupled,48000,24,9,794bd6f53d04e380a07ad3b23a7b78a7204d02f669ee999f3c58aefed46e047b,1.9039187871180587,0.0044623770232448,-0.8185574938045832,2.7174646030903924,0.0124460952455414,1.368016491742707,0.0789897049128831,1.3229421391479614,1.3002616796571602,0.0544282855196203,1.362774637913612,-0.8185574938045832,-1.4322294425754287,-1.3252727979825814,,2.6630363175707723,0.0544282855196203,2.7174646030903924,0.0
coupled,48000,25,0,2bdde52c6bb6e994a3f0d7c441ff03c743b87486b9efafb8c87e3d9aefd1bf30,2.1744363301731484,0.0063078839156515,0.4204194194601012,1.6491556998652523,0.0636875214578722,0.2501398630513259,1.4590844480637228,0.1810853249140485,0.1134140026749894,0.0049983397132795,1.530743357476983,0.4204194194601012,-1.6568909326761012,-0.1697311818951237,,1.6441573601519726,0.0049983397132795,1.6491556998652521,-2.220446049250313e-16
coupled,48000,25,1,010aa30e51836eeb1d0b2f3c13fdad4d158ec9cd81af62b9fe181df4c7aef7c4,2.559566186725207,0.0460795891534071,0.104513101883636,2.36827067116212,0.0587064085343578,1.3293381061934078,1.1128217353828556,0.1411691059194502,1.1904592749991567,1.001992799760565,0.1758185964023977,0.104513101883636,-1.331699214819535,-1.1929233241418205,,1.3662778714015544,1.001992799760565,2.3682706711621195,-4.440892098500626e-16
coupled,48000,25,2,a4040649f24d949a9daac8111c269e4d1a5257c969fae12fa7c69d0df9dbb2a3,1.8642097717160493,0.0140254601540004,0.2085220078436265,1.6011592765965186,0.0648132325209874,1.0396602780141422,0.1516122227443741,0.6132848611896484,0.71782578199204,0.1060994227764515,0.7772340718280271,0.2085220078436265,-1.0299792830516052,-0.709764846375572,,1.495059853820067,0.1060994227764515,1.6011592765965186,0.0
coupled,48000,25,3,f554c10b3a6ea3aad3da67bdd8822e211e5b121bc19cccf58079def91c367dd6,2.3751692494124867,0.2298675065855844,0.4640800678552192,1.8209934564584276,0.0760406065633991,0.1963475371873611,1.8172163397153795,-0.268520517907272,1.4596403774324802,0.5923498014535855,-0.2309967224276385,0.4640800678552192,-0.1984315507155729,-1.4705712017164965,,1.2286436550048416,0.5923498014535855,1.8209934564584271,-4.440892098500626e-16
coupled,48000,25,4,efeb704908aab4b37f9eb437d7027df36470cc446a4008dae4aeb97dab9705a9,2.181158001950554,0.2223958900623649,0.5012974557275425,1.6438113243383303,0.0313174358671299,0.0823991800382661,1.8065423431114935,-0.3739487302247615,1.394889690072054,0.5941216984581978,-0.3452000641919215,0.5012974557275425,-0.0814204236612186,-1.40225493339665,,1.0496896258801325,0.5941216984581978,1.6438113243383303,0.0
coupled,48000,25,5,e026480bfdede18b0cad8aa9a8396507da1a7d4e1d8f8b035f580d6cf1dfb08c,2.028111976975961,0.0047288879827464,0.1910163082770486,1.7261132169816915,0.1390311051365467,0.1629850530928442,1.7686195651913517,-0.0557908998906837,1.522006209872552,0.2435295627401785,-0.039422555631039,0.1910163082770486,-0.1596597260348113,-1.577122887222154,,1.482583654241513,0.2435295627401785,1.7261132169816915,0.0
coupled,48000,25,6,aa52b477675f028f7f05585d6e76d7c1e052216fc5ff0c12d5b19191dbb9f848,1.901130381877992,0.1319562146800813,0.26450312905017,1.4671497532477893,0.110776543838708,0.7550128250819887,0.6821669338372509,0.1748885553148609,0.7538158533589032,0.497635397423557,0.215698502465329,0.26450312905017,-0.7457567526556115,-0.755535017739781,,0.9695143558242323,0.497635397423557,1.4671497532477893,0.0
coupled,48000,25,7,0193a206e04983fbfc2b0b7090a2206526ec6d42519b69d1a4291436c936eec5,1.847607687149968,0.1728065665383261,0.7685310450838014,1.0552460184387675,0.0643765434789196,0.151243742365331,0.9592097667007824,-0.0498105814276168,0.8244114380255101,0.2836967667730268,-0.0528621863597693,0.7685310450838014,-0.1383550402565572,-0.8579113439030197,,0.7715492516657407,0.2836967667730268,1.0552460184387675,0.0
coupled,48000,25,8,61d4cf29a73d0fbebcfd1d461184e2ae14c4900d005b36c4d18f6b61215564be,2.187202314528048,0.21046453121269,0.947419896675509,1.226224574219284,-0.0220498559639754,0.0,1.604574273851198,-0.4450282358647541,1.1718835222411483,0.5023913218119465,-0.4480502698338107,0.947419896675509,0.0,-1.1815958939504192,,0.7238332524073376,0.5023913218119465,1.226224574219284,0.0
coupled,48000,25,9,794bd6f53d04e380a07ad3b23a7b78a7204d02f669ee999f3c58aefed46e047b,2.230839750908564,0.1528910659895384,0.0632928092407079,2.0715532577852764,0.1058795039488083,0.6638127037982517,0.9311526918787232,0.621847686843968,1.3548319134782505,0.1347918600198236,0.5819294842872025,0.0632928092407079,-0.6638127037982517,-1.447120874773883,,1.936761397765453,0.1347918600198236,2.0715532577852764,0.0
coupled,48000,26,0,2bdde52c6bb6e994a3f0d7c441ff03c743b87486b9efafb8c87e3d9aefd1bf30,2.2411815266034423,0.0601311071788646,-0.7430313067036902,2.970413220254719,0.0779085582943155,1.164148088043223,0.710059838289212,1.2321869412654638,1.789691358445273,0.0777352390298493,1.1029866227795966,-0.7430313067036902,-1.164252442135485,-1.8642338671680985,,2.8926779812248693,0.0777352390298493,2.9704132202547187,-4.440892098500626e-16
coupled,48000,26,1,010aa30e51836eeb1d0b2f3c13fdad4d158ec9cd81af62b9fe181df4c7aef7c4,2.166505201433357,0.0530402672775466,-0.8144609995154495,2.962862346160872,0.0491903662011758,1.310178854843591,0.2699815866633193,1.410135218932428,1.2919591358742053,0.13960289266453,1.5313003176221365,-0.8144609995154495,-1.5322009555910592,-1.4089043386471034,,2.823259453496342,0.13960289266453,2.962862346160872,0.0
coupled,48000,26,2,a4040649f24d949a9daac8111c269e4d1a5257c969fae12fa7c69d0df9dbb2a3,2.486049569936456,0.1675669346759284,-0.3920362917665176,2.8709190696415803,0.0711640901513961,1.1223644620101585,0.7441976402652524,1.1206995266086568,1.0398468241288092,0.0730390359824124,1.7580332095303588,-0.3920362917665176,-1.811580109604637,-1.1045174291280344,,2.797880033659168,0.0730390359824124,2.8709190696415803,0.0
coupled,48000,26,3,f554c10b3a6ea3aad3da67bdd8822e211e5b121bc19cccf58079def91c367dd6,1.940688433059616,0.0045753481612297,-1.3330628556646662,3.248413752063465,0.0432809991351095,1.4141794356693462,0.4540349995454951,1.942580577570308,1.8038984070443969,0.0265774772997438,1.4179378677193246,-1.3330628556646662,-1.4216003090623797,-2.34591370458766,,3.2218362747637217,0.0265774772997438,3.2484137520634655,4.440892098500626e-16
coupled,48000,26,4,efeb704908aab4b37f9eb437d7027df36470cc446a4008dae4aeb97dab9705a9,2.043103479767019,0.0515282356878118,-0.0013672133793987,2.002269188508248,0.0623300295835782,0.4777634909266008,1.5156244360951716,0.2449268595799527,0.2191646573705998,0.033032752147863,1.7500717789897848,-0.0013672133793987,-1.931532050769701,-0.2444527062484458,,1.9692364363603847,0.033032752147863,2.0022691885082478,-4.440892098500626e-16
coupled,48000,26,5,e026480bfdede18b0cad8aa9a8396507da1a7d4e1d8f8b035f580d6cf1dfb08c,2.172947562867812,0.0198195915969173,-0.6805941380793366,2.8371434998311136,0.12431282587401,1.0016984546835912,1.0506985205102188,0.8155746582209642,1.718150700708475,0.3438586440579811,0.7751341550646578,-0.6805941380793366,-1.0022423052318885,-1.7414165023088757,,2.493284855773133,0.3438586440579811,2.837143499831114,4.440892098500626e-16
coupled,48000,26,6,aa52b477675f028f7f05585d6e76d7c1e052216fc5ff0c12d5b19191dbb9f848,2.33295938234244,0.0276299060279747,-0.0329313233786443,2.2841662274469234,0.1438907832186201,0.3860300245838974,1.942290695006999,0.229148552715416,0.1684326821292621,0.0455772704167611,2.0701562749009,-0.0329313233786443,-2.184019353383848,-0.2295591357038445,,2.2385889570301623,0.0455772704167611,2.2841662274469234,0.0
coupled,48000,26,7,0193a206e04983fbfc2b0b7090a2206526ec6d42519b69d1a4291436c936eec5,1.9004269742567983,0.0168559282456617,-1.4297866217493782,3.2701826267960805,0.033235870640121,1.8515700152617425,0.0958511724826856,1.6130723358926966,1.613837685856225,0.028998710842353,1.6273462300975028,-1.4297866217493782,-1.9002677585073748,-1.6269898944896286,,3.2411839159537275,0.028998710842353,3.2701826267960805,0.0
coupled,48000,26,8,61d4cf29a73d0fbebcfd1d461184e2ae14c4900d005b36c4d18f6b61215564be,2.700317798079178,0.0201397891285222,0.9386422360832536,1.739915389820676,0.063391649074592,-0.7115596461440199,2.487549605534938,0.0,-0.6867135929581845,0.7483222453663836,1.678306737412477,0.9386422360832536,-1.7125983103163265,0.0,,0.9915931444542925,0.7483222453663836,1.739915389820676,0.0
coupled,48000,26,9,794bd6f53d04e380a07ad3b23a7b78a7204d02f669ee999f3c58aefed46e047b,2.4891527570784517,0.1988773968701684,-1.278850212131008,3.750372035934254,0.112562857320795,1.636887862157795,0.5774383937897112,1.617214378035858,1.5139204358544749,0.2073846915771862,2.029066908502593,-1.278850212131008,-2.102364460218753,-1.6166133164438157,,3.542987344357068,0.2073846915771862,3.7503720359342543,4.440892098500626e-16
coupled,48000,27,0,2bdde52c6bb6e994a3f0d7c441ff03c743b87486b9efafb8c87e3d9aefd1bf30,2.4834531060888696,0.0053808365997438,0.7764219590100563,1.6868340070058696,-0.0006666233454406,0.0156925029720123,1.724192069462548,0.0,-4.440892098500626e-16,0.0148092646050121,1.672024742400858,0.7764219590100563,-1.7405511957800008,0.0,,1.6720247424008576,0.0148092646050121,1.6868340070058698,2.220446049250313e-16
coupled,48000,27,1,010aa30e51836eeb1d0b2f3c13fdad4d158ec9cd81af62b9fe181df4c7aef7c4,2.231658872780878,0.0177257568278239,0.6169964178478957,1.590269577832905,-0.0061486925449529,0.0479711456221481,1.6202372396471356,0.0,-2.220446049250313e-16,0.0181499088141512,1.572119669018754,0.6169964178478957,-1.6743570778142367,0.0,,1.5721196690187538,0.0181499088141512,1.590269577832905,0.0
coupled,48000,27,2,a4040649f24d949a9daac8111c269e4d1a5257c969fae12fa7c69d0df9dbb2a3,2.7287747618207234,0.0011042757971591,1.033346232631315,1.7268417942337884,0.0141528678783173,-0.206888222726401,1.908932215322744,0.0,-0.1738282637976909,0.2093692222955294,1.6913008357359498,1.033346232631315,-1.6878911247180253,0.0,,1.517472571938259,0.2093692222955294,1.7268417942337884,0.0
coupled,48000,27,3,f554c10b3a6ea3aad3da67bdd8822e211e5b121bc19cccf58079def91c367dd6,2.80842389885234,0.0070890889980429,1.1953174931225474,1.6124925380923871,0.0129953189360885,-0.1235157064025647,1.7371144326101045,0.0,-0.114592873173275,0.1293800691198101,1.597705342145852,1.1953174931225474,-1.6006034072714512,0.0,,1.483112468972577,0.1293800691198101,1.6124925380923871,0.0
coupled,48000,27,4,efeb704908aab4b37f9eb437d7027df36470cc446a4008dae4aeb97dab9705a9,2.296643257849893,0.0148930648105591,0.683759596525177,1.6344085317320158,0.0169033873853372,-0.0468784264721284,1.7051974667165188,0.0,-0.0448987803902918,0.0655729380825835,1.613734374039724,0.683759596525177,-1.641415652859053,0.0,,1.5688355936494323,0.0655729380825835,1.6344085317320158,0.0
coupled,48000,27,5,e026480bfdede18b0cad8aa9a8396507da1a7d4e1d8f8b035f580d6cf1dfb08c,2.837401826451296,0.0018710431622428,1.2796000948640698,1.543877601783118,-0.0037531242273547,-0.0672374375041615,1.602559182083167,0.0,-0.0579468829615854,0.068608006911327,1.5332164778333763,1.2796000948640698,-1.5390748688063602,0.0,,1.4752695948717909,0.068608006911327,1.543877601783118,0.0
coupled,48000,27,6,aa52b477675f028f7f05585d6e76d7c1e052216fc5ff0c12d5b19191dbb9f848,2.392580644126353,0.0240852556220662,0.6759107260878361,1.6754893370038322,0.0353035673870636,0.2907660124479643,1.5882712452588317,2.220446049250313e-16,0.0,0.0468910753913425,1.6285982616124897,0.6759107260878361,-1.8437336903197323,0.0,,1.6285982616124897,0.0468910753913425,1.6754893370038322,0.0
coupled,48000,27,7,0193a206e04983fbfc2b0b7090a2206526ec6d42519b69d1a4291436c936eec5,2.7767996420931373,0.0513930502024324,0.5151736626995889,2.0856773188018094,0.1807977323335936,0.7372576722277011,1.597968087200722,-0.1649964023922943,1.2677617983340934,0.949524600105392,-0.1316090796376763,0.5151736626995889,-0.7338267212413995,-1.2556049034611354,,1.136152718696417,0.949524600105392,2.085677318801809,-4.440892098500626e-16
coupled,48000,27,8,61d4cf29a73d0fbebcfd1d461184e2ae14c4900d005b36c4d18f6b61215564be,2.358745313925608,0.0025916531188791,0.7652306183662101,1.5755793543461776,-0.003173748864508,0.0085212463373864,1.6162710009145176,0.0,-4.440892098500626e-16,0.0107000110808441,1.5648793432653338,0.7652306183662101,-1.627965996116412,0.0,,1.5648793432653334,0.0107000110808441,1.5755793543461776,0.0
coupled,48000,27,9,794bd6f53d04e380a07ad3b23a7b78a7204d02f669ee999f3c58aefed46e047b,2.459972083662169,0.0145615275805329,0.943361658443964,1.4943743873376862,0.0086894483615411,0.0218337287209857,1.5376707344946563,0.0,-4.440892098500626e-16,0.014930138921692,1.4794442484159946,0.943361658443964,-1.5508150148541011,0.0,,1.4794442484159942,0.014930138921692,1.4943743873376862,0.0
coupled,48000,28,0,2bdde52c6bb6e994a3f0d7c441ff03c743b87486b9efafb8c87e3d9aefd1bf30,2.3067240405444367,0.0326459744039708,-0.7535524485658485,2.933601581976986,0.0372018623789145,1.0149170617697951,0.8733180186652372,1.2417366765508386,0.9189979817559086,0.2107589679928079,1.8038446322282693,-0.7535524485658485,-1.854036146527748,-1.2387337480792089,,2.722842613984178,0.2107589679928079,2.933601581976986,0.0
coupled,48000,28,1,010aa30e51836eeb1d0b2f3c13fdad4d158ec9cd81af62b9fe181df4c7aef7c4,1.3936965007407052,0.0252392180955099,-1.0074174700650609,2.405984300904201,0.1363352832424043,1.7473080980052622,0.3890970120197752,1.0186740449909055,1.0264632223532004,0.022360567830955,1.3571605107200455,-1.0074174700650609,-1.978280806924892,-1.0404630648486468,,2.3836237330732457,0.022360567830955,2.405984300904201,0.0
coupled,48000,28,2,a4040649f24d949a9daac8111c269e4d1a5257c969fae12fa7c69d0df9dbb2a3,2.2117878339161567,0.1038349178418441,-1.7200277561824926,3.84440810730404,0.0628941331182391,2.3197475492327704,0.3444870717454051,1.7572853734980425,1.7940498752981453,0.0965852644483158,1.9537729675575792,-1.7200277561824926,-2.549491080989384,-1.8091347803685949,,3.7478228428557245,0.0965852644483158,3.8444081073040404,4.440892098500626e-16
coupled,48000,28,3,f554c10b3a6ea3aad3da67bdd8822e211e5b121bc19cccf58079def91c367dd6,2.2376924551108504,0.0188663795032995,-0.3968880646571211,2.4902432026062007,0.0262479459013662,0.9973162201102236,0.5992437915503492,1.1037212861120462,0.8625481187129393,0.1216568347048137,1.5060382491884474,-0.3968880646571211,-1.5709571471220496,-1.1030762047492035,,2.3685863679013868,0.1216568347048137,2.4902432026062007,0.0
coupled,48000,28,4,efeb704908aab4b37f9eb437d7027df36470cc446a4008dae4aeb97dab9705a9,1.832398603847997,0.2312310534070019,-1.1000622713976551,2.9229104128180614,0.1697667235687088,1.393108178965491,0.6049793959342071,1.2244956130358555,1.1745270798377307,0.1610099989245768,1.587373334055754,-1.1000622713976551,-1.8158675428580384,-1.236948921508807,,2.7619004138934846,0.1610099989245768,2.9229104128180614,0.0
coupled,48000,28,5,e026480bfdede18b0cad8aa9a8396507da1a7d4e1d8f8b035f580d6cf1dfb08c,2.0800488624063034,0.0296952693945768,-1.3145349671615838,3.3973042047403466,0.0696864444642397,1.8416208816783173,0.3559585867266326,1.4447565833486538,1.6565660198021075,0.2877937006313784,1.4529444843068604,-1.3145349671615838,-1.8821425401716307,-1.6905070671177334,,3.109510504108968,0.2877937006313784,3.3973042047403466,0.0
coupled,48000,28,6,aa52b477675f028f7f05585d6e76d7c1e052216fc5ff0c12d5b19191dbb9f848,2.899153614692754,0.2148974474299195,-0.2128700442594615,3.045168212344868,0.070878852976445,0.646189470835735,1.3441671013317833,1.0833812253084285,0.6709182648654661,0.4660359181718307,1.9082140293075711,-0.2128700442594615,-1.9251239634378836,-1.0777349810616186,,2.5791322941730375,0.4660359181718307,3.0451682123448682,4.440892098500626e-16
coupled,48000,28,7,0193a206e04983fbfc2b0b7090a2206526ec6d42519b69d1a4291436c936eec5,2.191949391695763,0.0588652615814576,0.1407999972568072,1.967851517661275,0.0862357895237568,0.7785968199210536,1.620576707982667,0.1688848839687757,0.1602629078550399,0.0226717136514182,1.7849168961548167,0.1407999972568072,-2.31809895205609,-0.1637236702926494,,1.9451798040098567,0.0226717136514182,1.967851517661275,0.0
coupled,48000,28,8,61d4cf29a73d0fbebcfd1d461184e2ae14c4900d005b36c4d18f6b61215564be,2.093953938798649,0.2074200629667385,-1.4732644210812014,3.5809773061904124,0.1106642121876864,1.5874372399050314,0.4436590017378137,1.77231436889684,1.837756193922314,0.1938983028554419,1.5493228094126563,-1.4732644210812014,-1.612277949147145,-2.080468449204853,,3.3870790033349705,0.1938983028554419,3.5809773061904124,0.0
coupled,48000,28,9,794bd6f53d04e380a07ad3b23a7b78a7204d02f669ee999f3c58aefed46e047b,2.570603441520292,0.1315499381559844,-0.248846867675593,2.713625377681274,0.0878438801463177,0.9149010737638752,1.0700749750375302,0.992275939451287,1.8346139694520176,0.1140879355185613,0.764923472710695,-0.248846867675593,-0.9107817641024092,-1.9786263440039653,,2.5995374421627124,0.1140879355185613,2.7136253776812738,-4.440892098500626e-16
coupled,48000,29,0,2bdde52c6bb6e994a3f0d7c441ff03c743b87486b9efafb8c87e3d9aefd1bf30,1.911845037489757,0.0388831722427075,0.380759721042037,1.4212008445818327,0.1826947206057807,0.3341631428005882,1.2119799544613357,0.1661820406372622,0.103687734671843,0.0322744667376724,1.2852386431723173,0.380759721042037,-1.3725031583822345,-0.1571272589111709,,1.3889263778441603,0.0322744667376724,1.4212008445818327,0.0
coupled,48000,29,1,010aa30e51836eeb1d0b2f3c13fdad4d158ec9cd81af62b9fe181df4c7aef7c4,1.7148098085829655,0.0254923717300618,0.1844783709765343,1.4334502946278074,0.0344117213327828,0.1255226499158768,1.3283810751379144,0.0979181611663455,0.0502671445378588,0.0585827748444274,1.324600375245521,0.1844783709765343,-1.4216328388367274,-0.0957773260506265,,1.37486751978338,0.0585827748444274,1.4334502946278074,0.0
coupled,48000,29,2,a4040649f24d949a9daac8111c269e4d1a5257c969fae12fa7c69d0df9dbb2a3,2.0307048371663807,0.0227029375128239,-1.4854895597210644,3.598008800202116,0.1228892329181965,1.573385600805126,0.3829747830230108,1.7336588117353582,1.7652823953946042,0.2793178431496645,1.5534085616578477,-1.4854895597210644,-1.6141135204609525,-1.953016442184346,,3.3186909570524517,0.2793178431496645,3.598008800202116,0.0
coupled,48000,29,3,f554c10b3a6ea3aad3da67bdd8822e211e5b121bc19cccf58079def91c367dd6,1.2235141752484084,0.0085105929452162,-0.6810025765712187,1.840458469129216,0.0494548268131345,1.5314189405700611,0.4169880697729349,0.6918898619263822,0.7107908016003108,0.0336703586739917,1.0959973088549133,-0.6810025765712187,-1.855312384795869,-0.7355296606603752,,1.8067881104552241,0.0336703586739917,1.8404584691292158,-2.220446049250313e-16
coupled,48000,29,4,efeb704908aab4b37f9eb437d7027df36470cc446a4008dae4aeb97dab9705a9,1.288680457510084,0.2038895510254152,-0.3071092578770384,1.5365947485555622,0.0608773270174549,0.6264791177498351,0.6395470161496761,0.4240536481373365,0.4044378085142841,0.0987747388256035,1.0333822012156746,-0.3071092578770384,-1.198202869946037,-0.4309995850733557,,1.4378200097299587,0.0987747388256035,1.5365947485555622,0.0
coupled,48000,29,5,e026480bfdede18b0cad8aa9a8396507da1a7d4e1d8f8b035f580d6cf1dfb08c,2.1307708490269537,0.049640388939153,0.6973967401113441,1.6261725113526069,-0.0398709086665975,-0.1214593490378805,1.807049436291256,0.0,-0.1190425683264093,0.1669785571838639,1.5782365224951524,0.6973967401113441,-1.7254609959199727,0.0,,1.459193954168743,0.1669785571838639,1.6261725113526069,0.0
coupled,48000,29,6,aa52b477675f028f7f05585d6e76d7c1e052216fc5ff0c12d5b19191dbb9f848,1.3850539109697442,0.0464999760856422,0.3639454881445969,1.0071974501767444,0.0277660228915608,0.4887177424782507,0.9976225552131956,0.0,0.0,0.0012723133335363,1.005925136843208,0.3639454881445969,-1.4585742747998856,0.0,,1.005925136843208,0.0012723133335363,1.0071974501767444,0.0
coupled,48000,29,7,0193a206e04983fbfc2b0b7090a2206526ec6d42519b69d1a4291436c936eec5,1.6067010967931674,0.0267666779356367,-0.5925528744298396,2.151451161654424,0.0461967112301737,0.9733986837482044,0.9451887870216672,0.6210919515326379,0.5971513680409106,0.060863849612466,1.4934359440010474,-0.5925528744298396,-1.864263941606357,-0.6292187694659788,,2.090587312041958,0.060863849612466,2.151451161654424,0.0
coupled,48000,29,8,61d4cf29a73d0fbebcfd1d461184e2ae14c4900d005b36c4d18f6b61215564be,1.747873505196931,0.0826157737440384,-0.8511989441028733,2.530563921863896,0.0507185020177496,1.1860864196916054,0.4898943312892192,1.0616237966751814,1.030911042152617,0.0498536085098098,1.4497992712014682,-0.8511989441028733,-1.6113115357489107,-1.0755745098893457,,2.480710313354085,0.0498536085098098,2.530563921863895,-8.881784197001252e-16
coupled,48000,29,9,794bd6f53d04e380a07ad3b23a7b78a7204d02f669ee999f3c58aefed46e047b,1.630270313689396,0.0132386887637542,0.520502523145228,1.0326179457184097,0.0882015313954376,0.2202863924469842,0.656151376117482,0.2581818099340183,0.1975262104782487,0.0676629962965078,0.7674287389436532,0.520502523145228,-0.7931109975094102,-0.2533070495936367,,0.9649549494219019,0.0676629962965078,1.0326179457184097,0.0
coupled,48000,30,0,2bdde52c6bb6e994a3f0d7c441ff03c743b87486b9efafb8c87e3d9aefd1bf30,2.6775606208928533,0.0071372948926016,0.7042603627858357,1.946967817368488,0.0850811574598731,0.4039842105734881,1.7549495668758324,-0.2370207122305538,1.4225527848118482,0.798133802954742,-0.2737187703981025,0.7042603627858357,-0.4039842105734881,-1.4328476971854052,,1.1488340144137457,0.798133802954742,1.9469678173684877,-2.220446049250313e-16
coupled,48000,30,1,010aa30e51836eeb1d0b2f3c13fdad4d158ec9cd81af62b9fe181df4c7aef7c4,2.0293733555628237,0.0360442731000159,1.0223597818939325,0.9184515664667772,0.0410146330671297,0.0,0.9684716818424088,0.1595756386538722,0.9068312160309048,0.0116203504358725,0.0,1.0223597818939325,0.0,-1.0870326874291514,,0.9068312160309048,0.0116203504358725,0.9184515664667773,1.1102230246251565e-16
coupled,48000,30,2,a4040649f24d949a9daac8111c269e4d1a5257c969fae12fa7c69d0df9dbb2a3,2.4719730251739014,0.0267728867366207,-0.5268329042282218,3.0357907906953288,0.0999480742886114,0.626195309835313,1.1804095894307012,1.1958397181420102,0.6551977214303693,0.7061711686954879,1.6744219005694716,-0.5268329042282218,-1.701794437602762,-1.200702105516651,,2.329619621999841,0.7061711686954879,3.035790790695329,4.440892098500626e-16
coupled,48000,30,3,f554c10b3a6ea3aad3da67bdd8822e211e5b121bc19cccf58079def91c367dd6,2.1988171345861,0.0859341820319343,-0.3586198391170949,2.542916811691435,0.0728369191698299,0.6054715314394858,1.223829402274078,0.7068989859695649,0.6052186292079678,0.2270983180552774,1.71059986442819,-0.3586198391170949,-1.7539088961839209,-0.7094541043293778,,2.315818493636158,0.2270983180552774,2.5429168116914354,4.440892098500626e-16
coupled,48000,30,4,efeb704908aab4b37f9eb437d7027df36470cc446a4008dae4aeb97dab9705a9,2.1271605520599195,0.1692287859193659,0.0514133578548232,1.9895897745078757,0.0826106278164009,0.3109253545609545,1.3777819287587083,0.4467069283573401,0.3304567418999902,0.1154821978393498,1.5436508347685354,0.0514133578548232,-1.6049383348759962,-0.4478652489846058,,1.8741075766685256,0.1154821978393498,1.9895897745078754,-2.220446049250313e-16
coupled,48000,30,5,e026480bfdede18b0cad8aa9a8396507da1a7d4e1d8f8b035f580d6cf1dfb08c,2.366130750014343,0.0835287943377914,0.8602399646670049,1.453077861825364,-0.0595452069284883,-0.0920500975566829,1.5096702601386105,0.0,-0.0887390062413946,0.1205204840855853,1.4212963839811734,0.8602399646670049,-1.477165369510416,0.0,,1.3325573777397788,0.1205204840855853,1.4530778618253641,2.220446049250313e-16
coupled,48000,30,6,aa52b477675f028f7f05585d6e76d7c1e052216fc5ff0c12d5b19191dbb9f848,1.970787062006934,0.0082807418582708,-1.32871012654401,3.252296373250095,0.0827189787171529,1.5074203889672957,0.2979823856671473,1.5929517076965118,1.613890299376676,0.2067170464316552,1.431689027441764,-1.32871012654401,-1.544773947376309,-1.7708615562374928,,3.04557932681844,0.2067170464316552,3.252296373250095,0.0
coupled,48000,30,7,0193a206e04983fbfc2b0b7090a2206526ec6d42519b69d1a4291436c936eec5,2.0538061560994,0.0174895787505531,-1.6228468924095774,3.586799557470484,0.1367568078271108,1.6727802524993955,0.2629416197665226,1.7749625278728065,1.6443943265822278,0.1921694033186538,1.7502358275696026,-1.6228468924095774,-1.7906159713453325,-1.7833116209662812,,3.3946301541518302,0.1921694033186538,3.586799557470484,0.0
coupled,48000,30,8,61d4cf29a73d0fbebcfd1d461184e2ae14c4900d005b36c4d18f6b61215564be,2.181342321552142,0.1303441393432573,-1.1971498134290686,3.25029118241698,0.0943481908802177,1.346421224229116,0.5731735748141924,1.4407497377792362,1.2898481011910663,0.1871595627758613,1.7732835184500522,-1.1971498134290686,-1.8241494998723804,-1.4418468460699465,,3.0631316196411182,0.1871595627758613,3.2502911824169796,-4.440892098500626e-16
coupled,48000,30,9,794bd6f53d04e380a07ad3b23a7b78a7204d02f669ee999f3c58aefed46e047b,2.405119449722745,0.0041060128496529,-0.5180943862938818,2.849292933080608,0.0575290730656228,1.499682365375755,0.1859614442358186,1.3888743329006146,1.435917773459792,0.1051816854538456,1.3081934741669703,-0.5180943862938818,-1.5288438657695935,-1.4881452036769718,,2.7441112476267624,0.1051816854538456,2.849292933080608,0.0
default,0,1,0,2bdde52c6bb6e994a3f0d7c441ff03c743b87486b9efafb8c87e3d9aefd1bf30,2.617899941890716,0.00029830105620820557,-2.1344753400857828,4.784081366278789,0.013503365035067105,2.146750171543654,0.4781496724998626,3.3676815770214645,2.615274339990234,0.011927064116146635,2.156879962172409,-2.1344753400857828,-2.154852930056392,-3.8242251259735225,,4.772154302162643,0.011927064116146635,4.784081366278789,0.0
default,0,1,1,010aa30e51836eeb1d0b2f3c13fdad4d158ec9cd81af62b9fe181df4c7aef7c4,2.8343249226545595,0.01268987544154132,0.07000194990617548,2.5676079006150836,0.11591150717719945,0.36010218985830855,1.8559469198018719,0.7002759594985566,2.024298072164096,0.21944902332327088,0.32386080512771676,0.07000194990617548,-0.35778436784607426,-2.4426291941354634,,2.3481588772918127,0.21944902332327088,2.5676079006150836,0.0
default,0,1,2,a4040649f24d949a9daac8111c269e4d1a5257c969fae12fa7c69d0df9dbb2a3,2.7200613180395647,0.006669444682747605,-1.7977349120642918,4.427933067656102,0.02989730392326795,1.885534357655255,0.7476163428828944,2.0509799708985077,2.5185240211431186,0.10988845441952044,1.799520592093463,-1.7977349120642918,-1.8837256390983876,-2.7705077284150015,,4.318044613236582,0.10988845441952044,4.427933067656102,0.0
default,0,1,3,f554c10b3a6ea3aad3da67bdd8822e211e5b121bc19cccf58079def91c367dd6,2.6385234038378824,0.019040105786036734,-1.3415273922046858,3.770936935459481,0.10595701312888606,1.4422796237993545,0.9499575990221869,3.1542793051944384,2.073554689411934,0.2734131857391251,1.4239690603084219,-1.3415273922046858,-1.4432169092335432,-3.9973426056535506,,3.4975237497203557,0.2734131857391251,3.770936935459481,0.0
default,0,1,4,efeb704908aab4b37f9eb437d7027df36470cc446a4008dae4aeb97dab9705a9,2.374144736902042,0.10127309916042315,-0.660747510037182,3.0013373344994463,0.1509324364858302,0.658170999635701,1.692590799822584,2.045585798897764,2.2810122259561076,0.06314991726878638,0.6571751912745523,-0.660747510037182,-0.658170999635701,-3.5872441622345175,,2.93818741723066,0.06314991726878638,3.0013373344994463,0.0
default,0,1,5,e026480bfdede18b0cad8aa9a8396507da1a7d4e1d8f8b035f580d6cf1dfb08c,2.3140358457962167,0.021300684554379945,-1.3156586881328698,3.547045654776525,0.06064258929962385,1.3414372997117114,0.927363655251628,3.1793428332132248,2.1144202414677165,0.0942915087351075,1.3383339045737008,-1.3156586881328698,-1.3414372997117114,-4.046063899165229,,3.4527541460414173,0.0942915087351075,3.547045654776525,0.0
default,0,1,6,aa52b477675f028f7f05585d6e76d7c1e052216fc5ff0c12d5b19191dbb9f848,2.2258212400029693,0.042931059711070876,-1.2623833471745591,3.5194943623060744,0.017976350421548215,1.2621935685601646,1.0217791892520873,2.322468525088779,2.2488966193440403,0.007716940307906928,1.2628808026541272,-1.2623833471745591,-1.2628808026541272,-3.3255841298253555,,3.5117774219981674,0.007716940307906928,3.5194943623060744,0.0
default,0,1,7,0193a206e04983fbfc2b0b7090a2206526ec6d42519b69d1a4291436c936eec5,3.835016506733935,0.00020057435596795847,-1.2938361489704553,5.0102192036130635,0.15190939783119228,1.2818069601800928,1.4231530702034991,2.5118859804953675,1.2762438265652793,1.176549632762684,2.5574257442850996,-1.2938361489704553,-2.5574257442850996,-2.5075108687626675,,3.833669570850379,1.176549632762684,5.0102192036130635,0.0
default,0,1,8,61d4cf29a73d0fbebcfd1d461184e2ae14c4900d005b36c4d18f6b61215564be,3.6943045948764377,0.09559404185045654,-0.6984569770545423,4.365664288345247,0.008542125359955577,0.6887045954329905,1.7879203749001962,1.8844649028496638,0.6847190522051068,1.2041039960756565,2.4768412400644837,-0.6984569770545423,-2.473808846801888,-1.8787389010210065,,3.1615602922695905,1.2041039960756565,4.365664288345247,0.0
default,0,1,9,794bd6f53d04e380a07ad3b23a7b78a7204d02f669ee999f3c58aefed46e047b,2.3735174476458547,0.025566203969689547,-0.8521818200452014,2.9983596964920154,0.28101757060372634,0.8774127118053101,1.3042575913301109,2.478669926503134,1.86594250626545,0.26120350409162674,0.8712136861349387,-0.8521818200452014,-0.8774127118053101,-3.5019099472295183,,2.7371561924003887,0.26120350409162674,2.9983596964920154,0.0
default,0,2,0,2bdde52c6bb6e994a3f0d7c441ff03c743b87486b9efafb8c87e3d9aefd1bf30,2.640845730745753,0.1578285799095705,-0.25520097347124704,2.728309046956258,0.12148311411596902,0.7116438192877208,1.7138012911577165,0.5107456930495351,0.4803276132820167,0.08212440675715182,2.1658570269170894,-0.25520097347124704,-2.308560512247108,-0.5061471771318958,,2.646184640199106,0.08212440675715182,2.728309046956258,0.0
default,0,2,1,010aa30e51836eeb1d0b2f3c13fdad4d158ec9cd81af62b9fe181df4c7aef7c4,2.600170504308171,0.09233993534103399,-1.8407896564188162,4.435949665396472,0.04437267529398614,2.8532087764665084,0.36343673497830586,1.8855456403448438,2.1718423677226366,0.36078695804592753,1.9033203396279077,-1.8407896564188162,-2.8843800799052683,-2.173438396590403,,4.075162707350544,0.36078695804592753,4.435949665396471,-8.881784197001252e-16
default,0,2,2,a4040649f24d949a9daac8111c269e4d1a5257c969fae12fa7c69d0df9dbb2a3,2.441780259379691,0.023274620241543725,-0.01342910678236997,2.2751411747868127,0.24578983119306574,0.9594317562059391,1.9487962234921772,0.17183363865758228,0.16781060499121336,0.15418132536934515,1.9531492444262541,-0.01342910678236997,-2.666101420904915,-0.16817036625771786,,2.1209598494174675,0.15418132536934515,2.2751411747868127,0.0
default,0,2,3,f554c10b3a6ea3aad3da67bdd8822e211e5b121bc19cccf58079def91c367dd6,4.595993654650291,0.0025276386981857232,-0.8084050092388049,5.352468921686893,0.09047463861980853,0.8068836203178549,2.2462031584116127,2.309587242456129,0.8134178185306835,1.5690150274239465,2.970036075732263,-0.8084050092388049,-2.9676488558308876,-2.3045505267349005,,3.7834538942629465,1.5690150274239465,5.352468921686893,0.0
default,0,2,4,efeb704908aab4b37f9eb437d7027df36470cc446a4008dae4aeb97dab9705a9,2.6139166554544344,0.008931574401929598,-0.9962400648576386,3.499147744913863,0.17699821205644484,1.7727943570258327,0.724413222613066,1.4272382885200305,1.423436872935043,0.16775896155246262,1.9079519104263571,-0.9962400648576386,-2.3194467375535983,-1.428000918548886,,3.3313887833614,0.16775896155246262,3.499147744913863,0.0
default,0,2,5,e026480bfdede18b0cad8aa9a8396507da1a7d4e1d8f8b035f580d6cf1dfb08c,3.843628897882288,0.007031876726635522,-1.9939474421732317,5.316506260509628,0.5074928132733412,2.893820953856398,0.6222359404042468,2.322532017926944,2.345923484181987,0.49650246278804877,2.474080313539592,-1.9939474421732317,-2.978423680911094,-2.352672418003154,,4.820003797721579,0.49650246278804877,5.3165062605096285,8.881784197001252e-16
default,0,2,6,aa52b477675f028f7f05585d6e76d7c1e052216fc5ff0c12d5b19191dbb9f848,3.3704880750603152,0.024718391446285626,-0.13699535674445062,3.263836642844632,0.10970258683079237,1.1466990204288314,1.5982309284622704,0.6588265353015217,2.114925783767298,0.5110046407532538,0.6379062183240805,-0.13699535674445062,-1.1450198105888811,-2.14903408677295,,2.7528320020913783,0.5110046407532538,3.263836642844632,0.0
default,0,2,7,0193a206e04983fbfc2b0b7090a2206526ec6d42519b69d1a4291436c936eec5,4.262493419743226,0.09641150470787352,-0.5191305024697055,3.724446192936961,1.2270944194152187,1.7536327688317916,1.9874264130720818,0.8296145325421986,0.8296145325421982,1.1679134502664779,1.726918210128285,-0.5191305024697055,-2.509977705194566,-0.8336015898362868,,2.556532742670483,1.1679134502664779,3.724446192936961,0.0
default,0,2,8,61d4cf29a73d0fbebcfd1d461184e2ae14c4900d005b36c4d18f6b61215564be,2.5858966087959923,0.020281107154353682,-1.3171801569441826,3.830243043470053,0.04851867268510457,1.850178907769272,0.11232271290502549,2.021539614726578,1.8627997761857547,0.07726041116483762,1.890182856119461,-1.3171801569441826,-1.8902776082389696,-2.045244954476801,,3.7529826323052156,0.07726041116483762,3.830243043470053,0.0
default,0,2,9,794bd6f53d04e380a07ad3b23a7b78a7204d02f669ee999f3c58aefed46e047b,2.680496020535302,0.04146795239090728,-0.4175420974516033,2.9842114327390528,0.10294540463251911,1.1391405972467994,0.8596840273939144,1.0522684058140264,1.7341901233581936,0.13640040756988148,1.113620901810978,-0.4175420974516033,-1.1386400289188119,-1.809507596903409,,2.8478110251691717,0.13640040756988148,2.984211432739053,4.440892098500626e-16
default,0,3,0,2bdde52c6bb6e994a3f0d7c441ff03c743b87486b9efafb8c87e3d9aefd1bf30,3.4932317934947084,0.006867876023974977,-0.8863403343577536,4.293449186702594,0.011694932243629719,2.0421690930571317,0.09826648645252023,2.5390587782365452,2.0857504645879352,0.07792011484242112,2.129778607272237,-0.8863403343577536,-2.1282989743273255,-2.539500451175242,,4.215529071860172,0.07792011484242112,4.293449186702594,0.0
default,0,3,1,010aa30e51836eeb1d0b2f3c13fdad4d158ec9cd81af62b9fe181df4c7aef7c4,4.236856429643815,0.017101436456355423,-1.6694582249443073,5.685432419186149,0.23618918677000877,2.6908837383675692,0.6553470847442044,2.534285680436883,2.483940245716513,0.22286055393911042,2.9786316195305256,-1.6694582249443073,-3.1106245516497846,-2.5337027651288637,,5.462571865247039,0.22286055393911042,5.685432419186149,0.0
default,0,3,2,a4040649f24d949a9daac8111c269e4d1a5257c969fae12fa7c69d0df9dbb2a3,2.8141118201816067,0.061081922071007766,-0.23743497896877397,2.9543030006276885,0.09679668169833588,0.488100969206382,1.6107420698690467,0.96367646983744,0.41213374878076103,0.5547109202063298,1.9874583316405976,-0.23743497896877397,-2.001979574360756,-0.963743252853777,,2.3995920804213586,0.5547109202063298,2.9543030006276885,0.0
default,0,3,3,f554c10b3a6ea3aad3da67bdd8822e211e5b121bc19cccf58079def91c367dd6,3.3995191676653285,0.005382453574975882,-1.3468802632713857,4.605012023726609,0.2300777422132927,2.5070796014906183,0.6073307413484548,1.9657845525125293,1.9647245533931188,0.1909274930279068,2.4493599773055825,-1.3468802632713857,-2.884344531155846,-1.9657726219824636,,4.414084530698702,0.1909274930279068,4.605012023726609,0.0
default,0,3,4,efeb704908aab4b37f9eb437d7027df36470cc446a4008dae4aeb97dab9705a9,3.1755343595499803,0.11559810322474229,-2.7313994148034535,5.86866110823076,0.09123884581748642,2.849713115778692,0.20653810162221564,2.9951767332185684,2.9512768653355623,0.08971884966331256,2.827665393231885,-2.7313994148034535,-2.8635080917569864,-3.096681013045003,,5.778942258567447,0.08971884966331256,5.86866110823076,0.0
default,0,3,5,e026480bfdede18b0cad8aa9a8396507da1a7d4e1d8f8b035f580d6cf1dfb08c,3.2276376346519102,0.0032070762012049725,-0.1050423711552062,3.3093285367208294,0.08206315753699345,0.10313282000372892,2.3532967249783607,0.860412815817738,0.10079486555895656,0.8435755492093486,2.364958121952524,-0.1050423711552062,-2.374366387445096,-0.860412815817738,,2.4657529875114808,0.8435755492093486,3.3093285367208294,0.0
default,0,3,6,aa52b477675f028f7f05585d6e76d7c1e052216fc5ff0c12d5b19191dbb9f848,3.7667117282085534,0.015812721190345325,-2.576973306498342,6.282281089448553,0.04415490239953623,3.0590692775895856,0.11316535397631222,3.112600515458519,3.0725448771736876,0.08887282788131712,3.1208633843935476,-2.576973306498342,-3.127369930695172,-3.1133103139297087,,6.193408261567235,0.08887282788131712,6.282281089448553,0.0
default,0,3,7,0193a206e04983fbfc2b0b7090a2206526ec6d42519b69d1a4291436c936eec5,2.6084972468751824,0.007741580652864011,-1.0411490186962071,3.5810249360752557,0.09213601629698043,1.8734049827255523,1.1409088336093798,1.2369399451996994,1.2275583716845555,0.04079658984070145,2.3126699745499986,-1.0411490186962071,-2.9191935889212424,-1.2399241563164083,,3.540228346234554,0.04079658984070145,3.5810249360752553,-4.440892098500626e-16
default,0,3,8,61d4cf29a73d0fbebcfd1d461184e2ae14c4900d005b36c4d18f6b61215564be,4.803657870492986,0.03060303920061569,-1.6164150003795879,6.447651325403573,0.11469987575641394,3.3292193187845753,1.6373739670361598,1.682390225956064,3.203595522041058,1.5692738789989367,1.6747819243635784,-1.6164150003795879,-3.3277059669898623,-3.2065776690305237,,4.878377446404636,1.5692738789989367,6.447651325403573,0.0
default,0,3,9,794bd6f53d04e380a07ad3b23a7b78a7204d02f669ee999f3c58aefed46e047b,4.111991096428366,0.0295854017485965,-3.013506417397002,6.926772139509259,0.15999187037110563,3.1390180519490976,0.7340091761789127,3.386365617835944,3.614020558145366,0.2845012957849127,3.0282502855789803,-3.013506417397002,-3.1438937060596404,-3.955507269533208,,6.642270843724346,0.2845012957849127,6.926772139509259,0.0
default,0,4,0,2bdde52c6bb6e994a3f0d7c441ff03c743b87486b9efafb8c87e3d9aefd1bf30,4.04491332732437,0.004064543841249185,-3.5411078773664464,7.583847933247805,-0.015936221822081542,3.9361346436785016,0.14309246301355927,3.717139291441808,3.6727063309663084,0.11770369918223134,3.7934379030992647,-3.5411078773664464,-4.074527391436439,-3.737775228519512,,7.466144234065573,0.11770369918223134,7.583847933247805,0.0
default,0,4,1,010aa30e51836eeb1d0b2f3c13fdad4d158ec9cd81af62b9fe181df4c7aef7c4,4.162756106627553,0.08521929976231779,-3.600944661056392,7.647319894487014,-0.003406070100508529,4.017921495589939,0.15387445283677792,3.7926496410462773,3.7656430663181006,0.07810892220920174,3.803567905959711,-3.600944661056392,-4.131694485922417,-3.8361571736510856,,7.569210972277812,0.07810892220920174,7.647319894487014,0.0
default,0,4,2,a4040649f24d949a9daac8111c269e4d1a5257c969fae12fa7c69d0df9dbb2a3,4.488784995849418,0.008125533985097882,-2.0389835782182004,6.692875571065837,0.05304545540659822,2.8571306309540825,1.1333586107158529,2.4410513105766376,3.5244547366889982,0.743253128497297,2.425167705879542,-2.0389835782182004,-2.8452005814063934,-3.5332945154335813,,5.94962244256854,0.743253128497297,6.692875571065837,0.0
default,0,4,3,f554c10b3a6ea3aad3da67bdd8822e211e5b121bc19cccf58079def91c367dd6,4.316357214636194,0.0017915491595731914,-3.173908728402992,7.208155387329047,0.16294124308052194,3.556510808414153,0.6949907247315745,3.4369839243678015,3.3365073102971534,0.06994024147524147,3.801707835556652,-3.173908728402992,-4.087038966281175,-3.4385052481518326,,7.138215145853805,0.06994024147524147,7.208155387329047,0.0
default,0,4,4,efeb704908aab4b37f9eb437d7027df36470cc446a4008dae4aeb97dab9705a9,3.907489377371616,0.016926149356140036,-3.1988667300638802,7.037436971497943,0.012512911966062745,3.466977785885886,0.22443403856318644,3.425677925275817,3.4358754858850333,0.14734077615703,3.4542207094558792,-3.1988667300638802,-3.5926248216004524,-3.511952016158375,,6.890096195340913,0.14734077615703,7.037436971497943,0.0
default,0,4,5,e026480bfdede18b0cad8aa9a8396507da1a7d4e1d8f8b035f580d6cf1dfb08c,4.205250080408902,0.06405404785811442,-2.2686372529804224,6.189221996613876,0.32897419735954614,2.610120591462531,1.7122588029151231,2.4320717752954235,2.323302070637289,0.04095622931676779,3.824963696659819,-2.2686372529804224,-3.9941840579346253,-2.4312929143789055,,6.148265767297108,0.04095622931676779,6.189221996613876,0.0
default,0,4,6,aa52b477675f028f7f05585d6e76d7c1e052216fc5ff0c12d5b19191dbb9f848,3.266899233149803,0.001213905328353769,-0.7222325442922912,3.6231419191116494,0.4535260217945347,1.3551902789168109,1.0336323425149618,1.629387926385835,1.8372152326065967,0.43072289983453604,1.3552037866705167,-0.7222325442922912,-1.3552309971533265,-2.2094535288697466,,3.1924190192771134,0.43072289983453604,3.6231419191116494,0.0
default,0,4,7,0193a206e04983fbfc2b0b7090a2206526ec6d42519b69d1a4291436c936eec5,4.102767984781949,0.0686430108864318,-2.2493999120593005,6.183728750247626,0.04297693287847881,2.582589767639247,1.2997262945073373,2.6300159335596973,2.4177636732042886,0.04742914996466041,3.7185359270786766,-2.2493999120593005,-3.858044430131265,-2.611310632696538,,6.136299600282966,0.04742914996466041,6.183728750247626,0.0
default,0,4,8,61d4cf29a73d0fbebcfd1d461184e2ae14c4900d005b36c4d18f6b61215564be,4.299681487206444,0.0058136784874521785,-1.5807803856068823,5.792714336941806,0.02794159395439344,1.6882955773737414,2.0959877373738798,2.1159635250810935,1.654973670832411,0.4667628859635631,3.670977780145832,-1.5807803856068823,-3.760351423299312,-2.1119538225750087,,5.325951450978243,0.4667628859635631,5.792714336941806,0.0
default,0,4,9,794bd6f53d04e380a07ad3b23a7b78a7204d02f669ee999f3c58aefed46e047b,4.3908877138959905,0.062385229406411336,-2.0800999893905665,6.58295114342012,0.043688875949529304,2.866244586624375,1.1418461571576008,2.364422001603834,3.4595548440953037,0.7735709234795345,2.349825375845281,-2.0800999893905665,-2.863743659606056,-3.465080209830225,,5.809380219940585,0.7735709234795345,6.58295114342012,0.0
default,0,5,0,2bdde52c6bb6e994a3f0d7c441ff03c743b87486b9efafb8c87e3d9aefd1bf30,4.110611067789279,0.13532481210632324,-1.3939194836694213,5.00197379297026,0.6616192281851832,1.7360951702933827,1.0922891366548004,2.2302072226389678,1.6269877588792374,1.2154600850486035,2.1595259490424192,-1.3939194836694213,-2.1615157482903524,-2.2354565531116153,,3.7865137079216566,1.2154600850486035,5.00197379297026,0.0
default,0,5,1,010aa30e51836eeb1d0b2f3c13fdad4d158ec9cd81af62b9fe181df4c7aef7c4,3.8474036416998265,0.07837976633164134,-0.8688571636391318,4.403713446320072,0.4539673079147475,1.6205760575563486,1.3245250661259813,1.466595576177549,2.3157974789028386,0.6241459427888261,1.463770024628408,-0.8688571636391318,-1.6212815983138151,-2.336447793631317,,3.7795675035312466,0.6241459427888261,4.403713446320072,0.0
default,0,5,2,a4040649f24d949a9daac8111c269e4d1a5257c969fae12fa7c69d0df9dbb2a3,3.8450755553649225,0.0014417470188738402,0.8174081346516342,2.9752761095242826,0.12563470797503973,1.1847878823005518,2.2465966716593475,-0.4865507264553266,1.6349159288031014,1.8780462069358212,-0.5376860262146401,0.8174081346516342,-1.1844736483101461,-1.6347254712193866,,1.0972299025884613,1.8780462069358212,2.9752761095242826,0.0
default,0,5,3,f554c10b3a6ea3aad3da67bdd8822e211e5b121bc19cccf58079def91c367dd6,4.323080978639192,0.0008057355155845214,0.10290456589035735,3.980016236369682,0.2691935352194228,1.7268518151152297,1.6914911160016166,0.5688817438294895,1.9902470526799565,1.4852161104020052,0.5045530732877204,0.10290456589035735,-1.7253110196637698,-1.992720120063143,,2.494800125967677,1.4852161104020052,3.980016236369682,0.0
default,0,5,4,efeb704908aab4b37f9eb437d7027df36470cc446a4008dae4aeb97dab9705a9,3.7637225198427395,0.148725026688257,-1.092747247863116,4.182476321023193,0.8371022412591067,1.4592353838679766,1.2828832883128618,2.402627992151806,1.816216282290911,0.9063110287955527,1.4599490099367292,-1.092747247863116,-1.4623880450167253,-2.8452563780568125,,3.27616529222764,0.9063110287955527,4.182476321023193,0.0
default,0,5,5,e026480bfdede18b0cad8aa9a8396507da1a7d4e1d8f8b035f580d6cf1dfb08c,3.3859161299141283,0.04750980059783774,-1.195940082271961,4.335987976542755,0.33407459717569754,1.4820558298204913,1.868331907047979,1.2339315928736294,1.1976320618875138,0.3807611755864819,2.75759473906876,-1.195940082271961,-3.0163131396927723,-1.2339315928736294,,3.955226800956274,0.3807611755864819,4.335987976542755,0.0
default,0,5,6,aa52b477675f028f7f05585d6e76d7c1e052216fc5ff0c12d5b19191dbb9f848,2.5844059089528977,0.08548358533265848,-0.9784693280793757,3.5748405263564393,0.045516991580197175,2.6743211661962842,0.34800506290315325,1.4561405936871825,1.7588704816525518,0.37155052668172717,1.4444195180221602,-0.9784693280793757,-2.6744639431692487,-1.7584858880371743,,3.2032899996747117,0.37155052668172717,3.574840526356439,-4.440892098500626e-16
default,0,5,7,0193a206e04983fbfc2b0b7090a2206526ec6d42519b69d1a4291436c936eec5,2.7239894463270975,0.03294948924176552,0.9471642344985631,1.7460230098812386,0.022830710529301745,-0.3432672591193302,2.1097554679313286,0.0,-0.4534524850939703,0.46840610446362074,1.7310693905115881,0.9471642344985631,-1.7436574982826967,0.0,,1.2776169054176179,0.46840610446362074,1.7460230098812386,0.0
default,0,5,8,61d4cf29a73d0fbebcfd1d461184e2ae14c4900d005b36c4d18f6b61215564be,3.515469188066185,0.04937711051980277,-0.06930532076132856,3.519671441527068,0.0396434988553549,1.6800587622075276,0.9433055345938179,0.9088612739974171,1.8128163043787975,0.8444456249388901,0.86240951220938,-0.06930532076132856,-1.6792403693991054,-1.8133417025443026,,2.6752258165881777,0.8444456249388901,3.519671441527068,0.0
default,0,5,9,794bd6f53d04e380a07ad3b23a7b78a7204d02f669ee999f3c58aefed46e047b,1.8462063777497875,0.026395544538312665,-0.9395321188909342,2.741279733624939,0.015216311870458021,1.2569437448708778,0.2287463859761667,1.8833225021403988,1.4890937693253052,0.0026107512191213544,1.2495752130805124,-0.9395321188909342,-1.2590764408264115,-2.094719880290574,,2.7386689824058177,0.0026107512191213544,2.741279733624939,0.0
default,0,6,0,2bdde52c6bb6e994a3f0d7c441ff03c743b87486b9efafb8c87e3d9aefd1bf30,2.650443479165424,0.05830751248627353,-1.4090615706533525,4.061512300950068,0.04746944835988165,1.4433814978802602,1.0950962792265095,1.5318508633517025,1.418868267063122,0.16993998590035764,2.4727040479865883,-1.4090615706533525,-2.491008328746888,-1.5318508633517025,,3.8915723150497104,0.16993998590035764,4.061512300950068,0.0
default,0,6,1,010aa30e51836eeb1d0b2f3c13fdad4d158ec9cd81af62b9fe181df4c7aef7c4,2.60218141721819,0.000880234224230475,-0.8320143688089896,3.2903395721872872,0.06614723075598561,1.5544496366817973,1.2061041456650365,1.0635997314726833,1.0450411487934936,0.03994129430997173,2.205357129083822,-0.8320143688089896,-2.6930438312160763,-1.0649624518474552,,3.2503982778773155,0.03994129430997173,3.2903395721872872,0.0
default,0,6,2,a4040649f24d949a9daac8111c269e4d1a5257c969fae12fa7c69d0df9dbb2a3,4.2005188870549,0.031026844386040753,-0.34027678970971476,4.099030121899222,0.44823684069057323,0.34569429139612806,2.915939123639698,0.7807459854581724,0.3462434780722825,0.9645703001922472,2.7882163436346925,-0.34027678970971476,-2.808468465719746,-0.7856740940836793,,3.134459821706975,0.9645703001922472,4.099030121899222,0.0
default,0,6,3,f554c10b3a6ea3aad3da67bdd8822e211e5b121bc19cccf58079def91c367dd6,3.137421136154737,0.014093282977962751,0.20601366640898977,2.7550445012815468,0.23227835537782004,0.1311656449938794,2.4065116235210007,0.1981927750268495,0.13834878973563436,0.3243698351532709,2.2923258763926415,0.20601366640898977,-2.3092359753882588,-0.19435571277565078,,2.430674666128276,0.3243698351532709,2.7550445012815468,0.0
default,0,6,4,efeb704908aab4b37f9eb437d7027df36470cc446a4008dae4aeb97dab9705a9,2.485568603055419,0.03985542028559774,-0.10707283156974245,2.4062412863109346,0.2395096128497456,0.6566280057631793,1.634747348542927,0.340162647416153,0.31961159970934183,0.23415397367163315,1.8524757129299594,-0.10707283156974245,-2.044755146260093,-0.34727324261242076,,2.1720873126393014,0.23415397367163315,2.4062412863109346,0.0
default,0,6,5,e026480bfdede18b0cad8aa9a8396507da1a7d4e1d8f8b035f580d6cf1dfb08c,4.055762453340379,0.12100703960278603,-1.0211315556966474,5.070273053788259,0.08798791150620122,1.3047085101723819,1.463019199274207,2.2142801947494553,1.280363697085992,1.1350554525465477,2.65485390415572,-1.0211315556966474,-2.679348468992897,-2.2146715236969454,,3.935217601241712,1.1350554525465477,5.070273053788259,0.0
default,0,6,6,aa52b477675f028f7f05585d6e76d7c1e052216fc5ff0c12d5b19191dbb9f848,2.681338332649463,0.15097406242141254,0.16736391057871813,2.3210800915371728,0.12836320496327414,0.7135849207150344,1.3986730623623516,0.5063182117424723,0.5009893147943312,0.13107516527747132,1.68901561146537,0.16736391057871813,-1.988317287257816,-0.5018957025987683,,2.190004926259701,0.13107516527747132,2.3210800915371723,-4.440892098500626e-16
default,0,6,7,0193a206e04983fbfc2b0b7090a2206526ec6d42519b69d1a4291436c936eec5,3.1931734658292834,0.02252396932018816,-0.6569448051750104,3.598347794627303,0.381819791989759,1.062503349358653,1.6801729348371617,0.9713872845810363,0.9627528163125232,0.3885527657396626,2.247042212575117,-0.6569448051750104,-2.3611384330965985,-0.9711053436904933,,3.2097950288876405,0.3885527657396626,3.598347794627303,0.0
default,0,6,8,61d4cf29a73d0fbebcfd1d461184e2ae14c4900d005b36c4d18f6b61215564be,3.3007269591828496,0.009167113109951441,-0.9587160810092632,3.8298461543651974,0.5682970429080407,1.3704457086368265,1.8011060526535756,1.0327796069304733,1.0314912582917093,0.5220109217003648,2.2763439743731233,-0.9587160810092632,-2.602877577188154,-1.033156748124681,,3.3078352326648326,0.5220109217003648,3.8298461543651974,0.0
default,0,6,9,794bd6f53d04e380a07ad3b23a7b78a7204d02f669ee999f3c58aefed46e047b,3.5828179885227476,0.028754271423543254,-0.4928400189292663,4.063943586284147,0.1270752372973809,0.5481283168498594,2.5520344866213502,0.7970552599466045,0.5387997971022012,0.5724872545779607,2.9526565346039852,-0.4928400189292663,-2.9730875661738283,-0.797055259946605,,3.4914563317061864,0.5724872545779607,4.063943586284147,0.0
default,0,7,0,2bdde52c6bb6e994a3f0d7c441ff03c743b87486b9efafb8c87e3d9aefd1bf30,2.201521259771452,0.020202713651557763,0.0747328052977112,2.100615104646549,0.068317773071497,0.0,2.109935918960459,0.2962297174762347,2.089020138105681,0.01159496654086789,0.0,0.0747328052977112,0.0,-2.3378478633651967,,2.089020138105681,0.01159496654086789,2.100615104646549,0.0
default,0,7,1,010aa30e51836eeb1d0b2f3c13fdad4d158ec9cd81af62b9fe181df4c7aef7c4,2.71423977859866,0.02954281352429409,-1.3966563557329543,4.018399490272955,0.08631429718599559,1.6045582146427364,0.868994899977171,2.214167411199137,2.403180258067057,0.020234343567601787,1.5949848886382967,-1.3966563557329543,-1.6026634413468877,-2.9987427872861607,,3.998165146705354,0.020234343567601787,4.018399490272955,0.0
default,0,7,2,a4040649f24d949a9daac8111c269e4d1a5257c969fae12fa7c69d0df9dbb2a3,2.0794226567456042,0.024215965022611696,-0.7471501073308282,2.747461775249282,0.09202789867252004,1.7093318559732542,0.9593058054750925,0.8996889919031454,0.890139385180106,0.05276133759484569,1.8045610524743303,-0.7471501073308282,-2.576068843857969,-0.9002299108210028,,2.6947004376544363,0.05276133759484569,2.747461775249282,0.0
default,0,7,3,f554c10b3a6ea3aad3da67bdd8822e211e5b121bc19cccf58079def91c367dd6,2.236049075116264,0.005186485470589419,-1.7046712093165386,3.884280340378102,0.09992940736236133,1.973231347605946,0.4541543736172464,1.7221490741563845,1.717585118748222,0.08575547022107655,2.0809397514088035,-1.7046712093165386,-2.3240347266075485,-1.7255706614096666,,3.7985248701570256,0.08575547022107655,3.884280340378102,0.0
default,0,7,4,efeb704908aab4b37f9eb437d7027df36470cc446a4008dae4aeb97dab9705a9,4.107766855719294,0.23551954121842833,-1.0966665245599083,5.204862787445473,0.03469681692486759,2.2080793802809726,0.9516627012944716,2.063938867926021,2.9626268320808586,0.17428260993416922,2.0679533454304444,-1.0966665245599083,-2.2080793802809726,-2.9809047522956256,,5.030580177511303,0.17428260993416922,5.204862787445473,0.0
default,0,7,5,e026480bfdede18b0cad8aa9a8396507da1a7d4e1d8f8b035f580d6cf1dfb08c,2.2501850883454155,0.0031587941792641794,-0.6249439027061081,2.8280437677509767,0.041501813355354855,1.089000933185202,1.571450122124738,0.6469302298920683,0.6244360182407793,0.006495246600801252,2.197112502909396,-0.6249439027061081,-2.618949241954585,-0.6469302298920683,,2.8215485211501754,0.006495246600801252,2.8280437677509767,0.0
default,0,7,6,aa52b477675f028f7f05585d6e76d7c1e052216fc5ff0c12d5b19191dbb9f848,4.750792179669399,0.06588919782609441,-0.17125921828272084,4.807766500946126,0.20468449293215762,0.7450485156090898,2.3865506957198983,1.6994445451999995,0.6792702081189623,1.2079459246187518,2.9205503682084126,-0.17125921828272084,-2.9273230523377443,-1.6990362112590862,,3.599820576327375,1.2079459246187518,4.807766500946126,0.0
default,0,7,7,0193a206e04983fbfc2b0b7090a2206526ec6d42519b69d1a4291436c936eec5,3.6920029642317767,0.007543917145048408,-1.3871348364353082,4.9895683204161045,0.11297940782474303,1.7377988799591804,0.912182803881989,2.3192124971979897,1.6895540217410105,0.761578043226177,2.538436255448917,-1.3871348364353082,-2.537825515407171,-2.3183892578072447,,4.227990277189928,0.761578043226177,4.9895683204161045,0.0
default,0,7,8,61d4cf29a73d0fbebcfd1d461184e2ae14c4900d005b36c4d18f6b61215564be,3.4035400925850627,0.06535119229948305,-0.6840777169761791,3.901590312655707,0.052636706036381486,1.385727652777819,2.1264016881906027,0.8879558773817724,0.8630490612467594,0.00769280940902739,3.0308484419999204,-0.6840777169761791,-3.479199008433502,-0.8682495038803104,,3.89389750324668,0.00769280940902739,3.901590312655707,0.0
default,0,7,9,794bd6f53d04e380a07ad3b23a7b78a7204d02f669ee999f3c58aefed46e047b,2.9224166083233585,0.01706482988286491,0.04211694901683405,2.83738416872909,0.021228687302818017,-0.06347983460528628,2.9151884076059713,0.0,-0.06286759479304571,0.07425886263712034,2.8259929008850153,0.04211694901683405,-2.830479885697867,0.0,,2.7631253060919696,0.07425886263712034,2.83738416872909,0.0
default,0,8,0,2bdde52c6bb6e994a3f0d7c441ff03c743b87486b9efafb8c87e3d9aefd1bf30,3.4273623341664434,0.013780784826494391,-1.1678408015155988,4.473531821916598,0.19294417271679842,1.82831124909427,1.285537250321838,1.3618736608134632,2.4461871029698354,0.7342343134044373,1.2931104055423255,-1.1678408015155988,-1.8300479283090865,-2.4527300592036863,,3.739297508512161,0.7342343134044373,4.473531821916598,0.0
default,0,8,1,010aa30e51836eeb1d0b2f3c13fdad4d158ec9cd81af62b9fe181df4c7aef7c4,2.773511358014165,0.001523221251611355,0.894024121543282,1.8271542328678296,0.06994208135842017,0.0,1.972382671524684,-0.10328581586002361,1.6967255116892632,0.25960680690962024,-0.12917808573105383,0.894024121543282,0.0,-1.7991547743062402,,1.5675474259582094,0.25960680690962024,1.8271542328678296,0.0
default,0,8,2,a4040649f24d949a9daac8111c269e4d1a5257c969fae12fa7c69d0df9dbb2a3,2.0843421777382134,0.023181901322011644,-0.7053005633549505,2.738194449898084,0.1406128193819267,1.5472923768293794,0.6884087680990114,0.9956455468084968,0.9954200074183459,0.20015484295576425,1.5426195995239738,-0.7053005633549505,-2.0891456527015815,-1.0015882196533794,,2.53803960694232,0.20015484295576425,2.738194449898084,0.0
default,0,8,3,f554c10b3a6ea3aad3da67bdd8822e211e5b121bc19cccf58079def91c367dd6,4.074895446687121,0.018468712886710842,-1.0200221497009903,5.151163185504471,0.04462594451513935,2.3701357554743328,1.7391825567193386,1.0261635873207458,2.720273817659745,1.412734312710524,1.0181550551342018,-1.0200221497009903,-2.3701357554743328,-2.720720199524945,,3.7384288727939468,1.412734312710524,5.151163185504471,0.0
default,0,8,4,efeb704908aab4b37f9eb437d7027df36470cc446a4008dae4aeb97dab9705a9,2.2230668094056822,0.0062549285241206565,1.0722535274663079,1.0775076989152652,0.12949672609963203,0.0,1.2246853325496665,-0.1101195203308456,0.9156382646722496,0.1618694342430156,0.0,1.0722535274663079,0.0,-0.9850690861191889,,0.9156382646722496,0.1618694342430156,1.0775076989152652,0.0
default,0,8,5,e026480bfdede18b0cad8aa9a8396507da1a7d4e1d8f8b035f580d6cf1dfb08c,3.7387665210641203,0.08684138974551159,-1.000051493375108,4.64674736450375,0.08555255701626763,1.8818921624880454,0.9761479611017247,1.7914407229661191,2.633553259623559,0.25211856242566233,1.7610755424545288,-1.000051493375108,-1.8835590175384582,-2.680369272001163,,4.394628802078088,0.25211856242566233,4.646747364503751,8.881784197001252e-16
default,0,8,6,aa52b477675f028f7f05585d6e76d7c1e052216fc5ff0c12d5b19191dbb9f848,3.332731615056344,0.021314382690357875,-0.5016248270205654,3.9412693052499073,0.02391781081368638,1.0277652286128407,1.0844898319627578,1.7532957714541264,1.0123887819401123,0.8458499813130582,2.0830305419967368,-0.5016248270205654,-2.090697843440168,-1.7509351777758706,,3.095419323936849,0.8458499813130582,3.9412693052499073,0.0
default,0,8,7,0193a206e04983fbfc2b0b7090a2206526ec6d42519b69d1a4291436c936eec5,3.1324702928068016,0.005093970388666297,-0.2252333701194269,3.283289931289668,0.2595200551260508,0.9360425758776658,1.2422576761043338,1.1063825234635611,0.7763235408793072,0.6005381525893991,1.9064282378209616,-0.2252333701194269,-1.918348668359676,-1.1068140519598344,,2.682751778700269,0.6005381525893991,3.283289931289668,0.0
default,0,8,8,61d4cf29a73d0fbebcfd1d461184e2ae14c4900d005b36c4d18f6b61215564be,2.8792845067021986,0.013857028195367993,-1.788400675204473,4.602044765006093,0.03401973079374887,2.4726320894896094,0.27890311967799164,2.0647391654651965,2.2691624607708762,0.2454843232220454,2.087397981013172,-1.788400675204473,-2.4971170966182337,-2.285137547220815,,4.356560441784048,0.2454843232220454,4.602044765006093,0.0
default,0,8,9,794bd6f53d04e380a07ad3b23a7b78a7204d02f669ee999f3c58aefed46e047b,2.8067378730052535,0.06612692821284277,0.6136821190233075,2.1536104010288675,0.015606745977768677,0.0704613612419176,1.3365636870440833,0.74387615317551,0.023451877441597047,0.733725448732621,1.3964330748546494,0.6136821190233075,-1.3936048653586295,-0.7416895901251126,,1.4198849522962464,0.733725448732621,2.1536104010288675,0.0
default,0,9,0,2bdde52c6bb6e994a3f0d7c441ff03c743b87486b9efafb8c87e3d9aefd1bf30,2.9327798942558507,0.03681632072445361,0.16602541276888694,2.7577897737202575,0.06505029109688953,1.16661226612908,1.217697083772943,0.7843464329876095,0.7777491077487309,0.02078074326232926,1.9592599227091974,0.16602541276888694,-2.3199432614119413,-0.7836622303808016,,2.737009030457928,0.02078074326232926,2.7577897737202575,0.0
default,0,9,1,010aa30e51836eeb1d0b2f3c13fdad4d158ec9cd81af62b9fe181df4c7aef7c4,2.006934014256861,0.0163755558408942,0.16395044537701864,1.7709353920571012,0.03378846494952903,0.7483953027956831,1.2938831356539229,0.24180073567054983,0.238549779725862,0.0029276866976775118,1.5294579256335616,0.16395044537701864,-2.0108512000637795,-0.2394395091068473,,1.7680077053594236,0.0029276866976775118,1.7709353920571012,0.0
default,0,9,2,a4040649f24d949a9daac8111c269e4d1a5257c969fae12fa7c69d0df9dbb2a3,3.2064036075880034,0.05217750049531833,-1.418781696965194,4.461435857446723,0.12557181209528245,1.8540093166286398,0.7905292347188402,2.176054887126777,2.5760097274724556,0.041742446552255785,1.8436836834220114,-1.418781696965194,-1.8410315075481516,-2.8539901188308225,,4.419693410894467,0.041742446552255785,4.461435857446723,0.0
default,0,9,3,f554c10b3a6ea3aad3da67bdd8822e211e5b121bc19cccf58079def91c367dd6,3.069103159606882,0.009979792720718222,-0.596979241334398,3.6341947018885365,0.1064084771377436,1.179021657058649,1.3740357217775423,1.3198881907759983,2.3962991224948906,0.0731411491745444,1.1647544302191015,-0.596979241334398,-1.176772758872486,-2.58976433360196,,3.561053552713992,0.0731411491745444,3.6341947018885365,0.0
default,0,9,4,efeb704908aab4b37f9eb437d7027df36470cc446a4008dae4aeb97dab9705a9,2.6162933952020375,0.0255694099145527,-0.00737124204658457,2.5883400031030828,0.09360162559360563,0.3800515121175594,1.570431321053365,0.6233570795288315,0.29284989103616743,0.4610110971845707,1.8344790148823449,-0.00737124204658457,-1.8523148512961398,-0.6279234358100103,,2.127328905918512,0.4610110971845707,2.5883400031030828,0.0
default,0,9,5,e026480bfdede18b0cad8aa9a8396507da1a7d4e1d8f8b035f580d6cf1dfb08c,3.3309433965064503,0.03194380478663339,-1.17312273877622,4.34178896667151,0.08458630182240334,1.7906182579464693,0.8448821070796,1.923512734011119,2.5835338678506496,0.016145086876646175,1.7421100119442143,-1.17312273877622,-1.7825370897664368,-2.6918897074483485,,4.325643879794864,0.016145086876646175,4.34178896667151,0.0
default,0,9,6,aa52b477675f028f7f05585d6e76d7c1e052216fc5ff0c12d5b19191dbb9f848,3.9079999059453847,0.003813909700674606,-1.397806620430595,5.049198661247502,0.21445816017709696,2.198391067769469,0.735960658650384,2.2517117750287547,2.6862909992627326,0.18726858755965914,2.1756390744251095,-1.397806620430595,-2.196725025441846,-2.774880315829665,,4.861930073687843,0.18726858755965914,5.049198661247502,0.0
default,0,9,7,0193a206e04983fbfc2b0b7090a2206526ec6d42519b69d1a4291436c936eec5,4.210202990127739,0.10786891342600158,-1.372156722926869,5.604052143482827,0.0492553162533409,1.7831353856021046,1.1846371793392043,2.5665594816255446,1.7953501930703042,0.8912123715689408,2.917489578843582,-1.372156722926869,-2.9252795254385515,-2.559797204874961,,4.712839771913886,0.8912123715689408,5.604052143482827,0.0
default,0,9,8,61d4cf29a73d0fbebcfd1d461184e2ae14c4900d005b36c4d18f6b61215564be,2.9894137186408667,0.00934270727716946,0.4061240300019682,2.441307397466459,0.07851377223629719,0.9164171345785794,0.7199536903435027,1.017287141730054,1.4723762107485967,0.05590737791820599,0.9130238087996565,0.4061240300019682,-0.9097588347873382,-1.6653853596285006,,2.3854000195482534,0.05590737791820599,2.4413073974664594,4.440892098500626e-16
default,0,9,9,794bd6f53d04e380a07ad3b23a7b78a7204d02f669ee999f3c58aefed46e047b,2.960211719656465,0.056040017846485934,1.19077523497109,1.5882485480179533,0.13049363938790304,0.0887226017854772,1.3957883589172548,0.18884041604678714,0.10428671197732164,0.13991963049569955,1.3440422055449321,1.19077523497109,-1.3726134700897152,-0.1702442672719009,,1.4483289175222538,0.13991963049569955,1.5882485480179533,0.0
default,0,10,0,2bdde52c6bb6e994a3f0d7c441ff03c743b87486b9efafb8c87e3d9aefd1bf30,3.628942377548407,0.053615972012043184,-1.6936084752931873,5.089996828100627,0.2322751556397944,2.202268226007459,1.6739220630380127,1.7870428797766706,1.679974444255651,0.10680339438573494,3.303218989459241,-1.6936084752931873,-3.645230965274437,-1.7857270479079106,,4.9831934337148915,0.10680339438573494,5.0899968281006265,-8.881784197001252e-16
default,0,10,1,010aa30e51836eeb1d0b2f3c13fdad4d158ec9cd81af62b9fe181df4c7aef7c4,3.683358757787175,0.05535781839348475,-1.5426031042483217,5.007637428760463,0.044835983139417834,1.7548948629889365,1.8471868487666163,1.7215038815834416,1.5601043027400434,0.16194867123298806,3.285584454787431,-1.5426031042483217,-3.558200937228036,-1.7205486729715407,,4.8456887575274745,0.16194867123298806,5.007637428760463,0.0
default,0,10,2,a4040649f24d949a9daac8111c269e4d1a5257c969fae12fa7c69d0df9dbb2a3,3.4032830307156026,0.0568358700241986,-1.4881349857723256,4.590181732822964,0.3346347589509415,2.343735871048879,0.8166410680054799,1.8726711661837963,1.8735866170859201,0.37760121258810564,2.338993903148938,-1.4881349857723256,-2.8247394810415725,-1.873673865245641,,4.212580520234859,0.37760121258810564,4.590181732822964,0.0
default,0,10,3,f554c10b3a6ea3aad3da67bdd8822e211e5b121bc19cccf58079def91c367dd6,3.731881868307382,0.030006449071174834,-0.23669492836396255,3.9288650156301106,0.08323800767928824,0.2925114435896874,1.8267941984019314,1.881957132560346,0.30462826119631714,1.5925679574673723,2.031668796966421,-0.23669492836396255,-2.0355424011774104,-1.8824823656952658,,2.3362970581627382,1.5925679574673723,3.9288650156301106,0.0
default,0,10,4,efeb704908aab4b37f9eb437d7027df36470cc446a4008dae4aeb97dab9705a9,3.7772143332023362,0.007144506228215386,-1.2063880390352963,4.748264843592394,0.08066906457281364,1.396834846644727,2.0725581492937684,1.5375561201778254,1.2467995987097127,0.2541488582158178,3.2473163866668635,-1.2063880390352963,-3.389016470949457,-1.53726358059405,,4.494115985376576,0.2541488582158178,4.748264843592393,-8.881784197001252e-16
default,0,10,5,e026480bfdede18b0cad8aa9a8396507da1a7d4e1d8f8b035f580d6cf1dfb08c,3.5760271907991386,0.08103630826454261,-1.3895777825669775,4.875803331121615,0.11453269914451347,1.6309901443800632,1.5950546318126166,1.675125528325562,1.5968772168539211,0.20587231106030446,3.0730538032073893,-1.3895777825669775,-3.11101610985315,-1.6756214955205788,,4.669931020061311,0.20587231106030446,4.875803331121615,0.0
default,0,10,6,aa52b477675f028f7f05585d6e76d7c1e052216fc5ff0c12d5b19191dbb9f848,3.763299473414574,0.16661330854121026,-0.6596245918251498,4.267662391107209,0.12827171044818697,0.7500401342048613,2.401276447785648,1.2504812318706908,0.6735175619621838,0.6632748340409242,2.9308699951041013,-0.6596245918251498,-3.0138998576038976,-1.2596262458091154,,3.604387557066285,0.6632748340409242,4.267662391107209,0.0
default,0,10,7,0193a206e04983fbfc2b0b7090a2206526ec6d42519b69d1a4291436c936eec5,4.756866560099663,0.14488015400903143,-2.22194176226942,7.193316651690683,0.007297336165452251,2.6167357391400725,1.1128691200875398,3.3282807948327675,2.6074595611790046,0.879077053300835,3.706780037210844,-2.22194176226942,-3.717890635732699,-3.3326976821622285,,6.3142395983898485,0.879077053300835,7.193316651690683,0.0
default,0,10,8,61d4cf29a73d0fbebcfd1d461184e2ae14c4900d005b36c4d18f6b61215564be,3.814019592758854,0.036741230812108144,-2.3259446605957104,6.192747805832354,0.06473384357991296,2.773213247392246,0.9554094551679304,2.4444594682642964,3.2227791746524983,0.6001788942057655,2.3697897369740906,-2.3259446605957104,-2.7783832274843343,-3.3299650997602255,,5.592568911626589,0.6001788942057655,6.192747805832354,0.0
default,0,10,9,794bd6f53d04e380a07ad3b23a7b78a7204d02f669ee999f3c58aefed46e047b,4.008905319517,0.05467904473224583,-1.8882821082912447,5.708837457311959,0.2121707316310122,2.3414333822280264,1.2601954842005418,2.3633224949645086,3.2740916163487097,0.2751444265806331,2.159601414382616,-1.8882821082912447,-2.337709430272055,-3.415071199490009,,5.433693030731326,0.2751444265806331,5.708837457311959,0.0
default,0,11,0,2bdde52c6bb6e994a3f0d7c441ff03c743b87486b9efafb8c87e3d9aefd1bf30,3.733858055362779,0.012424644457959266,-0.6392541670702103,4.360915626193198,0.0635822330470246,1.0898281840418775,1.4031692726628755,1.8968270275596126,1.0854958789233153,0.848036153541968,2.4273835937279147,-0.6392541670702103,-2.4295924340012753,-1.8966498172160655,,3.51287947265123,0.848036153541968,4.360915626193198,0.0
default,0,11,1,010aa30e51836eeb1d0b2f3c13fdad4d158ec9cd81af62b9fe181df4c7aef7c4,3.140608704521699,0.029774904717682515,-1.200577975752779,4.163135988554372,0.12085671718113433,1.7224695707454576,1.6907204568916137,1.244575042578307,1.224624905621868,0.1271484433968042,2.8113626395357,-1.200577975752779,-3.2949788101931183,-1.241929542841126,,4.0359875451575675,0.1271484433968042,4.163135988554371,-8.881784197001252e-16
default,0,11,2,a4040649f24d949a9daac8111c269e4d1a5257c969fae12fa7c69d0df9dbb2a3,3.730240456560501,0.036254848276360385,0.6332493945536166,2.944904935623552,0.16066383800314188,0.12023416415902233,2.276678664490688,0.5645723615967948,0.11619977478515264,0.590033873888471,2.2386712869499283,0.6332493945536166,-2.2439229958486755,-0.5568983563946875,,2.354871061735081,0.590033873888471,2.944904935623552,0.0
default,0,11,3,f554c10b3a6ea3aad3da67bdd8822e211e5b121bc19cccf58079def91c367dd6,3.821900828203241,0.0716610034628179,0.480013659083145,3.0450514525162657,0.3970772769088423,0.07621882383594292,2.6270779227408974,0.3852972081741224,0.10530833251822092,0.6576244364616737,2.282118683536371,0.480013659083145,-2.3062194696679974,-0.38529720817412294,,2.387427016054592,0.6576244364616737,3.0450514525162657,0.0
default,0,11,4,efeb704908aab4b37f9eb437d7027df36470cc446a4008dae4aeb97dab9705a9,3.6547808757696103,0.01212482965875153,-0.08252664483351246,3.5753907277396295,0.2264680540254731,1.3270309490470447,1.8184939206456427,0.5417546228736239,2.133850474293123,0.8484016481861911,0.5931386052603158,-0.08252664483351246,-1.3269609642477156,-2.133850474293123,,2.7269890795534386,0.8484016481861911,3.57539072773963,4.440892098500626e-16
default,0,11,5,e026480bfdede18b0cad8aa9a8396507da1a7d4e1d8f8b035f580d6cf1dfb08c,3.5452622591009364,0.06794897984989678,-0.7253715544810797,4.45697572929414,0.047940896538730016,0.7432596931038273,2.4039173810595034,1.1508321322121753,0.7385992304335764,0.6446055965524087,3.073770902308154,-0.7253715544810797,-3.097603250690022,-1.1524650591467536,,3.8123701327417305,0.6446055965524087,4.45697572929414,0.0
default,0,11,6,aa52b477675f028f7f05585d6e76d7c1e052216fc5ff0c12d5b19191dbb9f848,4.161496374012929,0.021787215889005118,-0.8141347486774642,4.297840895917929,0.7344413851306584,1.030288691944253,2.232968047720417,1.1137941182280517,2.5260295011507514,0.7678154397802328,1.0039959549869448,-0.8141347486774642,-1.0307963349200597,-2.6118131378420038,,3.5300254561376962,0.7678154397802328,4.297840895917929,0.0
default,0,11,7,0193a206e04983fbfc2b0b7090a2206526ec6d42519b69d1a4291436c936eec5,3.476424868414295,0.02739783784201455,-0.06938729357933937,3.5707540494867476,0.04305247809383972,0.13625468104896266,2.561424634050301,0.8719457214319322,0.11317934414225528,0.8245138510724512,2.633060854272041,-0.06938729357933937,-2.6532160140181538,-0.8733565444192022,,2.7462401984142963,0.8245138510724512,3.5707540494867476,0.0
default,0,11,8,61d4cf29a73d0fbebcfd1d461184e2ae14c4900d005b36c4d18f6b61215564be,4.162388128641863,0.004831203154077493,-0.04368646146280586,4.132791852093284,0.14330069657048172,1.7640749320262077,2.3009575250642658,0.1987673962734866,2.3505479323424625,1.5827798867266272,0.1994640330241939,-0.04368646146280586,-1.7644801748751888,-2.356018981918289,,2.5500119653666564,1.5827798867266272,4.132791852093284,0.0
default,0,11,9,794bd6f53d04e380a07ad3b23a7b78a7204d02f669ee999f3c58aefed46e047b,3.682748463294665,0.011361587043486887,0.4874038156527467,3.0733048042501623,0.15523238545578177,0.2618745976607597,2.2962523367283847,0.5301115645985179,0.2538753895471775,0.4478416912733496,2.371587723429635,0.4874038156527467,-2.4036380631621745,-0.529368050369706,,2.6254631129768127,0.4478416912733496,3.0733048042501623,0.0
default,0,12,0,2bdde52c6bb6e994a3f0d7c441ff03c743b87486b9efafb8c87e3d9aefd1bf30,4.27492907599964,0.004650565478143284,-1.2510007412198316,5.4149762436765805,0.20083614596413746,1.3403795778351388,1.8508628387896056,2.3306582252462347,1.337164666681002,1.092025361680577,2.985786215315001,-1.2510007412198316,-2.990053825922545,-2.3310106699842965,,4.322950881996003,1.092025361680577,5.4149762436765805,0.0
default,0,12,1,010aa30e51836eeb1d0b2f3c13fdad4d158ec9cd81af62b9fe181df4c7aef7c4,4.22140572540906,0.0032960373655588904,-1.1058115174089869,5.310741282768116,0.08141591973391549,2.512274454806087,1.4478729142881779,1.3782863843290913,2.7462835623590958,1.18913187938914,1.37532584101988,-1.1058115174089869,-2.5085582934537927,-2.7484595402356478,,4.121609403378976,1.18913187938914,5.310741282768116,0.0
default,0,12,2,a4040649f24d949a9daac8111c269e4d1a5257c969fae12fa7c69d0df9dbb2a3,3.9182501595554333,0.03435178924019078,-1.6355194737147078,5.597557927724184,0.020639400085347148,2.4984913516383935,0.700301668227266,2.3524963345427476,3.0234424700480593,0.23604572810193325,2.338069729574191,-1.6355194737147078,-2.4976826374682783,-3.0329673168547817,,5.361512199622251,0.23604572810193325,5.597557927724184,0.0
default,0,12,3,f554c10b3a6ea3aad3da67bdd8822e211e5b121bc19cccf58079def91c367dd6,3.582814217381558,0.07693648779913977,0.09342150962786988,3.3910004613292677,0.1318317343345181,0.36019687658682775,2.435398683369546,0.6793391139944278,0.3540268643447111,0.3912304932906845,2.645743103693872,0.09342150962786988,-2.667400656960795,-0.6757022826554886,,2.999769968038583,0.3912304932906845,3.3910004613292677,0.0
default,0,12,4,efeb704908aab4b37f9eb437d7027df36470cc446a4008dae4aeb97dab9705a9,4.091399423240827,0.0763651822897706,-0.7384183286265227,4.86084556558817,0.05666592244114366,0.8624921149556006,2.225618050411385,1.7552916321278271,0.8521311146660122,0.9959310997121178,3.0127833512100404,-0.7384183286265227,-3.0352584750411893,-1.7514774000124804,,3.8649144658760526,0.9959310997121178,4.86084556558817,0.0
default,0,12,5,e026480bfdede18b0cad8aa9a8396507da1a7d4e1d8f8b035f580d6cf1dfb08c,2.104446565565669,0.0836294721623736,-1.127186444620654,3.183314591444265,0.057631106682491495,1.4040394742455264,0.3988233976058315,2.1362571877434355,1.7596085072499497,0.009572678791496703,1.4141334054028185,-1.127186444620654,-1.4065281059693915,-2.4749608469429103,,3.173741912652768,0.009572678791496703,3.183314591444265,0.0
default,0,12,6,aa52b477675f028f7f05585d6e76d7c1e052216fc5ff0c12d5b19191dbb9f848,3.1982360404624908,0.026292270393575096,-0.7908231935550392,3.872426494233045,0.08174998147596413,1.2016587288171583,1.0917885900766024,1.5847338754935576,1.2414014297946872,0.4101328930999726,2.2208921713383853,-0.7908231935550392,-2.2153417182172226,-1.5810894946941316,,3.4622936011330725,0.4101328930999726,3.872426494233045,0.0
default,0,12,7,0193a206e04983fbfc2b0b7090a2206526ec6d42519b69d1a4291436c936eec5,3.833592615921071,0.14719423243558827,0.2739310631974021,3.526229419196622,0.1506765632932383,-0.1796229479169953,2.9594788509513337,0.7932729385454449,-0.16287774996283755,1.0568518526287494,2.6322553165307103,0.2739310631974021,-2.636676109956358,-0.7857761683301872,,2.4693775665678728,1.0568518526287494,3.526229419196622,0.0
default,0,12,8,61d4cf29a73d0fbebcfd1d461184e2ae14c4900d005b36c4d18f6b61215564be,2.9062789130823186,0.016026962529389177,-1.859524403127911,4.6047521444442765,0.012970593301173672,2.1991996066572037,0.2643298686233253,2.387083277416678,2.4310924282293636,0.014284881236927394,2.159374834977986,-1.859524403127911,-2.198381056766225,-2.639261102629809,,4.5904672632073495,0.014284881236927394,4.6047521444442765,0.0
default,0,12,9,794bd6f53d04e380a07ad3b23a7b78a7204d02f669ee999f3c58aefed46e047b,2.9253036555914314,0.04861548936998533,-1.6757539610895273,4.528594799736201,0.018915824384676316,2.3809925448629308,0.35841077453049053,2.088452284780218,2.0735654743228196,0.021678966810912303,2.4333503586024685,-1.6757539610895273,-2.720800956690633,-2.0881388230983293,,4.506915832925288,0.021678966810912303,4.528594799736201,0.0
default,0,13,0,2bdde52c6bb6e994a3f0d7c441ff03c743b87486b9efafb8c87e3d9aefd1bf30,3.866020581678113,0.055017856206463295,-2.6512864672518255,6.422854061738299,0.10206136888827055,3.091285362391301,0.9295424374426005,2.748063233889288,2.740738753862407,0.10077163625627117,3.5813436716196207,-2.6512864672518255,-3.917628158028348,-2.749201506806571,,6.322082425482028,0.10077163625627117,6.422854061738299,0.0
default,0,13,1,010aa30e51836eeb1d0b2f3c13fdad4d158ec9cd81af62b9fe181df4c7aef7c4,4.577302638871534,0.0443644211009009,-1.959175899163812,6.393372626805945,0.21112728813527948,2.4027459141629786,1.2292055626385627,2.8201447560518433,2.3553019982471937,0.6212416147428592,3.4168290138158923,-1.959175899163812,-3.420824188666262,-2.8201447560518433,,5.772131012063086,0.6212416147428592,6.393372626805945,0.0
default,0,13,2,a4040649f24d949a9daac8111c269e4d1a5257c969fae12fa7c69d0df9dbb2a3,3.866316751950867,0.034793770968119045,-1.7015505484397426,5.507798739617676,0.05199288752960474,1.9808763716201976,1.081818784156022,2.47402641579644,1.9838260981686386,0.5169219037222241,3.007050737726813,-1.7015505484397426,-3.010726608158041,-2.474002075885014,,4.990876835895452,0.5169219037222241,5.507798739617676,0.0
default,0,13,3,f554c10b3a6ea3aad3da67bdd8822e211e5b121bc19cccf58079def91c367dd6,3.7694222775730215,0.010767560952834071,-1.9641061897144763,5.733785824467824,0.07028880815756855,2.0358392566370718,1.4434964363273757,2.301322515859211,1.9931675214600273,0.42991889043760434,3.3106994125701923,-1.9641061897144763,-3.4090468848068785,-2.3013225158592117,,5.30386693403022,0.42991889043760434,5.733785824467824,0.0
default,0,13,4,efeb704908aab4b37f9eb437d7027df36470cc446a4008dae4aeb97dab9705a9,4.5890724177194935,0.031382472081376234,-1.92835381219259,6.402920254316392,0.2331487167258901,2.313578770641659,1.375397884254241,2.8093821723593706,2.266056729692555,0.6879084305066976,3.4489550941171396,-1.92835381219259,-3.4552206344600593,-2.8099894760693207,,5.715011823809695,0.6879084305066976,6.402920254316392,0.0
default,0,13,5,e026480bfdede18b0cad8aa9a8396507da1a7d4e1d8f8b035f580d6cf1dfb08c,3.8412115916071006,0.02306000760170107,-0.15669798608559482,3.8073084696883677,0.24599063185576675,0.6017082787693475,2.613351359381423,0.7154326239136091,0.5280833396466869,0.3534559899917986,2.925769140049882,-0.15669798608559482,-2.9726794769147937,-0.7118221532938191,,3.453852479696569,0.3534559899917986,3.8073084696883677,0.0
default,0,13,6,aa52b477675f028f7f05585d6e76d7c1e052216fc5ff0c12d5b19191dbb9f848,3.807034526890458,0.035801758512112036,-3.4454131666029735,7.269200901304532,0.11392534578671487,4.013777629397621,0.22998108687233465,3.515748729274378,3.552247118494696,0.1349345067906622,3.5820192760191736,-3.4454131666029735,-4.074758733427612,-3.570823366330007,,7.13426639451387,0.1349345067906622,7.269200901304532,0.0
default,0,13,7,0193a206e04983fbfc2b0b7090a2206526ec6d42519b69d1a4291436c936eec5,3.454960792823573,0.006683261863926981,-2.4499534284235,5.819790322091194,0.07087811595890203,2.7045116033606913,0.2606496307647901,3.355228915088243,2.7028523346929108,0.22105272307715707,2.8958852643211257,-2.4499534284235,-2.8928207682819638,-3.356691264972858,,5.5987375990140364,0.22105272307715707,5.819790322091194,0.0
default,0,13,8,61d4cf29a73d0fbebcfd1d461184e2ae14c4900d005b36c4d18f6b61215564be,3.9846324410986025,0.0038742493829919677,-2.8689553311029634,6.792833034213816,0.2278440237616075,3.2605427862460297,0.32557750079235204,3.429542172813936,3.2616701475996375,0.25841397295304436,3.2727489136611334,-2.8689553311029634,-3.2809540441825966,-3.5068643919081137,,6.53441906126077,0.25841397295304436,6.792833034213815,-8.881784197001252e-16
default,0,13,9,794bd6f53d04e380a07ad3b23a7b78a7204d02f669ee999f3c58aefed46e047b,3.1634929834488315,0.005288424621656032,-1.860482525509144,4.979211469344275,0.09207474434249185,2.3906094401890026,0.6132479741358869,2.1932669119436556,2.165534810280671,0.04700363096575133,2.766673028097853,-1.860482525509144,-2.9128629476059587,-2.1921866343200946,,4.932207838378524,0.04700363096575133,4.979211469344275,0.0
default,0,14,0,2bdde52c6bb6e994a3f0d7c441ff03c743b87486b9efafb8c87e3d9aefd1bf30,2.690670913503853,0.037794363523309824,0.143327082668268,2.5063418708015623,0.029399460576198244,0.38840430664497827,0.8834244100226918,2.157865496221102,0.41351949823917344,0.8500854442606656,1.2427369283017233,0.143327082668268,-1.2426631203348568,-2.1576316319777167,,1.6562564265408968,0.8500854442606656,2.5063418708015623,0.0
default,0,14,1,010aa30e51836eeb1d0b2f3c13fdad4d158ec9cd81af62b9fe181df4c7aef7c4,3.1393228973793463,0.031882574311303175,-0.1549940863437982,3.1671735410790314,0.1353731454103766,0.7024324177128096,1.217481950251055,1.3162438672798493,0.7287837822880854,0.6682876949831429,1.7701020638078029,-0.1549940863437982,-1.7846582155619957,-1.3161268742713417,,2.498885846095888,0.6682876949831429,3.167173541079031,-4.440892098500626e-16
default,0,14,2,a4040649f24d949a9daac8111c269e4d1a5257c969fae12fa7c69d0df9dbb2a3,2.9243808184199582,0.041210741572157844,-1.3175495662302765,4.216120302449811,0.07302409506160012,1.6735094874899539,0.5024267555185107,2.1173252867676746,1.661845887797714,0.455548457134626,2.0987259575174706,-1.3175495662302765,-2.102912147946864,-2.1173252867676746,,3.7605718453151846,0.455548457134626,4.216120302449811,0.0
default,0,14,3,f554c10b3a6ea3aad3da67bdd8822e211e5b121bc19cccf58079def91c367dd6,3.1844733395819027,0.001861165710110524,-0.757233797679695,3.8900352377886254,0.05096735104379424,1.1284939866966692,0.8818672953810349,1.9734003969085778,1.1306773737978475,0.800679142351874,1.9586787216389037,-0.757233797679695,-1.9593616886148204,-1.9734326393276669,,3.0893560954367514,0.800679142351874,3.8900352377886254,0.0
default,0,14,4,efeb704908aab4b37f9eb437d7027df36470cc446a4008dae4aeb97dab9705a9,2.685626755834811,0.001956155794663128,-0.10737421795484092,2.734273659124006,0.061966920039840945,0.3375760538924699,1.06860293824294,1.4235879397084963,0.39875632998563026,0.9940590520329577,1.341458277105418,-0.10737421795484092,-1.3442120720955686,-1.4235879397084967,,1.7402146070910482,0.9940590520329577,2.734273659124006,0.0
default,0,14,5,e026480bfdede18b0cad8aa9a8396507da1a7d4e1d8f8b035f580d6cf1dfb08c,2.6283034245455124,0.07103067343201502,0.8627286443428606,1.7538393474733274,0.04418264562126195,-0.2796015425947438,2.06671053344689,0.0,-0.35665774046857224,0.38974886428317435,1.7207482236587253,0.8627286443428606,-1.742926345230884,0.0,,1.364090483190153,0.38974886428317435,1.7538393474733274,0.0
default,0,14,6,aa52b477675f028f7f05585d6e76d7c1e052216fc5ff0c12d5b19191dbb9f848,3.1623684652348465,0.04523489244930723,-0.6380947588956403,3.789148908748152,0.021534184893772235,0.972675656365285,0.9386352696209062,2.1498186556551304,0.9794655424551906,0.9197751342195137,1.8899082320734475,-0.6380947588956403,-1.890548179277898,-2.1490472174696507,,2.869373774528638,0.9197751342195137,3.789148908748152,0.0
default,0,14,7,0193a206e04983fbfc2b0b7090a2206526ec6d42519b69d1a4291436c936eec5,2.978921126911441,0.056398132073277554,0.22210719008267965,2.6198617745172506,0.06337817588176375,0.8468178206200898,1.1861503394998223,0.6861400863061746,0.6697035268550371,0.06556325151459141,1.884594996147622,0.22210719008267965,-1.9780536260154482,-0.677676444528875,,2.554298523002659,0.06556325151459141,2.6198617745172506,0.0
default,0,14,8,61d4cf29a73d0fbebcfd1d461184e2ae14c4900d005b36c4d18f6b61215564be,2.6660287974405077,0.007217394169211799,-0.3538480215817499,3.00214893902933,0.04344059752943341,0.6645965003892105,0.8719053322571035,1.617002971767683,0.663047583009956,0.8461810289636045,1.4929203270557694,-0.3538480215817499,-1.4946696731499598,-1.6153945337346038,,2.1559679100657254,0.8461810289636045,3.00214893902933,0.0
default,0,14,9,794bd6f53d04e380a07ad3b23a7b78a7204d02f669ee999f3c58aefed46e047b,2.144713480126032,0.004613167106480021,0.5662464243026393,1.5112740011816943,0.035598612423192844,0.6146717850964334,0.5563158123525576,0.38360842549151775,0.3798185610771956,0.03760561598729861,1.0938498241172,0.5662464243026393,-1.1368375017866068,-0.38215990873070904,,1.4736683851943957,0.03760561598729861,1.5112740011816943,0.0
default,0,15,0,2bdde52c6bb6e994a3f0d7c441ff03c743b87486b9efafb8c87e3d9aefd1bf30,3.472172587892592,0.058659633605751764,-0.17281673910308903,3.6263599981363344,0.11940554790842783,0.2443981487534277,2.5547883685783774,0.8213745363849747,0.22242837352337919,0.7334177455373485,2.6705138790756067,-0.17281673910308903,-2.680158158925582,-0.8209973468827699,,2.892942252598986,0.7334177455373485,3.6263599981363344,0.0
default,0,15,1,010aa30e51836eeb1d0b2f3c13fdad4d158ec9cd81af62b9fe181df4c7aef7c4,3.6819790790038334,0.023384951134360232,-1.380930702750331,5.059730580187486,0.07134289624898793,1.3906715710838395,1.8930914790389757,1.7685104636755367,1.3764987761060383,0.4883370608376363,3.194894743243811,-1.380930702750331,-3.214278996161504,-1.7666516213878598,,4.571393519349849,0.4883370608376363,5.059730580187486,0.0
default,0,15,2,a4040649f24d949a9daac8111c269e4d1a5257c969fae12fa7c69d0df9dbb2a3,3.581969206718581,0.11329710732411036,-1.2784261629985654,4.811162530353826,0.20658538038909247,2.0226620831520012,1.597849065041242,1.6694195298968697,1.6254790920703397,0.0113444617430698,3.174338976540416,-1.2784261629985654,-3.4190185549436176,-1.6643267427574029,,4.799818068610756,0.0113444617430698,4.811162530353826,0.0
default,0,15,3,f554c10b3a6ea3aad3da67bdd8822e211e5b121bc19cccf58079def91c367dd6,2.4920956594390833,0.008552658275970688,-0.7122165198953727,2.8908653717907504,0.3610284712641292,1.1231015990028284,1.2068085470571144,0.809445516488194,0.7905111426271247,0.37021509013753917,1.7301391390260865,-0.7122165198953727,-1.9688816747958133,-0.809445516488194,,2.5206502816532113,0.37021509013753917,2.8908653717907504,0.0
default,0,15,4,efeb704908aab4b37f9eb437d7027df36470cc446a4008dae4aeb97dab9705a9,3.3318124615635827,0.003959077349510287,-1.228096696425303,4.516236042069167,0.07874323194799482,1.2299775012312986,1.8655102661604512,1.431636335682363,1.2246039990793482,0.30121552068692026,2.9904165223028984,-1.228096696425303,-3.016930578669731,-1.4314502924563866,,4.215020521382247,0.30121552068692026,4.516236042069167,0.0
default,0,15,5,e026480bfdede18b0cad8aa9a8396507da1a7d4e1d8f8b035f580d6cf1dfb08c,3.268049515200805,0.10692721145238893,-0.6598214940461302,3.8935160763395196,0.05275902559871071,0.664669471833133,2.0905763944000584,1.158136384705291,0.6646206284015665,0.5315505592592116,2.6973448886787414,-0.6598214940461302,-2.7046516626795745,-1.1559715626601972,,3.361965517080308,0.5315505592592116,3.8935160763395196,0.0
default,0,15,6,aa52b477675f028f7f05585d6e76d7c1e052216fc5ff0c12d5b19191dbb9f848,3.391603170068893,0.011512690229252276,0.00661016487857502,3.3870322426246924,0.06502851051377734,0.0,2.665551074558209,0.6984662957818237,-0.004697776214862781,0.8074484922705465,2.5842815265690087,0.00661016487857502,-2.601827153247848,-0.6971617065784077,,2.579583750354146,0.8074484922705465,3.3870322426246924,0.0
default,0,15,7,0193a206e04983fbfc2b0b7090a2206526ec6d42519b69d1a4291436c936eec5,3.7291489355116605,0.010894762258959356,-1.280075221586852,4.845867689313204,0.11623500734647951,2.2532550746214737,0.3901830201830818,2.4974870738671258,2.4631283816273815,0.1393455316191492,2.2433937760666733,-1.280075221586852,-2.256995260105611,-2.7676949012195906,,4.706522157694055,0.1393455316191492,4.845867689313204,0.0
default,0,15,8,61d4cf29a73d0fbebcfd1d461184e2ae14c4900d005b36c4d18f6b61215564be,3.3343801934113033,0.005331820674774196,-0.24152074086128295,3.500421151251707,0.16999754958073732,0.24314918850904998,2.5426445348820783,0.7388385707380789,0.2511961375741132,0.6571189119092931,2.5921061017683007,-0.24152074086128295,-2.6195001866477874,-0.7351345579006825,,2.843302239342414,0.6571189119092931,3.500421151251707,0.0
default,0,15,9,794bd6f53d04e380a07ad3b23a7b78a7204d02f669ee999f3c58aefed46e047b,2.9815678640123555,0.00875037075523677,-2.3057882937307363,5.201848739632936,0.17183544260679717,3.0634604212678473,0.3871879933736344,2.335832040194624,2.509172971349831,0.3337806185636718,2.3588951497194337,-2.3057882937307363,-3.0985298158086754,-2.516115196420633,,4.868068121069265,0.3337806185636718,5.201848739632936,0.0
default,0,16,0,2bdde52c6bb6e994a3f0d7c441ff03c743b87486b9efafb8c87e3d9aefd1bf30,2.4484488702006604,0.04983305763935184,-1.323320382982649,3.612275153720667,0.24180118834190578,1.5132054164465463,0.4613708953341309,1.888749817426473,1.8172251230191248,0.26878808855987746,1.526261942141665,-1.323320382982649,-1.5297734122843052,-2.091751528580939,,3.3434870651607898,0.26878808855987746,3.612275153720667,0.0
default,0,16,1,010aa30e51836eeb1d0b2f3c13fdad4d158ec9cd81af62b9fe181df4c7aef7c4,3.1475205582948087,0.02176160905848859,1.5496901605981943,1.6220934910360747,0.017682469049107308,-1.508482120784258,3.118167837069361,0.0,-1.532626762052756,1.562717005852835,1.5920032472359957,1.5496901605981943,-1.5920032472359957,0.0,,0.05937648518323968,1.562717005852835,1.6220934910360747,0.0
default,0,16,2,a4040649f24d949a9daac8111c269e4d1a5257c969fae12fa7c69d0df9dbb2a3,3.3042303030004314,0.009602834654003745,1.6538635830232944,1.6412065613814144,0.11851319410124872,-1.5085153420196817,3.184611132305233,0.0,-1.4845299606026565,1.5705156132520797,1.5552209087319913,1.6538635830232944,-1.5575825961843024,0.0,,0.07069094812933474,1.5705156132520797,1.6412065613814144,0.0
default,0,16,3,f554c10b3a6ea3aad3da67bdd8822e211e5b121bc19cccf58079def91c367dd6,3.840563936562356,0.05086635511956748,-1.3434751976407115,4.99995981051835,0.05336891013478118,1.8189064888329929,2.0615186838226327,1.3246844687634232,3.319871450904389,0.3861423439034768,1.2939460157104845,-1.3434751976407115,-1.8064858684863236,-3.345254862797944,,4.613817466614874,0.3861423439034768,4.999959810518351,8.881784197001252e-16
default,0,16,4,efeb704908aab4b37f9eb437d7027df36470cc446a4008dae4aeb97dab9705a9,2.626784774585391,0.03823311589711281,-1.4118579853333229,3.9926365533890262,0.07898185278133285,1.6745939341148464,0.3307201680492722,2.204498298552076,1.7514686916153526,0.31421747041820725,1.9269503913554662,-1.4118579853333229,-1.9263141001229127,-2.2045164478119483,,3.6784190829708185,0.31421747041820725,3.992636553389026,-4.440892098500626e-16
default,0,16,5,e026480bfdede18b0cad8aa9a8396507da1a7d4e1d8f8b035f580d6cf1dfb08c,3.8677466161992284,0.0935417234209891,-2.399874631514918,6.189503475746108,0.11090792320048593,2.836411677266609,0.9446102784636805,2.522787928441124,3.318668837855285,0.3943357106659682,2.476498927224855,-2.399874631514918,-2.848208882548082,-3.344693078422846,,5.79516776508014,0.3943357106659682,6.189503475746108,0.0
default,0,16,6,aa52b477675f028f7f05585d6e76d7c1e052216fc5ff0c12d5b19191dbb9f848,3.709476848751482,0.012920814658538171,1.2786552833671845,2.3554994311877815,0.11119773373849656,-1.2961351418877234,3.2490945614508404,0.4545173959294302,-1.2960243443351702,1.8109598120383037,1.8405639634846482,1.2786552833671845,-1.8418353778928727,-0.454443703861178,,0.544539619149478,1.8109598120383037,2.3554994311877815,0.0
default,0,16,7,0193a206e04983fbfc2b0b7090a2206526ec6d42519b69d1a4291436c936eec5,2.9855576264534616,0.007809791067752536,-1.6072595999916937,4.299397439937212,0.36553041926111884,2.3863330962199343,0.9889726338900571,1.6642718098056395,1.6637456538546302,0.3350176659033548,2.300634120179227,-1.6072595999916937,-2.993456028104318,-1.680591092550194,,3.9643797740338576,0.3350176659033548,4.299397439937213,8.881784197001252e-16
default,0,16,8,61d4cf29a73d0fbebcfd1d461184e2ae14c4900d005b36c4d18f6b61215564be,3.0465629500153923,0.0019061093160192,-0.3074313837617648,3.3883507789112874,0.1422403985906735,0.3086528815128955,2.1553623989131427,0.9318872810977346,0.2898864005882946,0.7913060125190734,2.3071583658039194,-0.3074313837617648,-2.3261780580189546,-0.9274841049141447,,2.597044766392214,0.7913060125190734,3.3883507789112874,0.0
default,0,16,9,794bd6f53d04e380a07ad3b23a7b78a7204d02f669ee999f3c58aefed46e047b,4.698883021114035,0.004513604703222596,-2.3595064502788095,6.8004094496000125,0.3691959319877225,3.0415239114248167,1.0037718507834326,3.1265811592792367,2.93238421753883,0.5595762520474494,3.3084489800137327,-2.3595064502788095,-3.617405096502772,-3.1852758929969918,,6.240833197552563,0.5595762520474494,6.8004094496000125,0.0
default,0,17,0,2bdde52c6bb6e994a3f0d7c441ff03c743b87486b9efafb8c87e3d9aefd1bf30,2.8159387720933338,0.0050134138937673045,-2.5352377619836144,5.329544671309359,-0.0019406993736308387,3.1843692859331445,0.23189071823370488,2.570105438559212,2.5729047159490204,0.02318827325802575,2.7334516821023125,-2.5352377619836144,-3.4092272079312056,-2.5790789341684865,,5.306356398051333,0.02318827325802575,5.329544671309359,0.0
default,0,17,1,010aa30e51836eeb1d0b2f3c13fdad4d158ec9cd81af62b9fe181df4c7aef7c4,3.9033155919516105,0.11409267779330706,-2.787248963228663,6.610081888407574,0.17049390645051554,3.0923866023967657,0.9886644882523719,2.8854499097558617,2.849257652993579,0.1344039449785619,3.626420290435433,-2.787248963228663,-3.903927944361848,-2.892079149592636,,6.475677943429012,0.1344039449785619,6.610081888407574,0.0
default,0,17,2,a4040649f24d949a9daac8111c269e4d1a5257c969fae12fa7c69d0df9dbb2a3,4.139112975677342,0.10553645576575171,-1.1263532806511067,4.672728357085091,0.6156748639734662,2.2407444818719044,1.0984076175304365,1.7743150561104977,1.761446543588632,0.6063908696898563,2.304890943806602,-1.1263532806511067,-2.7231584310404493,-1.7746338604989227,,4.066337487395234,0.6063908696898563,4.672728357085091,0.0
default,0,17,3,f554c10b3a6ea3aad3da67bdd8822e211e5b121bc19cccf58079def91c367dd6,4.247502257623094,0.0015645327963859645,-0.597240926552125,4.836271045786494,0.03066554472509564,1.2089582787197566,1.3740507462203042,2.2217345312137526,1.1835072553827586,1.1150717537678922,2.5376920366358426,-0.597240926552125,-2.5639225820140163,-2.210155429414701,,3.7211992920186012,1.1150717537678922,4.836271045786494,0.0
default,0,17,4,efeb704908aab4b37f9eb437d7027df36470cc446a4008dae4aeb97dab9705a9,4.191757453952771,0.02218438672065612,-0.6551987931574983,4.590030322314512,0.27011697486869535,0.6437411318957156,2.771689309000676,1.38174819590026,0.6406905186154934,0.8253957925058111,3.123944011193207,-0.6551987931574983,-3.149197933642408,-1.3778637282855484,,3.7646345298087005,0.8253957925058111,4.590030322314512,0.0
default,0,17,5,e026480bfdede18b0cad8aa9a8396507da1a7d4e1d8f8b035f580d6cf1dfb08c,3.5124389172546255,0.07071071168333054,-1.8963630149292117,5.379048011633027,0.10587116499105331,2.0482472030225187,1.4820985316808724,2.024060700092805,1.9007133355526438,0.17236519430861907,3.305969481771764,-1.8963630149292117,-3.4131371076817008,-2.0353981621234416,,5.206682817324408,0.17236519430861907,5.379048011633027,0.0
default,0,17,6,aa52b477675f028f7f05585d6e76d7c1e052216fc5ff0c12d5b19191dbb9f848,4.072390102253252,0.009440653495851298,-1.3166203115338426,5.159836404087599,0.2191384288498961,2.4345001506327275,1.1206632027529388,2.0389551266006443,2.033678582460936,0.21023368108277474,2.915924140543889,-1.3166203115338426,-3.3368217465890124,-2.0381583045474017,,4.9496027230048245,0.21023368108277474,5.159836404087599,0.0
default,0,17,7,0193a206e04983fbfc2b0b7090a2206526ec6d42519b69d1a4291436c936eec5,3.6097666968598214,0.10368255039375701,-1.0349247538742814,4.611816652230824,0.07278626289403389,1.3564286026652534,1.4496798249498073,1.8494273589809247,1.3106719278280063,0.5702363494841478,2.7309083749186702,-1.0349247538742814,-2.733242266937038,-1.8495072567649133,,4.041580302746676,0.5702363494841478,4.611816652230824,0.0
default,0,17,8,61d4cf29a73d0fbebcfd1d461184e2ae14c4900d005b36c4d18f6b61215564be,4.343385044780486,0.009760498998884065,-1.8540646522661453,6.005064053653612,0.15131085910317266,2.575160734891923,0.673494004021272,2.7737308968469265,2.534386743008509,0.3727262514548024,3.097951059190301,-1.8540646522661453,-3.097951059190301,-2.7731237174666483,,5.63233780219881,0.3727262514548024,6.005064053653612,0.0
default,0,17,9,794bd6f53d04e380a07ad3b23a7b78a7204d02f669ee999f3c58aefed46e047b,4.187225053130982,0.14447921355525023,-2.7210109483054667,6.80132454179145,0.05354414779244632,3.370401091454896,0.4963563969483138,3.3217801120965915,3.122261341874717,0.07148997917168698,3.607573220745046,-2.7210109483054667,-3.8172437879862566,-3.3177496647210982,,6.729834562619763,0.07148997917168698,6.80132454179145,0.0
default,0,18,0,2bdde52c6bb6e994a3f0d7c441ff03c743b87486b9efafb8c87e3d9aefd1bf30,3.767444228322817,0.06333720392134132,-2.7085610975629386,6.442131396476891,0.1122620794784801,3.2849358094780023,0.3547632637609004,3.020520788757963,3.235435734173598,0.2145226146970325,2.9921730476062605,-2.7085610975629386,-3.2994572422478496,-3.248500540270536,,6.227608781779859,0.2145226146970325,6.442131396476891,0.0
default,0,18,1,010aa30e51836eeb1d0b2f3c13fdad4d158ec9cd81af62b9fe181df4c7aef7c4,4.266172097609872,0.06135740157137648,-1.5802345424476485,5.599221524867151,0.020245829836698093,2.4619889678206275,1.402774168403576,1.8814673086369909,3.2400399373336084,0.5160002533544699,1.843181334179072,-1.5802345424476485,-2.452349244512879,-3.2736353705116166,,5.083221271512681,0.5160002533544699,5.599221524867151,0.0
default,0,18,2,a4040649f24d949a9daac8111c269e4d1a5257c969fae12fa7c69d0df9dbb2a3,3.909166457326706,0.016749863573910728,-3.0514782637066986,6.771021441835411,0.06465548689984502,3.344079613492388,0.20002052045703156,3.3297438394609467,3.3092461151954624,0.14552795462448742,3.3162473720154613,-3.0514782637066986,-3.441278291641067,-3.3679101948694545,,6.625493487210924,0.14552795462448742,6.771021441835411,0.0
default,0,18,3,f554c10b3a6ea3aad3da67bdd8822e211e5b121bc19cccf58079def91c367dd6,3.8792015456015854,0.0019850757286214993,-2.242925470020406,6.141685130340258,0.10650136008017652,2.7084838327261203,0.7650400857839745,2.724004064169506,2.585007509247615,0.2946789559860026,3.2619986651066415,-2.242925470020406,-3.3643129900276287,-2.7267136325717956,,5.847006174354256,0.2946789559860026,6.141685130340258,0.0
default,0,18,4,efeb704908aab4b37f9eb437d7027df36470cc446a4008dae4aeb97dab9705a9,3.970078251753057,0.12881321254022268,-1.4353172990852858,5.370566274207267,0.019072385863231567,2.204468924831546,1.4251437833140272,1.7476559554269588,3.1536537346499576,0.46918343867873613,1.7477291008785731,-1.4353172990852858,-2.1987095344445056,-3.159486743264795,,4.901382835528531,0.46918343867873613,5.370566274207267,0.0
default,0,18,5,e026480bfdede18b0cad8aa9a8396507da1a7d4e1d8f8b035f580d6cf1dfb08c,4.085627787550961,0.07418941631433468,-1.0043301508931695,4.995711290571878,0.11844911054702711,1.4889097017479518,2.1896595218796553,1.3901496840380707,3.4001519250519996,0.23359298495297587,1.3619663805669022,-1.0043301508931695,-1.477688897287927,-3.472580899830724,,4.762118305618902,0.23359298495297587,4.995711290571878,0.0
default,0,18,6,aa52b477675f028f7f05585d6e76d7c1e052216fc5ff0c12d5b19191dbb9f848,3.535145908534843,0.01680749476854599,-1.81958989566506,5.214537641778826,0.11202528620947882,2.042736785434081,1.1852190635435509,2.1348519335108262,1.9673053978671575,0.18823911029638918,3.058993133615279,-1.81958989566506,-3.1128632642046488,-2.1379192320743305,,5.026298531482436,0.18823911029638918,5.214537641778826,0.0
default,0,18,7,0193a206e04983fbfc2b0b7090a2206526ec6d42519b69d1a4291436c936eec5,3.7882699725852182,0.0021591781361337825,-1.5638783042103972,5.21413046331906,0.1274958896354459,1.7233392405995995,1.6004160779067793,1.968561445291978,1.697381176769273,0.3503219535808175,3.1664273329689703,-1.5638783042103972,-3.196966617004965,-1.9678542571579456,,4.863808509738243,0.3503219535808175,5.21413046331906,0.0
default,0,18,8,61d4cf29a73d0fbebcfd1d461184e2ae14c4900d005b36c4d18f6b61215564be,3.646368263814166,0.04874589503911442,-1.5458454011480267,5.007790776143341,0.13524031953979576,1.8088610696464134,1.5363957052828892,1.8676154919194319,1.7061758119029613,0.1544739627242615,3.147141001516118,-1.5458454011480267,-3.2119681743016764,-1.865663773007262,,4.853316813419079,0.1544739627242615,5.007790776143341,0.0
default,0,18,9,794bd6f53d04e380a07ad3b23a7b78a7204d02f669ee999f3c58aefed46e047b,2.8826845427674574,0.1280606134586088,-1.7417972341138785,4.614625825024429,0.07659518201237336,3.9983695049372776,0.3919829241042896,1.9366182895102022,2.242333054258366,0.3630093242157475,2.009283446550316,-1.7417972341138785,-4.008621555149647,-2.2417539813897482,,4.251616500808682,0.3630093242157475,4.614625825024429,0.0
default,0,19,0,2bdde52c6bb6e994a3f0d7c441ff03c743b87486b9efafb8c87e3d9aefd1bf30,4.025174932534561,0.003782107616322722,-1.7344699893537774,5.651227373039623,0.07715578602221695,2.37767431262781,1.5426747323527987,1.8115354795261283,3.2640238191033726,0.5715847637100979,1.8156187902261527,-1.7344699893537774,-2.377466226820218,-3.277262511664303,,5.079642609329525,0.5715847637100979,5.651227373039623,0.0
default,0,19,1,010aa30e51836eeb1d0b2f3c13fdad4d158ec9cd81af62b9fe181df4c7aef7c4,4.725106402555182,0.03726296864541623,-0.8772314049286702,5.523568800689249,0.04520392568251408,1.9106651563944612,0.8931987920933326,2.7780775163439966,1.905806239365762,0.8604144472095632,2.7573481141139244,-0.8772314049286702,-2.7637792022362007,-2.7729583369130757,,4.663154353479687,0.8604144472095632,5.52356880068925,8.881784197001252e-16
default,0,19,2,a4040649f24d949a9daac8111c269e4d1a5257c969fae12fa7c69d0df9dbb2a3,2.9781999645405373,0.03860571297315557,-0.7638221381680639,3.727539943536956,0.03934409719712395,1.3879852487234006,1.1712277849664257,1.1846892274637084,2.303463200529583,0.28786559195171213,1.1362111510556607,-0.7638221381680639,-1.3879852487234006,-2.31657291523301,,3.4396743515852437,0.28786559195171213,3.727539943536956,0.0
default,0,19,3,f554c10b3a6ea3aad3da67bdd8822e211e5b121bc19cccf58079def91c367dd6,2.938158645199588,0.041863035323359776,-1.801012156379267,4.366932585163234,0.5064555702975357,1.8219559934548473,0.681139314167797,2.0957131277158427,2.0149727258731263,0.5285284758908935,1.823431383399214,-1.801012156379267,-1.8326263083754144,-2.259726556665537,,3.83840410927234,0.5285284758908935,4.366932585163234,0.0
default,0,19,4,efeb704908aab4b37f9eb437d7027df36470cc446a4008dae4aeb97dab9705a9,2.940505026189695,0.06391472656652886,-2.365654068167606,5.2383171042002745,0.061155838124279605,2.9544975238692692,0.49910806869795765,2.3911172208551417,2.3788792640088348,0.02264397688338704,2.8367938633080527,-2.365654068167606,-3.392439415858628,-2.391127559439461,,5.2156731273168875,0.02264397688338704,5.2383171042002745,0.0
default,0,19,5,e026480bfdede18b0cad8aa9a8396507da1a7d4e1d8f8b035f580d6cf1dfb08c,3.187858953879875,0.12428763564098888,-0.720703006153756,3.575759294718781,0.36186859586342823,1.249461387074049,0.9802146308297455,1.448049574171805,2.009806380930367,0.3281965797693993,1.2377563340190147,-0.720703006153756,-1.2516158718953538,-2.0642411243168173,,3.2475627149493818,0.3281965797693993,3.575759294718781,0.0
default,0,19,6,aa52b477675f028f7f05585d6e76d7c1e052216fc5ff0c12d5b19191dbb9f848,4.827235805343891,0.11924829859341343,-2.489504918159362,7.222273087098187,0.11507154971907774,3.287977804765075,1.2037208398536707,2.862649451660923,3.915534902257094,0.4446371705179377,2.862101014323155,-2.489504918159362,-3.2884495055235194,-3.950827041037071,,6.777635916580249,0.4446371705179377,7.222273087098187,0.0
default,0,19,7,0193a206e04983fbfc2b0b7090a2206526ec6d42519b69d1a4291436c936eec5,3.4620686829521126,0.08950301065960353,-1.640004731589837,4.927992320440191,0.06091286547166863,2.5560089142077533,0.1643056262612994,2.39912617034944,2.3752003669578663,0.010390846109419094,2.5424011073729065,-1.640004731589837,-2.6625374961044064,-2.395990349242418,,4.917601474330773,0.010390846109419094,4.927992320440192,8.881784197001252e-16
default,0,19,8,61d4cf29a73d0fbebcfd1d461184e2ae14c4900d005b36c4d18f6b61215564be,2.8203580261099064,0.0077266228210933485,-0.5466744023678762,3.338385632407057,0.0868733263724204,1.394491465670681,0.6742009814642969,1.2508921239022586,1.8411241181444107,0.2671935340808034,1.2300679801818433,-0.5466744023678762,-1.3901369787121056,-1.8425742659527105,,3.0711920983262537,0.2671935340808034,3.338385632407057,0.0
default,0,19,9,794bd6f53d04e380a07ad3b23a7b78a7204d02f669ee999f3c58aefed46e047b,2.958948237113789,0.011759557893404687,-0.13787156528779398,2.908883022127849,0.267334257001798,0.24902896742713754,1.716012495672076,0.9366503635444658,0.1756489654603519,1.0375616332859086,1.6956724233815887,-0.13787156528779398,-1.6965686614732123,-0.937788908168669,,1.8713213888419407,1.0375616332859086,2.908883022127849,0.0
default,0,20,0,2bdde52c6bb6e994a3f0d7c441ff03c743b87486b9efafb8c87e3d9aefd1bf30,2.459779206652464,0.05481768170335716,-1.352813171647882,3.613034724061494,0.2578778418147223,2.3791066440376585,0.32735922473283363,1.6707909453869325,1.6766066511029794,0.260268845744303,1.676159227214212,-1.352813171647882,-2.4387091102888845,-1.6806698620538183,,3.352765878317191,0.260268845744303,3.613034724061494,0.0
default,0,20,1,010aa30e51836eeb1d0b2f3c13fdad4d158ec9cd81af62b9fe181df4c7aef7c4,3.126462099015165,0.002285320714275646,-1.2892488090166747,4.304520797504621,0.13951730468073187,1.5095844110137608,1.2088835837558445,1.664910129209959,1.4666560340746848,0.26757888243115113,2.570285880998785,-1.2892488090166747,-2.578950690088874,-1.664910129209959,,4.03694191507347,0.26757888243115113,4.304520797504621,0.0
default,0,20,2,a4040649f24d949a9daac8111c269e4d1a5257c969fae12fa7c69d0df9dbb2a3,2.9908313562040565,0.0326069563195973,0.12226534847660098,2.8439959656699862,0.07179440968163497,-0.016186836833380625,2.016132351590446,0.8708275652654525,0.0,0.931480426817211,1.9125155388527753,0.12226534847660098,-1.924359206819536,-0.8746194635213467,,1.9125155388527753,0.931480426817211,2.8439959656699862,0.0
default,0,20,3,f554c10b3a6ea3aad3da67bdd8822e211e5b121bc19cccf58079def91c367dd6,2.510354266103332,0.11934801737530232,-0.644474454513726,2.914589850887539,0.1610095576194508,1.4975346937691647,0.5185654103267519,1.2802157256314444,1.2819214431945993,0.16723262244979775,1.4654357852431419,-0.644474454513726,-1.8478360826911737,-1.2874701894167364,,2.747357228437741,0.16723262244979775,2.914589850887539,0.0
default,0,20,4,efeb704908aab4b37f9eb437d7027df36470cc446a4008dae4aeb97dab9705a9,3.0185297238105258,0.015644453798171032,-1.6122773252099796,4.513233884361524,0.16128882033399927,1.8196158494089623,0.7567445579565142,1.9387824422586832,1.824403858089895,0.2871209191643205,2.4017091071073087,-1.6122773252099796,-2.4151996625149836,-1.9386543667751774,,4.226112965197204,0.2871209191643205,4.513233884361524,0.0
default,0,20,5,e026480bfdede18b0cad8aa9a8396507da1a7d4e1d8f8b035f580d6cf1dfb08c,3.1816271783295704,0.013171790519286575,0.31280231626157207,2.8143009067574525,0.0689634625808544,-0.23360089258066008,2.308279855478889,0.7633167681442221,-0.23925059743059274,1.0637026611998026,1.9898488429882426,0.31280231626157207,-2.0050989805985875,-0.763933287863009,,1.7505982455576499,1.0637026611998026,2.8143009067574525,0.0
default,0,20,6,aa52b477675f028f7f05585d6e76d7c1e052216fc5ff0c12d5b19191dbb9f848,3.1979546492942017,0.030977736723140248,1.0071172710558818,2.189603783400438,0.08137712704343736,-0.53143834008913,1.9693647921514938,0.6924217765922629,-0.6015504071194797,1.429378262591123,1.3617759279287946,1.0071172710558818,-1.359749293712452,-0.6892218078987371,,0.7602255208093149,1.429378262591123,2.189603783400438,0.0
default,0,20,7,0193a206e04983fbfc2b0b7090a2206526ec6d42519b69d1a4291436c936eec5,3.210856942246363,0.02565150751629698,-1.1073066854580231,4.229275350308714,0.09973919072706083,2.914791302256494,0.18022974927852076,2.0052766448897748,2.0144781377202405,0.17626809403523858,2.038529118553235,-1.1073066854580231,-2.9849551109390497,-2.0156033947586787,,4.053007256273475,0.17626809403523858,4.229275350308714,0.0
default,0,20,8,61d4cf29a73d0fbebcfd1d461184e2ae14c4900d005b36c4d18f6b61215564be,3.619142534326792,0.0037149956847603444,-0.6586644942929949,4.24742586483257,0.026668191100734262,2.601332498624024,0.1515102714703116,2.0657044719001423,2.064967351210453,0.043335477009343926,2.139123036612773,-0.6586644942929949,-2.7276104675920596,-2.0642685833016845,,4.204090387823226,0.043335477009343926,4.24742586483257,0.0
default,0,20,9,794bd6f53d04e380a07ad3b23a7b78a7204d02f669ee999f3c58aefed46e047b,2.89639687274205,0.055942936228751114,-0.24339660374066607,3.028390721938738,0.14736382498357914,0.6210629949892117,1.6174920087989975,0.7626071915129584,0.5548352926411844,0.38397591545187604,2.0895795138456776,-0.24339660374066607,-2.091563631049063,-0.7622347392685254,,2.644414806486862,0.38397591545187604,3.028390721938738,0.0
default,0,21,0,2bdde52c6bb6e994a3f0d7c441ff03c743b87486b9efafb8c87e3d9aefd1bf30,3.6381415294637653,0.15497146650154117,0.9292160247862737,2.6650576724792256,0.09708565917875189,-0.9260017008258403,3.307505356170428,0.3111974174465515,-0.9309124248336329,1.3134174691097207,2.282552628203138,0.9292160247862737,-2.2860624575705675,-0.30955295604182,,1.351640203369505,1.3134174691097207,2.6650576724792256,0.0
default,0,21,1,010aa30e51836eeb1d0b2f3c13fdad4d158ec9cd81af62b9fe181df4c7aef7c4,3.4965564134327036,0.009003564968109667,-0.860993385456446,4.3393441377932875,0.0411190298677111,1.1050299220519912,1.1005480536476715,2.1483435045308723,1.11560190922624,1.0593884591494676,2.16435376941758,-0.860993385456446,-2.1648583256317746,-2.1479441247310493,,3.27995567864382,1.0593884591494676,4.3393441377932875,0.0
default,0,21,2,a4040649f24d949a9daac8111c269e4d1a5257c969fae12fa7c69d0df9dbb2a3,3.0246612913477855,0.014643842143147278,-1.528428549469262,4.513545100814858,0.05727170860486819,1.5605397097074607,0.9113561508920118,2.076699396244357,1.552640085697546,0.5531284168257296,2.4077765982915826,-1.528428549469262,-2.4139268339198354,-2.077396714319126,,3.960416683989129,0.5531284168257296,4.513545100814858,0.0
default,0,21,3,f554c10b3a6ea3aad3da67bdd8822e211e5b121bc19cccf58079def91c367dd6,3.6011460182820194,0.022952251901398796,-1.7347057402772572,5.344418001650082,0.07525085613515614,1.7810871169359244,0.9684842572424026,2.725773642030578,1.7729137644779382,0.9244197762626718,2.6470844609094715,-1.7347057402772572,-2.654310369785806,-2.745783790287943,,4.41999822538741,0.9244197762626718,5.344418001650082,0.0
default,0,21,4,efeb704908aab4b37f9eb437d7027df36470cc446a4008dae4aeb97dab9705a9,4.0955983414852675,0.0312888117495016,-0.03338234309916199,4.103222655779897,0.06812406471284405,0.6404378040010656,2.0115457605833953,1.4959677247034824,0.6170229035888308,0.9000121912345169,2.5861875609565494,-0.03338234309916199,-2.587675613397682,-1.4921516111774178,,3.2032104645453803,0.9000121912345169,4.103222655779897,0.0
default,0,21,5,e026480bfdede18b0cad8aa9a8396507da1a7d4e1d8f8b035f580d6cf1dfb08c,4.485978722776208,0.0017933511185177844,-0.27081970732686234,4.696090825241972,0.10982494387451291,1.7924659380080614,1.928786006154033,0.9624720088312029,2.7772018233562266,1.020001102600189,0.8988878992855569,-0.27081970732686234,-1.792130307686525,-2.7817687014322594,,3.6760897226417835,1.020001102600189,4.696090825241972,0.0
default,0,21,6,aa52b477675f028f7f05585d6e76d7c1e052216fc5ff0c12d5b19191dbb9f848,2.524959555884952,0.015066148077625297,-2.3288935403854474,4.8567364439046585,0.0026880615657125517,3.098203785974195,0.10420080818226962,2.342552085034757,2.4217466189343804,0.086411310182541,2.3485785147877376,-2.3288935403854474,-3.1171570567392735,-2.4251115608862355,,4.7703251337221175,0.086411310182541,4.8567364439046585,0.0
default,0,21,7,0193a206e04983fbfc2b0b7090a2206526ec6d42519b69d1a4291436c936eec5,3.3783369535490206,0.012123923580672158,-1.124882296467801,4.532332898319483,0.039332217980632134,1.2351062908860828,1.0603948957974136,2.320928941096752,1.2489679640127975,1.0336840668008196,2.249680867505866,-1.124882296467801,-2.2525291634715017,-2.324568746328114,,3.4986488315186635,1.0336840668008196,4.532332898319483,0.0
default,0,21,8,61d4cf29a73d0fbebcfd1d461184e2ae14c4900d005b36c4d18f6b61215564be,3.270016128025694,0.0068986055371633714,-2.996816737444762,6.252980931958206,0.07070254022330369,3.120381265892414,0.17254946494338563,3.0799736566788085,3.025686016544836,0.1177187785601137,3.1095761368532564,-2.996816737444762,-3.2103972291964706,-3.0918046180948338,,6.135262153398092,0.1177187785601137,6.252980931958206,0.0
default,0,21,9,794bd6f53d04e380a07ad3b23a7b78a7204d02f669ee999f3c58aefed46e047b,3.695646846490311,0.02659326883101544,-0.20890294351973449,3.8389049253408176,0.07683966845175005,1.4508122896030726,2.178733218788638,0.22408720232370305,2.3270884015298163,1.308064528596657,0.20375199521434428,-0.20890294351973449,-1.4495005713015299,-2.3272924709621337,,2.5308403967441606,1.308064528596657,3.8389049253408176,0.0
default,0,22,0,2bdde52c6bb6e994a3f0d7c441ff03c743b87486b9efafb8c87e3d9aefd1bf30,2.585197470662803,0.009657870905712629,0.40208005520308543,2.1060095464682442,0.10678360605392845,0.5630134619412543,1.5883446892052397,0.2658536264223108,0.26253113759981916,0.03951342863085783,1.8039649802375672,0.40208005520308543,-2.0494748622101784,-0.26095330930469807,,2.0664961178373864,0.03951342863085783,2.1060095464682442,0.0
default,0,22,1,010aa30e51836eeb1d0b2f3c13fdad4d158ec9cd81af62b9fe181df4c7aef7c4,2.6059497216650795,0.06193637270248248,-0.7649440360983419,3.043993690502722,0.3835392662863568,1.4714906164172932,0.5279814077846658,1.1457005966963223,1.1268898627799708,0.42647555214225585,1.4906282755804956,-0.7649440360983419,-1.6029941854971046,-1.15863916911482,,2.6175181383604667,0.42647555214225585,3.0439936905027225,4.440892098500626e-16
default,0,22,2,a4040649f24d949a9daac8111c269e4d1a5257c969fae12fa7c69d0df9dbb2a3,2.830188586523589,0.0029634148653524955,-0.12076584669725143,2.7028324199047633,0.23667830063239725,1.003159258384312,0.7882283454468975,0.8967055576174876,0.7514504503477202,0.41270548303452204,1.538676486522521,-0.12076584669725143,-1.552618408281507,-0.898796452534793,,2.2901269368702413,0.41270548303452204,2.7028324199047633,0.0
default,0,22,3,f554c10b3a6ea3aad3da67bdd8822e211e5b121bc19cccf58079def91c367dd6,2.605696566119604,0.10159718774958854,-0.8588118789575034,3.46022363512867,0.04941365728101532,1.0146373032904814,1.317543860458891,1.1054251883873492,0.9991790179409215,0.19116364905538097,2.2698809681323677,-0.8588118789575034,-2.2834010322762106,-1.1047916625794958,,3.269059986073289,0.19116364905538097,3.46022363512867,0.0
default,0,22,4,efeb704908aab4b37f9eb437d7027df36470cc446a4008dae4aeb97dab9705a9,2.3535089865204477,0.04756147435699809,-0.5446531921948292,2.769019511056431,0.0367094684588416,1.1941808388654918,0.2946314333982363,1.3203520258076644,1.2278204111939068,0.08779674658957859,1.4534023532729456,-0.5446531921948292,-1.4557528968698903,-1.3167019327426606,,2.6812227644668525,0.08779674658957859,2.769019511056431,0.0
default,0,22,5,e026480bfdede18b0cad8aa9a8396507da1a7d4e1d8f8b035f580d6cf1dfb08c,3.3660071493779986,0.025576407501747556,-2.089527692483462,5.252694326711855,0.3022658300741847,2.1294008205173633,0.6487805663115367,2.9314211407933213,2.151289382762446,0.63822581108046,2.463179132868949,-2.089527692483462,-2.463686091965502,-2.943650605582535,,4.614468515631395,0.63822581108046,5.252694326711855,0.0
default,0,22,6,aa52b477675f028f7f05585d6e76d7c1e052216fc5ff0c12d5b19191dbb9f848,3.898641054776217,0.05257904195671889,-2.0727053848840242,5.779238009521817,0.24292811427243644,2.550396755934478,0.8921246077249445,2.4327028247027354,3.049655831675093,0.3860978025938433,2.343484375252882,-2.0727053848840242,-2.5535049957123745,-3.0787910783773462,,5.393140206927974,0.3860978025938433,5.779238009521817,0.0
default,0,22,7,0193a206e04983fbfc2b0b7090a2206526ec6d42519b69d1a4291436c936eec5,3.869780075785915,0.023185688840632712,0.56940186748536,3.342211844827526,0.012579876002107082,0.12795360858262628,2.4077619842457008,0.7809246337999243,0.04699998550536133,0.7723250227657674,2.5228868365563972,0.56940186748536,-2.524750037617358,-0.7793103130087861,,2.5698868220617586,0.7723250227657674,3.342211844827526,0.0
default,0,22,8,61d4cf29a73d0fbebcfd1d461184e2ae14c4900d005b36c4d18f6b61215564be,3.5595675808972205,0.08837188125205281,-0.8630150366921816,4.420267659262244,0.0872313034268708,1.2448901291602983,1.4650415408258337,1.6216031659925334,1.1822082418902629,0.619036445992108,2.619022971379873,-0.8630150366921816,-2.623559980170878,-1.6207435523809166,,3.8012312132701362,0.619036445992108,4.420267659262244,0.0
default,0,22,9,794bd6f53d04e380a07ad3b23a7b78a7204d02f669ee999f3c58aefed46e047b,4.369955060400592,0.05078195752506516,0.29121586916192754,4.045485418657261,0.029123798478673635,0.6267219062921559,1.9352613533643628,1.5014289845650866,0.6576897029038333,0.8543161694207262,2.533479546332702,0.29121586916192754,-2.5331383029057415,-1.50115014283719,,3.1911692492365353,0.8543161694207262,4.045485418657261,0.0
default,0,23,0,2bdde52c6bb6e994a3f0d7c441ff03c743b87486b9efafb8c87e3d9aefd1bf30,2.1116798425351506,0.022607076360245837,-1.5459251381690544,3.6660691288608462,0.06176811279872951,2.6727022952792128,0.3080081269920285,1.5604825217900682,1.7620742045909714,0.2689329296886007,1.635061994581274,-1.5459251381690544,-2.7106087717197473,-1.7688160595428328,,3.3971361991722455,0.2689329296886007,3.6660691288608462,0.0
default,0,23,1,010aa30e51836eeb1d0b2f3c13fdad4d158ec9cd81af62b9fe181df4c7aef7c4,4.342787588357361,0.012874066849252547,-0.5801843601735701,4.822713372689542,0.07652842930394854,1.7095621984345701,2.0731501681782873,1.0525102693886703,3.0487224935703523,0.6972752683335783,1.0767156107856115,-0.5801843601735701,-1.7095621984345701,-3.049132008263009,,4.125438104355964,0.6972752683335783,4.822713372689542,0.0
default,0,23,2,a4040649f24d949a9daac8111c269e4d1a5257c969fae12fa7c69d0df9dbb2a3,2.6590564061408477,0.03742712419416719,0.20985664779393343,2.50030850026575,0.046336215936280345,-0.16242165846145973,2.4749167973574315,0.14930162329396968,-0.14350623489228154,0.3869796301972239,2.2568351049608077,0.20985664779393343,-2.2655126909873777,-0.1499478552662834,,2.113328870068526,0.3869796301972239,2.50030850026575,0.0
default,0,23,3,f554c10b3a6ea3aad3da67bdd8822e211e5b121bc19cccf58079def91c367dd6,2.9182123718958275,0.1257250815834264,-0.37108392231138687,3.214520980368064,0.043966124007767116,0.5083582492975225,2.069668332013166,0.6808964583465063,0.44701756168140827,0.31265334406191414,2.4548500746247415,-0.37108392231138687,-2.529829603146548,-0.6851273125028794,,2.9018676363061497,0.31265334406191414,3.214520980368064,0.0
default,0,23,4,efeb704908aab4b37f9eb437d7027df36470cc446a4008dae4aeb97dab9705a9,3.019627832071335,0.1689569074467584,-1.326682413567097,4.28691984745676,0.05989784065739334,1.7498293302455186,0.9045212055522014,1.7253610314941716,2.499350425096984,0.0827770742364935,1.704792348123282,-1.326682413567097,-1.7537923953229178,-2.566021331311581,,4.204142773220266,0.0827770742364935,4.286919847456759,-8.881784197001252e-16
default,0,23,5,e026480bfdede18b0cad8aa9a8396507da1a7d4e1d8f8b035f580d6cf1dfb08c,3.1845197486492474,0.0032307383114100474,-0.9249157624544582,3.7378395704882585,0.46099936536540176,1.1973831510383959,1.8695691832388377,0.9556026722038071,0.9432773131795509,0.4138459291988541,2.3807163281098536,-0.9249157624544582,-2.6057390043516095,-0.955816636764029,,3.3239936412894044,0.4138459291988541,3.7378395704882585,0.0
default,0,23,6,aa52b477675f028f7f05585d6e76d7c1e052216fc5ff0c12d5b19191dbb9f848,3.2047993118341402,0.06202060229251111,-1.4686426753746789,4.3771205302596545,0.3052691137827521,1.693994487315014,1.0007226582320672,2.8347610213197663,2.3341697887354598,0.34895254173195767,1.6939981997922375,-1.4686426753746789,-1.6939981997922378,-3.530210853291857,,4.028167988527697,0.34895254173195767,4.3771205302596545,0.0
default,0,23,7,0193a206e04983fbfc2b0b7090a2206526ec6d42519b69d1a4291436c936eec5,4.472313544796547,0.002675487516900013,-0.7076003921063627,5.146505619944206,0.07301867459012179,1.8521796714947194,2.017633293903149,1.2809581749036187,3.2208953073313276,0.642518444826039,1.2830918677868395,-0.7076003921063627,-1.8521796714947194,-3.2255727942166454,,4.5039871751181675,0.642518444826039,5.1465056199442065,8.881784197001252e-16
default,0,23,8,61d4cf29a73d0fbebcfd1d461184e2ae14c4900d005b36c4d18f6b61215564be,3.656710495569316,0.14023104260687108,-1.5151585520438555,5.131509361015052,0.03266865847036815,2.03718219656269,1.181404171516899,1.9556101174922902,3.075315582020726,0.12165588068704203,1.9345378983072843,-1.5151585520438555,-2.0382352331746896,-3.103292593926822,,5.00985348032801,0.12165588068704203,5.131509361015052,0.0
default,0,23,9,794bd6f53d04e380a07ad3b23a7b78a7204d02f669ee999f3c58aefed46e047b,4.027133100287731,0.029883878813278114,-0.4751577679686374,4.465651626149352,0.05972823187532672,2.601990736294077,1.5007026407409043,0.7652292474114737,2.201087602392323,1.4797427947987654,0.7848212289582639,-0.4751577679686374,-2.6044185129287873,-2.2037758796423415,,2.985908831350587,1.4797427947987654,4.465651626149352,0.0
default,0,24,0,2bdde52c6bb6e994a3f0d7c441ff03c743b87486b9efafb8c87e3d9aefd1bf30,3.017507566651653,0.01302766855468418,0.9682404160480989,2.06563969959978,0.07832740741116684,-0.4573421982095822,2.5153899495151317,0.0,-0.5173299030391711,0.6173969806279644,1.9655726220109864,0.9682404160480989,-1.9797203438943827,0.0,,1.4482427189718152,0.6173969806279644,2.06563969959978,0.0
default,0,24,1,010aa30e51836eeb1d0b2f3c13fdad4d158ec9cd81af62b9fe181df4c7aef7c4,3.3230462029880354,0.06209843890460076,-1.0844724295122248,4.431930746295005,0.08889027983380782,1.2646429776427053,1.3590914041830833,1.7579908514544167,1.2700682112565613,0.6306211735950327,2.531241361443411,-1.0844724295122248,-2.536695184441542,-1.7561397690048555,,3.801309572699972,0.6306211735950327,4.431930746295005,0.0
default,0,24,2,a4040649f24d949a9daac8111c269e4d1a5257c969fae12fa7c69d0df9dbb2a3,2.9942689038675088,0.029886000389224204,-1.6980592876157896,4.620792911958479,0.16108233884288303,1.7333257327254268,0.7526808488534256,2.148521070432995,1.7469528490308268,0.555727861187481,2.3181122017401714,-1.6980592876157896,-2.322885812809071,-2.1505595003598934,,4.065065050770999,0.555727861187481,4.62079291195848,8.881784197001252e-16
default,0,24,3,f554c10b3a6ea3aad3da67bdd8822e211e5b121bc19cccf58079def91c367dd6,2.156366168195948,0.0023625910065829536,-1.0337594182329735,3.151686587442139,0.030053620208620124,1.1337887381702427,0.9189375289771431,1.311053763765921,1.9911806704659192,0.07197269929163008,1.0885332176845899,-1.0337594182329735,-1.1440382059057868,-2.1896882047989,,3.079713888150509,0.07197269929163008,3.151686587442139,0.0
default,0,24,4,efeb704908aab4b37f9eb437d7027df36470cc446a4008dae4aeb97dab9705a9,2.1453733068755323,0.22079851464693312,-0.8270302108933731,2.9241987929689586,0.04955548894963768,1.0689197030876072,0.42934792729534,1.7874954863312418,1.0284459016644831,0.46556846320791445,1.4301844280965608,-0.8270302108933731,-1.4419823368459141,-1.794225290918637,,2.4586303297610437,0.46556846320791445,2.924198792968958,-4.440892098500626e-16
default,0,24,5,e026480bfdede18b0cad8aa9a8396507da1a7d4e1d8f8b035f580d6cf1dfb08c,3.255325588788435,0.1463020542035146,-1.410257144082876,4.352301748138306,0.44435600544572473,2.073107409776157,0.9171999278230514,1.5012549336934575,1.9535522063105355,0.9008710501824688,1.4978784916453016,-1.410257144082876,-2.086157402830709,-1.9610488630162322,,3.4514306979558373,0.9008710501824688,4.352301748138306,0.0
default,0,24,6,aa52b477675f028f7f05585d6e76d7c1e052216fc5ff0c12d5b19191dbb9f848,2.5022141989951736,0.06307068815123673,0.4707033805456238,2.0237346218964087,0.144418517795609,-0.2821376363107624,2.3774084420820056,0.0,-0.3012700491247009,0.39508455137254517,1.9299201196485645,0.4707033805456238,-1.9508522879756343,0.0,,1.6286500705238636,0.39508455137254517,2.0237346218964087,0.0
default,0,24,7,0193a206e04983fbfc2b0b7090a2206526ec6d42519b69d1a4291436c936eec5,3.2599960758793314,0.019422406143227766,-0.7623045864798348,3.9154682955912565,0.08101425724915767,2.233089659996377,1.1102160002526706,1.4056523773710619,1.4049494550093393,0.030123837018588784,2.4803950035633284,-0.7623045864798348,-3.26343458402037,-1.404509196350582,,3.8853444585726677,0.030123837018588784,3.9154682955912565,0.0
default,0,24,8,61d4cf29a73d0fbebcfd1d461184e2ae14c4900d005b36c4d18f6b61215564be,2.0674219085571317,0.03845622265577592,-1.3475004586403223,3.2869645607383555,0.08175119008544773,1.8175235054328258,0.3597376738007292,1.4938246351795998,1.4763958055808903,0.00232717583448272,1.8082415793229827,-1.3475004586403223,-2.0869577756801005,-1.5023768486476061,,3.2846373849038732,0.00232717583448272,3.286964560738356,4.440892098500626e-16
default,0,24,9,794bd6f53d04e380a07ad3b23a7b78a7204d02f669ee999f3c58aefed46e047b,1.9622548538148399,0.00405637624144084,0.16125772558853235,1.7844832170127258,0.05707977957658583,0.7680284720436661,1.79439125644764,0.0,0.0,0.025940055597890144,1.7585431614148357,0.16125772558853235,-2.5053399489147203,0.0,,1.7585431614148357,0.025940055597890144,1.7844832170127258,0.0
default,0,25,0,2bdde52c6bb6e994a3f0d7c441ff03c743b87486b9efafb8c87e3d9aefd1bf30,3.7063581975172886,0.12657949763180643,0.3912336437282482,3.2425903195201533,0.1389705586649399,0.3331638783056525,2.0971819668177725,0.8800785237873852,0.2744049754035571,0.6853090230893706,2.2828763210272256,0.3912336437282482,-2.2919900501393955,-0.8794637601064748,,2.5572812964307827,0.6853090230893706,3.2425903195201533,0.0
default,0,25,1,010aa30e51836eeb1d0b2f3c13fdad4d158ec9cd81af62b9fe181df4c7aef7c4,3.264298319348505,0.006644796075580106,-0.44355363289478067,3.6389777205638625,0.012647970642791995,1.1418104484439862,0.855612107188201,1.6107187494785626,1.1677281580050174,0.4854507387471729,1.9857988238116724,-0.44355363289478067,-1.985602484812611,-1.6098908496553468,,3.1535269818166896,0.4854507387471729,3.6389777205638625,0.0
default,0,25,2,a4040649f24d949a9daac8111c269e4d1a5257c969fae12fa7c69d0df9dbb2a3,3.528639007995306,0.02602111838064758,0.09159537133392259,3.339487459020752,0.044202559947540965,1.0407806693709176,1.5752167908405306,0.9116153500636142,0.8646886054599374,0.010422639174224813,2.46437621438659,0.09159537133392259,-2.5758058841338065,-0.9076043661937151,,3.3290648198465274,0.010422639174224813,3.339487459020752,0.0
default,0,25,3,f554c10b3a6ea3aad3da67bdd8822e211e5b121bc19cccf58079def91c367dd6,2.374278281493661,0.008168967008515104,0.03496807611642172,2.394272135140093,0.06163054301391124,0.7917902033540776,0.5480707859705369,1.038941071046517,0.6552177747542045,0.4458289146793428,1.2932254457065455,0.03496807611642172,-1.2899347391292255,-1.0272367782279948,,1.94844322046075,0.4458289146793428,2.394272135140093,0.0
default,0,25,4,efeb704908aab4b37f9eb437d7027df36470cc446a4008dae4aeb97dab9705a9,2.9373431650013115,0.11595871564018856,-1.2729168510784614,4.322786628410034,0.024485724805412667,1.4533330663388042,0.9141237187976996,1.8381383390547579,1.4227252694738226,0.5771419618623836,2.3229193970738278,-1.2729168510784614,-2.3383823099036007,-1.842727089482249,,3.7456446665476504,0.5771419618623836,4.322786628410034,0.0
default,0,25,5,e026480bfdede18b0cad8aa9a8396507da1a7d4e1d8f8b035f580d6cf1dfb08c,3.759014801317619,0.004193104789850632,1.2307460063194986,2.4450831502669463,0.10346411652228182,-0.8835016671677667,3.0326238708413977,0.3588516553646173,-0.9182357555185301,1.3350352623987298,2.0282836433867466,1.2307460063194986,-2.045761105503105,-0.3587486370128614,,1.1100478878682165,1.3350352623987298,2.4450831502669463,0.0
default,0,25,6,aa52b477675f028f7f05585d6e76d7c1e052216fc5ff0c12d5b19191dbb9f848,4.2253449820648346,0.02071882053686197,0.29455675970750406,3.8858428644712353,0.03260530971642672,1.18760555190513,1.5513934315918718,1.2520784147913975,1.1119461202083238,0.12165856656097018,2.6522381777019413,0.29455675970750406,-2.709988314879342,-1.2484837736926304,,3.764184297910265,0.12165856656097018,3.8858428644712353,0.0
default,0,25,7,0193a206e04983fbfc2b0b7090a2206526ec6d42519b69d1a4291436c936eec5,3.821555656654304,0.012092258919953427,-0.056289713633457694,3.8153129227884177,0.0646563056892755,1.022927705089659,0.9276555048733273,2.1289523720998473,0.9191161404008685,1.0063864435263787,1.8898103388611702,-0.056289713633457694,-1.8888248956426597,-2.1260543807308983,,2.8089264792620385,1.0063864435263787,3.8153129227884173,-4.440892098500626e-16
default,0,25,8,61d4cf29a73d0fbebcfd1d461184e2ae14c4900d005b36c4d18f6b61215564be,4.431465516350113,0.07471586934169316,0.3465291720555843,4.055028941927483,0.01973497621182796,0.7358625706740782,1.932159773175475,1.3807207625621323,0.708282657635781,0.6966520690839757,2.650094215207726,0.3465291720555843,-2.6509084623643795,-1.3780996678354773,,3.358376872843507,0.6966520690839757,4.055028941927483,0.0
default,0,25,9,794bd6f53d04e380a07ad3b23a7b78a7204d02f669ee999f3c58aefed46e047b,3.227169570722147,0.05084682318864564,-0.7551957840304899,3.980555862032256,0.03531102696433441,1.8850722869072394,1.1120307946467203,0.9620461000340299,2.043147354799259,1.0112887092958447,0.9261197979371523,-0.7551957840304899,-1.8821720501538755,-2.0416661044697797,,2.9692671527364114,1.0112887092958447,3.980555862032256,0.0
default,0,26,0,2bdde52c6bb6e994a3f0d7c441ff03c743b87486b9efafb8c87e3d9aefd1bf30,2.759086278311755,0.12085884808347624,-1.7631453595164936,4.442510189140157,0.09549399001957415,2.02608360255824,0.4055326036921696,2.398722168036131,2.31630410017921,0.09885192227329354,2.027354166687654,-1.7631453595164936,-2.0295180780985564,-2.70532630616841,,4.343658266866864,0.09885192227329354,4.442510189140158,8.881784197001252e-16
default,0,26,1,010aa30e51836eeb1d0b2f3c13fdad4d158ec9cd81af62b9fe181df4c7aef7c4,2.556995403787962,0.010232865517444345,-1.127001419475432,3.620306600416635,0.0740985309694584,1.9099959047768873,0.45617710161019387,1.4406888027901834,1.8128105981981242,0.352705163509309,1.454790838709202,-1.127001419475432,-1.916934124320088,-1.815829153887718,,3.2676014369073263,0.352705163509309,3.6203066004166353,4.440892098500626e-16
default,0,26,2,a4040649f24d949a9daac8111c269e4d1a5257c969fae12fa7c69d0df9dbb2a3,2.7239123087743353,0.051418110018848995,0.40643172353172297,2.326447060259603,0.08851043555434501,-0.3070044521459425,2.495055292722849,0.144813296415236,-0.317777688950593,0.5690540909568433,2.0751706582533527,0.40643172353172297,-2.1008680004684006,-0.14348570096939672,,1.7573929693027597,0.5690540909568433,2.326447060259603,0.0
default,0,26,3,f554c10b3a6ea3aad3da67bdd8822e211e5b121bc19cccf58079def91c367dd6,3.73893594520285,0.08492973294830822,-2.083102596136351,5.37423886007907,0.5138414911897766,2.085205537556931,1.2064409430571157,2.8628004338579895,2.7512897160961445,0.5358014679934575,2.0871476759894683,-2.083102596136351,-2.089975195711077,-3.5506302275711827,,4.838437392085613,0.5358014679934575,5.37423886007907,0.0
default,0,26,4,efeb704908aab4b37f9eb437d7027df36470cc446a4008dae4aeb97dab9705a9,3.1688736231032553,0.017361759449664338,-2.415285463808714,5.557245252643419,0.0744210298236494,2.4865960769594575,0.5721204691071957,3.1074160905932757,3.0308634574259905,0.027464821167086484,2.4989169740503425,-2.415285463808714,-2.5000889076581574,-3.5916226991781226,,5.529780431476333,0.027464821167086484,5.557245252643419,0.0
default,0,26,5,e026480bfdede18b0cad8aa9a8396507da1a7d4e1d8f8b035f580d6cf1dfb08c,3.307666169228368,0.035089230671534355,-1.639585338134479,4.8611521491835425,0.09254808795141356,2.1497289399717734,0.5830432148786313,2.543073113641574,2.696973724750802,0.018603100589702493,2.145575323843038,-1.639585338134479,-2.1376223591661025,-3.045674821374463,,4.84254904859384,0.018603100589702493,4.8611521491835425,0.0
default,0,26,6,aa52b477675f028f7f05585d6e76d7c1e052216fc5ff0c12d5b19191dbb9f848,2.400652930302519,0.026045335425822713,-1.1925272708070267,3.5581560685513938,0.025173471688961557,1.8306305913575878,0.08723336865549225,1.7149038362905034,1.7364421239439736,0.05411623785386954,1.7675977067535507,-1.1925272708070267,-1.8623403842384327,-1.745253940376189,,3.5040398306975242,0.05411623785386954,3.5581560685513938,0.0
default,0,26,7,0193a206e04983fbfc2b0b7090a2206526ec6d42519b69d1a4291436c936eec5,3.3251024566388874,0.14357378409677263,-1.4688471853807812,4.2716815498352,0.6199155589178273,1.7265784134805875,0.7264444358890032,2.901811155500709,1.865606569057904,0.6124462645238147,1.793628716253481,-1.4688471853807812,-1.8056739024353652,-2.9292445435171075,,3.659235285311385,0.6124462645238147,4.2716815498352,0.0
default,0,26,8,61d4cf29a73d0fbebcfd1d461184e2ae14c4900d005b36c4d18f6b61215564be,3.2929239758791216,0.00919233559669455,0.11445415717370278,3.068968071834484,0.1370032341157894,-0.059853493831665716,1.9629141524690286,1.232342673772886,-0.08267098409434759,1.388599110160253,1.7630399457685786,0.11445415717370278,-1.7656518864176274,-1.232748211876832,,1.680368961674231,1.388599110160253,3.068968071834484,0.0
default,0,26,9,794bd6f53d04e380a07ad3b23a7b78a7204d02f669ee999f3c58aefed46e047b,3.1447181974610623,0.01275980637029453,-1.5103765506467406,4.583390072568733,0.09844735734353716,1.809679036789512,0.5651589044414704,2.400478460682887,1.795855831433642,0.5128972987106186,2.274636942424472,-1.5103765506467406,-2.27672535177042,-2.4001436927999125,,4.070492773858113,0.5128972987106186,4.583390072568732,-8.881784197001252e-16
default,0,27,0,2bdde52c6bb6e994a3f0d7c441ff03c743b87486b9efafb8c87e3d9aefd1bf30,2.9892235243661727,0.0062783148788584375,-0.16140624102371692,3.1721125804616865,0.02517848451644178,1.2509579989348176,1.7099903675653283,0.19614288824974446,1.872779515746866,1.0830997189883482,0.21623334572647224,-0.16140624102371692,-1.2533737180637836,-1.878539052169665,,2.0890128614733383,1.0830997189883482,3.1721125804616865,0.0
default,0,27,1,010aa30e51836eeb1d0b2f3c13fdad4d158ec9cd81af62b9fe181df4c7aef7c4,2.4455059264560495,0.051769624516630905,-1.011278804455789,3.367298150599455,0.10752903210909603,1.3681031091609712,1.044151598735929,1.1755597387596122,1.1407399772096314,0.08111410340347458,2.145444069986349,-1.011278804455789,-2.302484048418207,-1.1778013661292095,,3.2861840471959805,0.08111410340347458,3.367298150599455,0.0
default,0,27,2,a4040649f24d949a9daac8111c269e4d1a5257c969fae12fa7c69d0df9dbb2a3,4.118703143353651,0.014966814200423895,-0.873672966649405,4.8549602894835955,0.3080023382398873,1.115927769433604,1.7908793409195634,1.8800293402201844,1.1229606431921164,1.1640262659647398,2.5679733803267393,-0.873672966649405,-2.591865820206089,-1.8869682921273756,,3.6909340235188557,1.1640262659647398,4.8549602894835955,0.0
default,0,27,3,f554c10b3a6ea3aad3da67bdd8822e211e5b121bc19cccf58079def91c367dd6,3.3350320022439184,0.004209071621067706,-0.5446671067374025,3.6502037929761144,0.2774920154186571,1.5149495619886775,1.7430950874971674,0.9368497896607013,0.9356650978932821,0.255117781284421,2.4594209137984113,-0.5446671067374025,-2.980552634067188,-0.9368497896607013,,3.3950860116916934,0.255117781284421,3.6502037929761144,0.0
default,0,27,4,efeb704908aab4b37f9eb437d7027df36470cc446a4008dae4aeb97dab9705a9,3.672732304774871,0.126203492551429,-0.19361063529733347,3.4681703659500407,0.6666641088014198,0.3602642088684642,2.4176432699723978,0.6947031394296062,0.3679129099048817,0.9991272858273716,2.1011301702177874,-0.19361063529733347,-2.109547983362084,-0.6963985261069645,,2.469043080122669,0.9991272858273716,3.4681703659500407,0.0
default,0,27,5,e026480bfdede18b0cad8aa9a8396507da1a7d4e1d8f8b035f580d6cf1dfb08c,3.6045047265216064,0.006109248300641801,-0.03689334681870626,3.7081184416056114,0.1245746167179731,0.27020859376859496,2.00446401757184,1.3662577279635548,0.25688182471897436,1.3092301304712222,2.142006486415415,-0.03689334681870626,-2.1499638740984937,-1.366391848487523,,2.3988883111343893,1.3092301304712222,3.7081184416056114,0.0
default,0,27,6,aa52b477675f028f7f05585d6e76d7c1e052216fc5ff0c12d5b19191dbb9f848,3.3071459038846585,0.006548275501664175,1.120921601748127,2.2347688669778116,0.02418148479489579,0.39008688955697446,2.567050090585751,-0.805394076671988,1.7377867333669388,1.4257968627846347,-0.9288147291737618,1.120921601748127,-0.3870028884812029,-1.7405585301946387,,0.8089720041931769,1.4257968627846347,2.2347688669778116,0.0
default,0,27,7,0193a206e04983fbfc2b0b7090a2206526ec6d42519b69d1a4291436c936eec5,2.307301253508551,0.0453143946895615,-0.9362656293946161,3.1725152929498166,0.06046647020704299,1.2221234664919434,0.8061436909425437,1.2770893043617026,1.913509671930506,0.07133983887217399,1.1876657821471366,-0.9362656293946161,-1.226321305665867,-2.01856868592328,,3.1011754540776426,0.07133983887217399,3.1725152929498166,0.0
default,0,27,8,61d4cf29a73d0fbebcfd1d461184e2ae14c4900d005b36c4d18f6b61215564be,3.5215013780423616,0.037597853016082185,-0.7491645670660478,3.9703392388460506,0.24258373257209187,0.8984197349432654,2.3432406663821252,0.929753287740285,0.7977642156976921,0.32931196842887234,2.843263054719486,-0.7491645670660478,-2.997102763259949,-0.9317271932336351,,3.641027270417178,0.32931196842887234,3.9703392388460506,0.0
default,0,27,9,794bd6f53d04e380a07ad3b23a7b78a7204d02f669ee999f3c58aefed46e047b,4.14879971869126,0.015256894936031513,0.15677555342558414,3.9328584544369924,0.047400795707266186,0.20996076088345417,2.2802294144018806,1.5036368615000857,0.2277276710159155,1.2692403750616017,2.4358904083594752,0.15677555342558414,-2.4427893795780684,-1.503636861500086,,2.6636180793753907,1.2692403750616017,3.9328584544369924,0.0
default,0,28,0,2bdde52c6bb6e994a3f0d7c441ff03c743b87486b9efafb8c87e3d9aefd1bf30,1.715983465164606,0.03005271776811058,-0.48377041807401433,2.1737800675808736,0.03764074455212518,1.5006976282522442,0.5127984802893479,0.860279142686809,0.8592218444632591,0.027908178413868612,1.2866500447037459,-0.48377041807401433,-1.9769126622130164,-0.8592218444632593,,2.145871889167005,0.027908178413868612,2.1737800675808736,0.0
default,0,28,1,010aa30e51836eeb1d0b2f3c13fdad4d158ec9cd81af62b9fe181df4c7aef7c4,2.9475882019427173,0.019693251926987176,-1.6991530495203566,4.624233108455146,0.036682111719006816,2.1900285748872697,0.4724461139627354,2.0876718987177973,2.0852327016442787,0.005862233150251583,2.5331381736606158,-1.6991530495203566,-2.624951734022481,-2.0885127418263147,,4.618370875304894,0.005862233150251583,4.624233108455146,0.0
default,0,28,2,a4040649f24d949a9daac8111c269e4d1a5257c969fae12fa7c69d0df9dbb2a3,2.7532828385391763,0.094566108115791,-1.4875749334725343,4.175042239177499,0.08309385215496201,1.8906802033947931,0.23417149869459397,2.8065039795684914,1.849832413324879,0.2937593230286728,2.031450502823947,-1.4875749334725343,-2.036367835450423,-2.8118939940524936,,3.881282916148826,0.2937593230286728,4.175042239177499,0.0
default,0,28,3,f554c10b3a6ea3aad3da67bdd8822e211e5b121bc19cccf58079def91c367dd6,2.7202155290314662,0.03882398375577087,-1.9847638823550753,4.573455039002633,0.031533612249439624,3.767709925380492,0.1854356610860175,2.178575745112127,2.185471791382203,0.005287804295837972,2.382695443324592,-1.9847638823550753,-3.914649139490743,-2.185538579838455,,4.568167234706795,0.005287804295837972,4.573455039002633,0.0
default,0,28,4,efeb704908aab4b37f9eb437d7027df36470cc446a4008dae4aeb97dab9705a9,3.251531385603479,0.0420602007191474,-1.8390594049171485,5.058800588965716,0.07467176965764288,2.368128020631563,0.6355110257164607,2.2118318951310565,2.2064453083762587,0.041998945306048086,2.810356335283409,-1.8390594049171485,-2.9282403040609557,-2.2125588677604817,,5.016801643659668,0.041998945306048086,5.058800588965716,0.0
default,0,28,5,e026480bfdede18b0cad8aa9a8396507da1a7d4e1d8f8b035f580d6cf1dfb08c,2.6987764940547483,0.0029112125081057483,-1.9057076379390248,4.557574512582358,0.06896704962337319,3.6160391544600516,0.48479469755528726,2.0251496801404665,2.031521386421056,0.054550493750106455,2.4715026324111946,-1.9057076379390248,-4.028340240999347,-2.0286762415330855,,4.503024018832251,0.054550493750106455,4.557574512582358,0.0
default,0,28,6,aa52b477675f028f7f05585d6e76d7c1e052216fc5ff0c12d5b19191dbb9f848,3.007787693576658,0.12085108586941729,0.6952687941857612,2.221680876429555,0.12191937203030245,0.260964170549973,0.9788137086215047,1.0230631831292787,0.4989322999806647,0.6040864808783684,1.1186620955705215,0.6952687941857612,-1.1186620955705215,-1.0222595946999324,,1.6175943955511862,0.6040864808783684,2.221680876429555,0.0
default,0,28,7,0193a206e04983fbfc2b0b7090a2206526ec6d42519b69d1a4291436c936eec5,2.8717288396240033,0.03716422293755124,-0.07270983793381625,2.799075381729226,0.1811269507070563,0.8932904391275258,1.5960553371744708,0.39246653156979905,1.794933046823679,0.5935388732296776,0.4106034616758698,-0.07270983793381625,-0.8927575543708152,-1.8079278027939243,,2.2055365084995486,0.5935388732296776,2.799075381729226,0.0
default,0,28,8,61d4cf29a73d0fbebcfd1d461184e2ae14c4900d005b36c4d18f6b61215564be,3.6707134362462632,0.08613836658057897,-0.4012360631389793,4.132441929496006,0.08695807734550431,1.1855208524115137,1.3260193567056417,1.539841410157032,1.1701905670833215,0.5411003459224677,2.4211510164902172,-0.4012360631389793,-2.428603960074038,-1.5358195818546454,,3.5913415835735387,0.5411003459224677,4.132441929496006,0.0
default,0,28,9,794bd6f53d04e380a07ad3b23a7b78a7204d02f669ee999f3c58aefed46e047b,4.208819870296764,0.07081288910056865,1.4367014104509934,2.744411233329739,0.025596311347933165,-0.7079790079094512,2.6911408578113574,0.7746919377029138,-0.7185807363535095,1.5033920414547994,1.9595999282284489,1.4367014104509934,-1.9593714316431898,-0.7728860446136969,,1.2410191918749394,1.5033920414547994,2.744411233329739,0.0
default,0,29,0,2bdde52c6bb6e994a3f0d7c441ff03c743b87486b9efafb8c87e3d9aefd1bf30,4.806951836132573,0.06941363713625912,-3.0615378049447752,7.347645294882056,0.727196841390183,3.178834628935896,0.9951300696863918,3.5335586653832167,3.3014965145861073,0.8495969221956745,3.196551858100274,-3.0615378049447752,-3.261145782270282,-3.7191807403450405,,6.498048372686381,0.8495969221956745,7.347645294882056,0.0
default,0,29,1,010aa30e51836eeb1d0b2f3c13fdad4d158ec9cd81af62b9fe181df4c7aef7c4,4.585420203443727,0.013819933325018963,-3.053188780165346,7.297068118706527,0.596817493869767,3.1742497534917256,0.9246897798026397,3.385808599469983,3.417101941272203,0.7481487607927102,3.1318174166416135,-3.053188780165346,-3.245703456835164,-3.6422271820594165,,6.5489193579138165,0.7481487607927102,7.297068118706527,0.0
default,0,29,2,a4040649f24d949a9daac8111c269e4d1a5257c969fae12fa7c69d0df9dbb2a3,4.627210949568115,0.0284601862847407,-2.858230402251438,6.9709272532442785,0.6818422977587626,3.093980917642719,0.860537815813021,3.486123595186388,3.258928892753947,0.6535084705798182,3.058489889910513,-2.858230402251438,-3.101145709096928,-3.657654321786437,,6.317418782664459,0.6535084705798182,6.970927253244278,-8.881784197001252e-16
default,0,29,3,f554c10b3a6ea3aad3da67bdd8822e211e5b121bc19cccf58079def91c367dd6,4.390678893470332,0.0212495816358092,-2.928450027613856,7.0052753270545605,0.42985310009270705,3.1603362004383206,0.7184492200085968,3.3108159398811643,3.4135571655961163,0.5024653943917143,3.08925276706673,-2.928450027613856,-3.1722014112848553,-3.5875468489505193,,6.502809932662846,0.5024653943917143,7.0052753270545605,0.0
default,0,29,4,efeb704908aab4b37f9eb437d7027df36470cc446a4008dae4aeb97dab9705a9,4.5649429444748355,0.11601640607717645,-3.046266459541707,7.2116375208892025,0.6283024142048417,3.153121281533698,0.9358360054490604,3.3990094885231907,3.3319987833889977,0.7640563006657786,3.1155824368344263,-3.046266459541707,-3.225160438396524,-3.6345039229045835,,6.447581220223424,0.7640563006657786,7.2116375208892025,0.0
default,0,29,5,e026480bfdede18b0cad8aa9a8396507da1a7d4e1d8f8b035f580d6cf1dfb08c,4.416670860706972,0.1323585868252254,-2.9199927581282257,6.8856312593471465,0.5032476873604761,3.163515258980818,0.6539354805801163,3.50192176202352,3.304913185131804,0.46509578297934695,3.1156222912359954,-2.9199927581282257,-3.1763709965765368,-3.639753817647442,,6.4205354763677995,0.46509578297934695,6.8856312593471465,0.0
default,0,29,6,aa52b477675f028f7f05585d6e76d7c1e052216fc5ff0c12d5b19191dbb9f848,4.634217172082209,0.13712042193512738,-3.0597743219572298,7.212563836707112,0.5443958484695788,3.1502225788687297,0.8171263053005018,3.6032017486598273,3.229453767546531,0.7118974932705058,3.2712125758900754,-3.0597743219572298,-3.300417143791778,-3.7257376405677025,,6.500666343436606,0.7118974932705058,7.212563836707112,0.0
default,0,29,7,0193a206e04983fbfc2b0b7090a2206526ec6d42519b69d1a4291436c936eec5,5.155713768381123,0.04160201475364966,-2.9422199039243484,7.4498401791718685,0.8577129916402715,3.1189947646575154,1.2554562138086975,3.294202794956933,3.3556282043068366,1.0275196917069405,3.066692283158092,-2.9422199039243484,-3.1844665480610366,-3.6264742337218365,,6.422320487464928,1.0275196917069405,7.4498401791718685,0.0
default,0,29,8,61d4cf29a73d0fbebcfd1d461184e2ae14c4900d005b36c4d18f6b61215564be,4.5976312473383345,0.03133327795745197,-2.991570218188947,7.0216440039486,0.5933089232493405,3.1543767281705986,0.722941994573044,3.6097236027939195,3.2020330134016834,0.6584155000594976,3.1611954904874184,-2.991570218188947,-3.2016016517530854,-3.692131750535136,,6.363228503889102,0.6584155000594976,7.0216440039486,0.0
default,0,29,9,794bd6f53d04e380a07ad3b23a7b78a7204d02f669ee999f3c58aefed46e047b,3.611324042350676,0.02298821074479951,-2.963328152894552,6.631811444748507,0.14610133883912457,3.3009342092243603,0.547783078663115,3.0638819116147107,2.9635267819577242,0.2608551418817573,3.4074295209090253,-2.963328152894552,-3.698495088334693,-3.068002772328368,,6.37095630286675,0.2608551418817573,6.631811444748507,0.0
default,0,30,0,2bdde52c6bb6e994a3f0d7c441ff03c743b87486b9efafb8c87e3d9aefd1bf30,3.543498147859923,0.0006967705215709108,-2.46805115976251,5.855967002632813,0.09982084000679192,3.4381515852459112,0.17663681278787946,2.8359252150398118,2.872398064026396,0.160968764387051,2.822600174219366,-2.46805115976251,-3.472658984041312,-2.878233789025499,,5.694998238245763,0.160968764387051,5.855967002632814,8.881784197001252e-16
default,0,30,1,010aa30e51836eeb1d0b2f3c13fdad4d158ec9cd81af62b9fe181df4c7aef7c4,3.4689596518335617,0.01107373888380292,-2.0014353544605994,5.364198465711117,0.1122388541497612,2.17407989654265,0.6061490801352276,2.9538829787835397,2.170164654151564,0.5466782629018736,2.6473555486576794,-2.0014353544605994,-2.6625410031110004,-2.9593320982006555,,4.817520202809243,0.5466782629018736,5.364198465711117,0.0
default,0,30,2,a4040649f24d949a9daac8111c269e4d1a5257c969fae12fa7c69d0df9dbb2a3,3.958292906028805,0.009508602033196437,-2.0683512162188658,5.90401040436638,0.11709524690675632,3.6931689017819775,0.18450554941128594,2.869065979037379,2.8696340651654872,0.11432045832795179,2.9200558808729413,-2.0683512162188658,-3.7598633933241086,-2.869781789999778,,5.789689946038429,0.11432045832795179,5.904010404366381,8.881784197001252e-16
default,0,30,3,f554c10b3a6ea3aad3da67bdd8822e211e5b121bc19cccf58079def91c367dd6,3.74505760391801,0.0019833641174761066,-2.070297271720378,5.832151762719111,0.11494033409230742,2.3243444585751707,0.8220168268101871,2.7352239171948662,2.296202246079367,0.5405046864670795,2.9954448301726635,-2.070297271720378,-3.0235990610066144,-2.7430458074813022,,5.291647076252031,0.5405046864670795,5.832151762719111,0.0
default,0,30,4,efeb704908aab4b37f9eb437d7027df36470cc446a4008dae4aeb97dab9705a9,3.4736240467764774,0.0459594219493053,-1.2383377443056798,4.672161944392288,0.11341171361804347,1.575276031251652,0.8333406934954315,2.5588883023445215,1.5664336150197555,0.8119052420687507,2.2938230873037817,-1.2383377443056798,-2.2953760798783,-2.558717233595261,,3.8602567023235372,0.8119052420687507,4.672161944392288,0.0
default,0,30,5,e026480bfdede18b0cad8aa9a8396507da1a7d4e1d8f8b035f580d6cf1dfb08c,3.9714477901614362,0.06318340362393493,-1.7303523599499746,5.506222590558627,0.05855401866440024,2.835528820395608,0.4402870239192276,2.5671874134727806,2.5320540662929405,0.08519384131227614,2.88897468295341,-1.7303523599499746,-3.2225412139514282,-2.561908025171788,,5.42102874924635,0.08519384131227614,5.506222590558626,-8.881784197001252e-16
default,0,30,6,aa52b477675f028f7f05585d6e76d7c1e052216fc5ff0c12d5b19191dbb9f848,3.2157690826308776,0.023895718588769765,-1.1684653262877616,4.336830301289115,0.1096872937504556,1.218289082047823,1.0410487386551495,2.2842853668105754,1.2133300241984313,0.9834380703744485,2.140062206716235,-1.1684653262877616,-2.148986072327768,-2.2849498214353243,,3.3533922309146664,0.9834380703744485,4.336830301289115,0.0
default,0,30,7,0193a206e04983fbfc2b0b7090a2206526ec6d42519b69d1a4291436c936eec5,4.350697145896501,0.012430943217486612,-2.6077065903308796,6.967237053903393,0.054381143541841315,2.718566679527692,0.8183960913411021,3.549266754097491,2.6993235802510402,0.8003128004219273,3.467600673230425,-2.6077065903308796,-3.4728020671943822,-3.5590463142300615,,6.166924253481465,0.8003128004219273,6.967237053903393,0.0
default,0,30,8,61d4cf29a73d0fbebcfd1d461184e2ae14c4900d005b36c4d18f6b61215564be,3.426878243933044,0.005114518093482678,-1.5124850449248344,4.974546256528898,0.0968624030636378,1.6887795849264502,0.9164541256746555,2.4130487229922823,1.6933716755139048,0.7811155008853783,2.500059080129615,-1.5124850449248344,-2.5052266522106446,-2.4161933783191056,,4.19343075564352,0.7811155008853783,4.974546256528899,8.881784197001252e-16
default,0,30,9,794bd6f53d04e380a07ad3b23a7b78a7204d02f669ee999f3c58aefed46e047b,3.323896214157682,0.023293843963099414,-1.6798017537223124,5.003871666981091,0.048907831775972355,1.8870418485126939,0.7462774782093247,2.3861076122056075,1.888035823551749,0.5612689390767676,2.554566904352574,-1.6798017537223124,-2.5778798376014596,-2.3926392695501946,,4.4426027279043225,0.5612689390767676,5.00387166698109,-8.881784197001252e-16
default,48000,1,0,2bdde52c6bb6e994a3f0d7c441ff03c743b87486b9efafb8c87e3d9aefd1bf30,1.8332613223969318,0.054065312668943655,0.5386996774011927,1.263036318498643,0.07628289635805108,-0.1892282895851265,1.4577539943432993,0.0,-0.13682564892793847,0.2382376612386663,1.1616243061879152,0.5386996774011927,-1.1922428084001218,0.0,0.00011362885287180546,1.0247986572599768,0.2382376612386663,1.263036318498643,0.0
default,48000,1,1,010aa30e51836eeb1d0b2f3c13fdad4d158ec9cd81af62b9fe181df4c7aef7c4,1.766317590757965,0.06973316110486621,0.27544575607197785,1.3547292042772234,0.05648946622892481,0.4616743396486007,0.41444958519066777,0.6428393066077951,0.9052849692989136,0.0012635565114265113,0.44818067846688336,0.27544575607197785,-0.44248054765199496,-1.0199932175661437,0.0025607852336779757,1.353465647765797,0.0012635565114265113,1.3547292042772234,0.0
default,48000,1,2,a4040649f24d949a9daac8111c269e4d1a5257c969fae12fa7c69d0df9dbb2a3,2.6185064790709283,0.05714515030772213,1.0095666569257058,1.5474679234122406,0.04426833145018405,-0.08476663769441273,1.6021403478884901,0.04874893210483289,-8.881784197001252e-16,0.10550574156013548,1.441962181852106,1.0095666569257058,-1.4844208263135992,-0.03743348453512707,0.0028451995482842163,1.4419621818521051,0.10550574156013548,1.5474679234122406,0.0
default,48000,1,3,f554c10b3a6ea3aad3da67bdd8822e211e5b121bc19cccf58079def91c367dd6,1.773815652383656,0.07897705029810614,0.6360809496871647,1.0294489844345402,0.07428044668378653,0.047887572706499126,1.0080920177965782,0.05374161263482513,0.01387495008036832,0.043050670997879514,0.9725233633562924,0.6360809496871647,-0.9944220603279633,-0.04101869612615261,0.0035403470605508414,0.9863983134366607,0.043050670997879514,1.0294489844345402,0.0
default,48000,1,4,efeb704908aab4b37f9eb437d7027df36470cc446a4008dae4aeb97dab9705a9,2.703003279581334,0.003924627632836741,-0.8113674636899022,3.440244885668978,0.07284716288792681,1.7632422484057293,0.11162862411774466,1.7249031140954691,1.6934408580402291,0.04889341226945065,1.697910615359298,-0.8113674636899022,-1.7948673595014335,-1.7320594642295826,0.002872404506598647,3.391351473399527,0.04889341226945065,3.4402448856689776,-4.440892098500626e-16
default,48000,1,5,e026480bfdede18b0cad8aa9a8396507da1a7d4e1d8f8b035f580d6cf1dfb08c,2.49648001466179,0.01424761772649552,-0.37932632297409885,2.7831961861812378,0.051833197603786685,1.246517449712328,0.1518797706230779,1.5238972949326741,1.3107365898144658,0.10289458972722709,1.3695650066395446,-0.37932632297409885,-1.3547879260007083,-1.5156733916635847,0.006398668264433541,2.6803015964540107,0.10289458972722709,2.7831961861812378,0.0
default,48000,1,6,aa52b477675f028f7f05585d6e76d7c1e052216fc5ff0c12d5b19191dbb9f848,1.969383046257808,0.060283463362485884,1.1073570613364807,0.872249398450518,0.10450380872192366,-0.01849431653242606,1.0766369447524275,0.0,0.0,0.08745523097272145,0.7847941674777965,1.1073570613364807,-0.9536388194980778,0.0,0.0071121832093848925,0.7847941674777965,0.08745523097272145,0.872249398450518,0.0
default,48000,1,7,0193a206e04983fbfc2b0b7090a2206526ec6d42519b69d1a4291436c936eec5,2.5243326462812505,0.17628896331567812,1.0913745509314836,1.3112210153641222,0.10485708524683934,-0.29938961351926663,1.6954237607281044,0.0,-0.20924216452841438,0.24600761418645756,1.274455565706079,1.0913745509314836,-1.2911770619619984,0.0,0.0015718842429391366,1.0652134011776646,0.24600761418645756,1.3112210153641222,0.0
default,48000,1,8,61d4cf29a73d0fbebcfd1d461184e2ae14c4900d005b36c4d18f6b61215564be,2.479358391456363,0.016796264505813584,1.210243112627638,1.1790430575517326,0.09347901089734134,0.301581334578235,0.9033569323675004,0.14907129473861014,0.16447178878869773,0.0015401843198965537,1.0130310844431383,1.210243112627638,-1.1542300182915026,-0.10630053249550153,0.004034339610550913,1.177502873231836,0.0015401843198965537,1.1790430575517326,0.0
default,48000,1,9,794bd6f53d04e380a07ad3b23a7b78a7204d02f669ee999f3c58aefed46e047b,1.8749127330253783,0.006920852080442637,0.8075274226079832,0.9654226514161053,0.13148795206300568,0.6110771107746027,0.31223568347327246,0.1598359557840019,0.16868220171026094,0.08528707802893809,0.7114533716769063,0.8075274226079832,-0.8069525066363772,-0.1447082913324942,0.0029344837147238234,0.8801355733871672,0.08528707802893809,0.9654226514161053,0.0
default,48000,2,0,2bdde52c6bb6e994a3f0d7c441ff03c743b87486b9efafb8c87e3d9aefd1bf30,1.667987695239355,0.146289955470564,-0.7977616803212566,2.245075352545898,0.072921992087982,1.3078499489200346,0.2813982070061056,1.0142072885212385,0.985222846900967,0.04402077517148695,1.215831730473444,-0.7977616803212566,-1.4748004438679163,-1.0557330084914804,0.007054696017823547,2.201054577374411,0.04402077517148695,2.245075352545898,0.0
default,48000,2,1,010aa30e51836eeb1d0b2f3c13fdad4d158ec9cd81af62b9fe181df4c7aef7c4,1.4853663441773735,0.10459615038235276,0.9155217276908338,0.5026165905973513,0.056665083819970485,-0.0013996360216959047,0.5389748119990057,0.0,0.0,0.06359048147250745,0.43902610912484386,0.9155217276908338,-0.48091009215733926,0.0,0.0009188438325982706,0.43902610912484386,0.06359048147250745,0.5026165905973513,0.0
default,48000,2,2,a4040649f24d949a9daac8111c269e4d1a5257c969fae12fa7c69d0df9dbb2a3,1.7903448169843488,0.06530065052640845,0.5294122934166086,1.1580900989863023,0.02707799200915928,0.453492496049704,0.2073724361296687,0.5492898127029062,0.47888409942593757,0.05296924777498191,0.6262367517853829,0.5294122934166086,-0.6463478726665695,-0.5367288802065502,0.003851545424011782,1.1051208512113204,0.05296924777498191,1.1580900989863023,0.0
default,48000,2,3,f554c10b3a6ea3aad3da67bdd8822e211e5b121bc19cccf58079def91c367dd6,1.633659547758696,0.030277838668370194,1.009275157114324,0.5214279711310841,0.07807910814577346,0.01486418290324032,0.3841300753153156,0.1768245334764107,0.11384800824842212,0.06950075987873272,0.33807920300392924,1.009275157114324,-0.33246233502109557,-0.1652773485280976,0.014387111276234377,0.45192721125235136,0.06950075987873272,0.5214279711310841,0.0
default,48000,2,4,efeb704908aab4b37f9eb437d7027df36470cc446a4008dae4aeb97dab9705a9,1.7571311953478455,0.028057807580583932,1.0589183415698455,0.6655219461109203,0.020490113066678806,0.054774252310344274,0.7021432941592483,0.0,0.0,0.013753628527839012,0.6517683175830813,1.0589183415698455,-0.7364274334029137,0.0,0.005558679255005444,0.6517683175830813,0.013753628527839012,0.6655219461109203,0.0
default,48000,2,5,e026480bfdede18b0cad8aa9a8396507da1a7d4e1d8f8b035f580d6cf1dfb08c,2.0382857816324362,0.07723826429227065,0.8650231210373285,1.0424032060509243,0.06431746300533936,0.6309885850125838,0.4974403140121011,0.2596324714047633,0.24059128283312403,0.001410780842735937,0.8004011423750643,0.8650231210373285,-1.0844643679364339,-0.239279539487675,0.012120670814569023,1.0409924252081884,0.001410780842735937,1.0424032060509243,0.0
default,48000,2,6,aa52b477675f028f7f05585d6e76d7c1e052216fc5ff0c12d5b19191dbb9f848,1.684287487878199,0.009753710084708156,0.8161306399517354,0.8360850968535922,0.017627273413276967,0.15962049445866322,0.8738720503607579,0.0,0.0,0.003039800336620324,0.8330452965169719,0.8161306399517354,-1.015865271406144,0.0,0.0046836533546350395,0.8330452965169719,0.003039800336620324,0.8360850968535922,0.0
default,48000,2,7,0193a206e04983fbfc2b0b7090a2206526ec6d42519b69d1a4291436c936eec5,1.9646324290313881,0.1416669566399672,1.0344142432231398,1.0395418552530917,-0.019558021479089804,-0.48263369718948135,1.5090760420968967,0.0,-0.4918733104007315,0.527839599828914,1.0035755658249093,1.0344142432231398,-1.0460003663865052,0.0,0.004495590995204721,0.5117022554241777,0.527839599828914,1.0395418552530917,0.0
default,48000,2,8,61d4cf29a73d0fbebcfd1d461184e2ae14c4900d005b36c4d18f6b61215564be,1.684114713603159,0.01904654973906971,0.4672064661153237,1.299778887022671,0.030791135922546786,-0.10383956390354188,1.4409046203135478,0.0,-0.10946280573521205,0.2030909030240784,1.2061507897338046,0.4672064661153237,-1.3062739204874592,0.0,0.004937476399393237,1.0966879839985926,0.2030909030240784,1.299778887022671,0.0
default,48000,2,9,794bd6f53d04e380a07ad3b23a7b78a7204d02f669ee999f3c58aefed46e047b,2.214485599657578,0.05017711457342655,-0.8378546167761307,2.9700195123621276,0.08462898573990718,1.3759567469648715,0.3592675995352339,1.3654350169179166,1.526746361594212,0.19415305267826954,1.2491200980896457,-0.8378546167761307,-1.3832960639159328,-1.6327343137621821,0.0030287523589612175,2.775866459683858,0.19415305267826954,2.9700195123621276,0.0
default,48000,3,0,2bdde52c6bb6e994a3f0d7c441ff03c743b87486b9efafb8c87e3d9aefd1bf30,2.0199904588038278,0.058761379693445616,0.3713426247200817,1.5727914949294401,0.09048905981716604,0.7006709672127953,0.9208477121600032,0.03758201851301912,0.8855582704035103,0.6133212234232439,0.07391200110268592,0.3713426247200817,-0.6888106246068401,-0.8798010134618115,0.0078080911828808525,0.9594702715061962,0.6133212234232439,1.5727914949294401,0.0
default,48000,3,1,010aa30e51836eeb1d0b2f3c13fdad4d158ec9cd81af62b9fe181df4c7aef7c4,2.0114296243363494,0.10989802626731293,-1.2040312256246617,3.113137903751788,0.11047117607979651,1.6227767084931337,0.2193083067365933,1.5081364522481653,1.4698269014362562,0.14652239219352658,1.4967886101220051,-1.2040312256246617,-1.7302606586690774,-1.5094896327290184,0.006017058852509194,2.9666155115582615,0.14652239219352658,3.113137903751788,0.0
default,48000,3,2,a4040649f24d949a9daac8111c269e4d1a5257c969fae12fa7c69d0df9dbb2a3,1.5086323827031176,0.03288476077380237,-0.6886760451124774,2.133564716942578,0.03701291682586927,1.124961982826039,0.058022503682675364,1.0730876161891654,1.0636111645689201,0.028429129784264928,1.0415244225893927,-0.6886760451124774,-1.1456645200064823,-1.0733946658655285,0.002313246355193921,2.105135587158313,0.028429129784264928,2.133564716942578,0.0
default,48000,3,3,f554c10b3a6ea3aad3da67bdd8822e211e5b121bc19cccf58079def91c367dd6,2.2252532277372423,0.06543863324603186,0.5819653142995396,1.5577262034187538,0.17418825676340277,-0.31333833166311376,2.0481568094466787,0.0,-0.2651866723742162,0.2863646270928135,1.5365482487001565,0.5819653142995396,-1.5606302210201621,0.0,0.004460636628125125,1.2713615763259403,0.2863646270928135,1.5577262034187538,0.0
default,48000,3,4,efeb704908aab4b37f9eb437d7027df36470cc446a4008dae4aeb97dab9705a9,1.673342782510262,0.027115921604073723,-0.3164836767673975,1.9356028765695728,0.01908183059376367,0.6703677350437698,1.2644353357896128,0.3440668119393948,0.33141473247428044,0.019528442447408256,1.584659701647884,-0.3164836767673975,-1.9213334120550334,-0.3384546401239803,0.0005361726927052418,1.9160744341221645,0.019528442447408256,1.9356028765695728,0.0
default,48000,3,5,e026480bfdede18b0cad8aa9a8396507da1a7d4e1d8f8b035f580d6cf1dfb08c,1.4645521137155106,0.03187215090987197,-0.11480753337023009,1.4667307600931938,0.09667178041645808,0.6422803808347424,0.8879825719393399,0.2399932892677139,0.22496292920433225,0.06503116364316863,1.176736667245693,-0.11480753337023009,-1.4329868120355538,-0.24059764958978436,0.005959202775389444,1.4016995964500252,0.06503116364316863,1.4667307600931938,0.0
default,48000,3,6,aa52b477675f028f7f05585d6e76d7c1e052216fc5ff0c12d5b19191dbb9f848,1.4001854111749594,0.07662574014034934,-1.2719975226596132,2.6227414802182105,0.03742081695720367,1.2948752347516972,0.05972729206418359,1.470984274284198,1.3056106776082135,0.020186055619380916,1.2969447469906163,-1.2719975226596132,-1.3114136726571575,-1.476752311485718,0.006130322626438478,2.6025554245988296,0.020186055619380916,2.6227414802182105,0.0
default,48000,3,7,0193a206e04983fbfc2b0b7090a2206526ec6d42519b69d1a4291436c936eec5,1.4922355228798736,0.030160263249077668,-0.2022225663918933,1.6352012245068368,0.0370359108270657,0.6725780119188214,1.181896169295909,0.2582615606354315,0.23771256110733585,0.005411188011452461,1.3920774753880485,-0.2022225663918933,-1.8202534254312561,-0.25544640559183973,0.001878241384963536,1.6297900364953843,0.005411188011452461,1.6352012245068368,0.0
default,48000,3,8,61d4cf29a73d0fbebcfd1d461184e2ae14c4900d005b36c4d18f6b61215564be,1.628819363589285,0.09165207304703848,0.12182404226647137,1.49819857697891,0.05705816836268163,-0.07259581120890113,1.6043935996317864,0.0,-0.06617717845081938,0.12688863649720883,1.4374871189325205,0.12182404226647137,-1.4747396200602036,0.0,0.0044486868368111,1.371309940481701,0.12688863649720883,1.49819857697891,0.0
default,48000,3,9,794bd6f53d04e380a07ad3b23a7b78a7204d02f669ee999f3c58aefed46e047b,2.151862898523741,0.029062430349623858,0.008761146028625433,2.0672204551628584,0.06215250402564698,0.9689496633282861,0.6426954140163602,0.7256298030174938,0.6922292371795313,0.005399696054155134,1.3695915219291717,0.008761146028625433,-1.5554344698168527,-0.7196879065196407,0.008913111082766711,2.061820759108703,0.005399696054155134,2.0672204551628584,0.0
default,48000,4,0,2bdde52c6bb6e994a3f0d7c441ff03c743b87486b9efafb8c87e3d9aefd1bf30,1.863056978741554,0.028253321619329086,0.37989409791241524,1.3531490939107331,0.06880457015988029,0.49846466629852815,0.2645789309625872,0.5665598538213521,0.4406324811357516,0.1931941108699855,0.719322501904996,0.37989409791241524,-0.7207137675719886,-0.5400851133505986,0.006104329616140602,1.1599549830407476,0.1931941108699855,1.3531490939107331,0.0
default,48000,4,1,010aa30e51836eeb1d0b2f3c13fdad4d158ec9cd81af62b9fe181df4c7aef7c4,2.4137357222958813,0.3097172893255113,-0.6989422141288504,3.2037486762768648,0.09529397616643043,0.8188245443580406,0.9525352617122909,1.3533834153245374,0.8276750668228734,0.7149933125552687,1.6610802968987226,-0.6989422141288504,-1.6752847707876588,-1.35416447444078,0.0015675089573962547,2.4887553637215962,0.7149933125552687,3.2037486762768648,0.0
default,48000,4,2,a4040649f24d949a9daac8111c269e4d1a5257c969fae12fa7c69d0df9dbb2a3,2.0061924015623487,0.15757664671219399,-0.8006703761161176,2.657278453978492,0.0626604319493671,1.3512182390086849,0.195634373163301,1.3251578301376337,1.2289973018101201,0.07161448388519553,1.3566666682831765,-0.8006703761161176,-1.4533824751089073,-1.3559675352513452,0.00616704289224633,2.5856639700932966,0.07161448388519553,2.657278453978492,0.0
default,48000,4,3,f554c10b3a6ea3aad3da67bdd8822e211e5b121bc19cccf58079def91c367dd6,1.491650630485416,0.017071011359809263,-0.4543055144559758,1.946358444930119,0.19719203302085386,1.149388177038212,0.9452581857073814,0.48394290465265644,0.4841497273879567,0.07802727110302676,1.3841814464391355,-0.4543055144559758,-1.8873494341432377,-0.4940478002341586,0.0050145644111421195,1.8683311738270922,0.07802727110302676,1.946358444930119,0.0
default,48000,4,4,efeb704908aab4b37f9eb437d7027df36470cc446a4008dae4aeb97dab9705a9,1.7091613728841362,0.18805479516476986,-1.0014411318566827,2.666030480500481,0.2222822507840383,1.039968272198355,0.44033998429698795,1.7556981964140144,1.1713738391545645,0.3120168944745152,1.1826397468714012,-1.0014411318566827,-1.206644347720799,-1.80707985440452,0.010688912070117351,2.3540135860259657,0.3120168944745152,2.666030480500481,0.0
default,48000,4,5,e026480bfdede18b0cad8aa9a8396507da1a7d4e1d8f8b035f580d6cf1dfb08c,2.432688415891438,0.000669184063160716,-0.6184709168657507,2.973467001618265,0.055946370650184596,0.920687498024036,0.7430521606392233,1.334369331796899,0.9374459112512739,0.4294555428058364,1.6065655475611549,-0.6184709168657507,-1.6131485229529143,-1.3290140968570596,0.0024934037978572854,2.5440114588124287,0.4294555428058364,2.973467001618265,0.0
default,48000,4,6,aa52b477675f028f7f05585d6e76d7c1e052216fc5ff0c12d5b19191dbb9f848,1.9824313074889677,0.0077566906648605105,0.42826793906152405,1.4318863028635758,0.05642301251158677,0.44146892557029505,0.6630800868373441,0.4341231626164306,0.33572384001557687,0.06650452011788333,1.0296579427301156,0.42826793906152405,-1.06070207335924,-0.4215470891532429,0.007905350751570395,1.3653817827456924,0.06650452011788333,1.4318863028635758,0.0
default,48000,4,7,0193a206e04983fbfc2b0b7090a2206526ec6d42519b69d1a4291436c936eec5,1.8619090479481217,0.045593679947412924,0.8539864657197604,0.9290835169293511,0.07672943412814881,0.48424077456214265,0.38801379588779095,0.1918974844504353,0.1808890916254171,0.0375896527386006,0.7106047725653334,0.8539864657197604,-0.8090182746512367,-0.17840434612098344,0.0064423177624491346,0.8914938641907505,0.0375896527386006,0.9290835169293511,0.0
default,48000,4,8,61d4cf29a73d0fbebcfd1d461184e2ae14c4900d005b36c4d18f6b61215564be,2.2219705224329283,0.05912360184475718,-1.0240630059930567,3.2541357808053863,-0.012017338690406554,1.374581092135706,0.3014429381878201,1.5582418476357138,1.3910242869205964,0.24156699724567687,1.6215444966391133,-1.0240630059930567,-1.6704351167581546,-1.575848099891492,0.005790644143192414,3.0125687835597095,0.24156699724567687,3.2541357808053863,0.0
default,48000,4,9,794bd6f53d04e380a07ad3b23a7b78a7204d02f669ee999f3c58aefed46e047b,1.9330779822452926,0.22277834903824512,1.07061001938995,0.7228059657291797,0.111199917255428,0.134475755320564,0.6184767829062312,0.06058202632101417,0.024502483440562717,0.037664649200444655,0.6606388330881723,1.07061001938995,-0.6647648126208922,-0.03756983467148922,0.000772171573226732,0.685141316528735,0.037664649200444655,0.7228059657291797,0.0
default,48000,5,0,2bdde52c6bb6e994a3f0d7c441ff03c743b87486b9efafb8c87e3d9aefd1bf30,2.0157575037372766,0.005497925434632123,1.0190647699366453,0.9996946591023038,0.0019779782358837483,-0.04456552245986334,1.0748764054935125,0.0,-0.015351067351020875,0.031711013583762604,0.9833347128695621,1.0190647699366453,-1.0283329047977654,0.0,0.002298642398481654,0.9679836455185412,0.031711013583762604,0.9996946591023038,0.0
default,48000,5,1,010aa30e51836eeb1d0b2f3c13fdad4d158ec9cd81af62b9fe181df4c7aef7c4,2.5703154780587116,0.007937349678263123,1.0946002209376262,1.3916240747159567,0.049997420302993256,0.46625817782774415,0.9353566357770609,0.06149107303659407,0.9470959632884435,0.23846055809553102,0.20606755333198223,1.0946002209376262,-0.45705168115033545,-0.9560567851880702,0.0007499566826626725,1.1531635166204257,0.23846055809553102,1.3916240747159567,0.0
default,48000,5,2,a4040649f24d949a9daac8111c269e4d1a5257c969fae12fa7c69d0df9dbb2a3,2.026809308807885,0.1433358412173687,0.6881490350346628,1.2975987131552815,0.12315873740098904,-0.14798903504166727,1.6022556568719613,0.0,-0.14917062477341303,0.1550038176266979,1.2917655203019967,0.6881490350346628,-1.331107884429305,0.0,0.003024278678611922,1.1425948955285836,0.1550038176266979,1.2975987131552815,0.0
default,48000,5,3,f554c10b3a6ea3aad3da67bdd8822e211e5b121bc19cccf58079def91c367dd6,2.2772105478668774,0.04549794420860209,0.5004261518131563,1.764223775138535,0.09718224939841391,-0.26960366767204924,2.0967534607183773,0.0,-0.23983615714212947,0.33103667485609733,1.6730232574245671,0.5004261518131563,-1.729967543647914,-1.1102230246251565e-16,0.001032154943310843,1.4331871002824377,0.33103667485609733,1.764223775138535,0.0
default,48000,5,4,efeb704908aab4b37f9eb437d7027df36470cc446a4008dae4aeb97dab9705a9,2.462654664639695,0.044261829208085746,0.25988200807313255,2.1116185464138657,0.2406647043565835,0.6490527908279211,1.6369998919062605,-0.10082670407708161,1.290020712623422,0.8686290118640116,-0.047031178073567936,0.25988200807313255,-0.6490527908279212,-1.2955084834725956,0.006136079529222016,1.242989534549854,0.8686290118640116,2.1116185464138657,0.0
default,48000,5,5,e026480bfdede18b0cad8aa9a8396507da1a7d4e1d8f8b035f580d6cf1dfb08c,2.265765034275316,0.0064312110894141905,-0.4868851432028434,2.559728588894346,0.0689462614902343,1.0447673905567907,0.2620796497804898,1.529901886031232,1.1174642403144615,0.19758262290230233,1.2446817256775822,-0.4868851432028434,-1.2407323224387423,-1.527070342439536,0.0034849104827231678,2.3621459659920436,0.19758262290230233,2.559728588894346,0.0
default,48000,5,6,aa52b477675f028f7f05585d6e76d7c1e052216fc5ff0c12d5b19191dbb9f848,2.5000028730248713,0.01923077286236291,0.43043858679038927,2.0294884329853335,0.02172251290252114,0.9651582086728565,0.2760586267203067,0.8338107852962162,1.0686189746490293,0.0464525607080557,0.9144168976282483,0.43043858679038927,-0.9601753643908834,-1.093129743395975,0.004419229442431338,1.9830358722772776,0.0464525607080557,2.0294884329853335,0.0
default,48000,5,7,0193a206e04983fbfc2b0b7090a2206526ec6d42519b69d1a4291436c936eec5,2.1130459021862356,0.014223764553112805,0.1849509387628503,1.8359984768082496,0.0609976248873092,0.5952715544163456,0.7554457298622483,0.6228455872737051,1.2726004178727761,0.008183905687953352,0.5552141532475201,0.1849509387628503,-0.5880269620631584,-1.3245382846018314,0.006156815674182671,1.8278145711202962,0.008183905687953352,1.8359984768082496,0.0
default,48000,5,8,61d4cf29a73d0fbebcfd1d461184e2ae14c4900d005b36c4d18f6b61215564be,1.8392355358532004,0.0703593225523042,0.29705297265924635,1.4713540372209557,0.06595587777077205,-0.21648131969276063,1.7965499797360027,0.0,-0.19717972489675972,0.2291076261734324,1.439426135944283,0.29705297265924635,-1.51411278227247,0.0,0.0007069997698079256,1.2422464110475233,0.2291076261734324,1.4713540372209557,0.0
default,48000,5,9,794bd6f53d04e380a07ad3b23a7b78a7204d02f669ee999f3c58aefed46e047b,2.43725618271598,0.008715103781135047,0.2855318190988534,2.0792958425891737,0.05603752184458033,1.0155754860516324,0.34202549650198666,0.7579846139226547,1.0394900683128685,0.12534570206772955,0.9144600722085758,0.2855318190988534,-1.0055316255536937,-1.054016449078,0.002839208077620947,1.9539501405214443,0.12534570206772955,2.0792958425891737,0.0
default,48000,6,0,2bdde52c6bb6e994a3f0d7c441ff03c743b87486b9efafb8c87e3d9aefd1bf30,1.766836551996848,0.004829161244520375,-1.225123009097619,3.0354570781454644,0.032171162926685204,1.5037321846107834,0.30176485852470103,1.3433071787493263,1.3125554653359166,0.22558366771609073,1.497317945093457,-1.225123009097619,-1.7028338856513627,-1.4137991733067627,0.014320459029351806,2.8098734104293737,0.22558366771609073,3.0354570781454644,0.0
default,48000,6,1,010aa30e51836eeb1d0b2f3c13fdad4d158ec9cd81af62b9fe181df4c7aef7c4,1.8109735494829111,0.34801288032749556,-0.5482269376967759,2.3914066939002736,0.1008002739505861,0.6757806468159666,0.7926415742960087,0.9733500280817133,0.6074550929914961,0.47924428038378863,1.3047073205249888,-0.5482269376967759,-1.3594205432453321,-0.9815514319977704,0.00888916473999976,1.912162413516485,0.47924428038378863,2.3914066939002736,0.0
default,48000,6,2,a4040649f24d949a9daac8111c269e4d1a5257c969fae12fa7c69d0df9dbb2a3,2.1128112390072014,0.017296558513395288,-1.3238660897903523,3.3724927165409406,0.03387363509049002,1.475812482329472,0.3518666471600309,1.6369689529502875,1.4690389306151446,0.2628030976608797,1.6406506882649161,-1.3238660897903523,-1.7082382874096373,-1.7225361599396631,0.004801819619326554,3.1096896188800605,0.2628030976608797,3.37249271654094,-4.440892098500626e-16
default,48000,6,3,f554c10b3a6ea3aad3da67bdd8822e211e5b121bc19cccf58079def91c367dd6,1.4246967768893446,0.07450690996529874,-0.5498463824963147,1.9418329943599786,0.07662662200874037,0.786195068921232,0.30419207559883366,1.065692331160714,0.7852579779418766,0.2357123687303817,0.9208626476877204,-0.5498463824963147,-0.996395076121634,-1.0830577775504053,0.00494384988728791,1.7061206256295969,0.2357123687303817,1.9418329943599786,0.0
default,48000,6,4,efeb704908aab4b37f9eb437d7027df36470cc446a4008dae4aeb97dab9705a9,1.621805760760211,0.00023985963011646794,-1.0538980702102454,2.6231433833712563,0.08629907158329186,1.4274892123871439,0.45265387971076243,1.1007615486189415,1.0707740036793019,0.1883689529362007,1.3640004267557535,-1.0538980702102454,-1.777911512432634,-1.116694056700922,0.00262449743344495,2.4347744304350556,0.1883689529362007,2.6231433833712563,0.0
default,48000,6,5,e026480bfdede18b0cad8aa9a8396507da1a7d4e1d8f8b035f580d6cf1dfb08c,1.7458308698404186,0.0851014561792206,-1.2529347164199072,3.0177853857014556,0.11911185356354537,1.5739874204094435,0.2886422092920806,1.3911706338917844,1.3676206487704228,0.14232611641629744,1.5078386205147354,-1.2529347164199072,-1.7191386037487142,-1.415549806281049,0.01264567921624754,2.875459269285158,0.14232611641629744,3.0177853857014556,0.0
default,48000,6,6,aa52b477675f028f7f05585d6e76d7c1e052216fc5ff0c12d5b19191dbb9f848,1.9353649965984527,0.057556924659076025,-1.0757585932142062,2.992954733198736,0.07754295510342635,1.3315176804935527,0.6021659446581635,1.1999869142820494,1.1561536774286132,0.23522271253387128,1.6015783432362516,-1.0757585932142062,-1.8476960356246206,-1.2084315487057187,0.018192350286885678,2.757732020664865,0.23522271253387128,2.992954733198736,0.0
default,48000,6,7,0193a206e04983fbfc2b0b7090a2206526ec6d42519b69d1a4291436c936eec5,1.7558356994189441,0.062232030318927545,-1.101966319203255,2.810996941689132,0.02390038135375705,1.5582996338756232,0.30786787682443606,1.2660362434260173,1.3091225851717734,0.16282461426630812,1.3390497422510503,-1.101966319203255,-1.7479130274684602,-1.3603903453038595,0.001586170169161176,2.6481723274228237,0.16282461426630812,2.810996941689132,0.0
default,48000,6,8,61d4cf29a73d0fbebcfd1d461184e2ae14c4900d005b36c4d18f6b61215564be,1.9386216816813282,0.03307857686489433,-1.3175849226629115,3.1227194772561404,0.03604543770500146,1.728108140758581,0.19665417390461282,1.4983790631841878,1.5190243285243725,0.10936888355975083,1.494326265172017,-1.3175849226629115,-1.783364266847853,-1.603731673294527,0.008600802996116208,3.01335059369639,0.10936888355975083,3.1227194772561404,0.0
default,48000,6,9,794bd6f53d04e380a07ad3b23a7b78a7204d02f669ee999f3c58aefed46e047b,1.7650601345545254,0.26923376069906957,-0.539967254228821,2.3046468224628667,0.12056148910422326,0.6570826346003544,0.8094664170343109,0.9240053145244422,0.5850975362944639,0.4396214619885417,1.279927824179861,-0.539967254228821,-1.34120881650271,-0.928784060552174,0.003409157020308917,1.865025360474325,0.4396214619885417,2.3046468224628667,0.0
default,48000,7,0,2bdde52c6bb6e994a3f0d7c441ff03c743b87486b9efafb8c87e3d9aefd1bf30,2.0229829225947196,0.06499339688849082,1.0111662909429553,0.9768526844397726,0.06819144901851415,-0.17079753232130335,1.1739429154518293,0.0,-0.1357515995936014,0.19248755352434155,0.9201167305090324,1.0111662909429553,-0.9349539341120118,0.0,0.005765536858122755,0.784365130915431,0.19248755352434155,0.9768526844397726,0.0
default,48000,7,1,010aa30e51836eeb1d0b2f3c13fdad4d158ec9cd81af62b9fe181df4c7aef7c4,2.0661329916796505,0.008936550645735064,0.43603047843021825,1.479584320332987,0.07477599694518156,0.6914826653168795,0.9707147534183747,0.1910709381079334,0.18617449678427134,0.04626108276064933,1.2471487407880664,0.43603047843021825,-1.5907773542056292,-0.18771500569237687,0.005727487919288898,1.4333232375723377,0.04626108276064933,1.479584320332987,0.0
default,48000,7,2,a4040649f24d949a9daac8111c269e4d1a5257c969fae12fa7c69d0df9dbb2a3,1.8854806411135667,0.11800408139689422,-0.25771185620957526,1.9753871363686615,0.10832244405909808,0.7367263710639891,0.5172852255726998,0.9088162482368006,0.6708247793222286,0.18481501118178234,1.1197473458646505,-0.25771185620957526,-1.1566736135985916,-0.8978317872157998,0.005559090747897358,1.7905721251868791,0.18481501118178234,1.9753871363686615,0.0
default,48000,7,3,f554c10b3a6ea3aad3da67bdd8822e211e5b121bc19cccf58079def91c367dd6,1.7977070956510546,0.013529146563074884,0.2154325316411141,1.4448096459993072,0.05640024714237135,0.9332932843434484,0.05812863606630558,0.6945814876752248,0.7030993905575547,0.04823817599226643,0.693472079449486,0.2154325316411141,-0.9313921758093402,-0.6982109851332671,0.003192906343726376,1.3965714700070406,0.04823817599226643,1.4448096459993072,0.0
default,48000,7,4,efeb704908aab4b37f9eb437d7027df36470cc446a4008dae4aeb97dab9705a9,1.5106641597620394,0.24640729999684047,-0.8522939792711179,2.3899280510359424,0.06667867180832698,1.075372657319994,0.27883590267621994,1.0656755002572176,0.9850670486728088,0.1669105219529432,1.2379504804101904,-0.8522939792711179,-1.2777325504464678,-1.0754728379986365,0.009527858064649453,2.223017529082999,0.1669105219529432,2.3899280510359424,0.0
default,48000,7,5,e026480bfdede18b0cad8aa9a8396507da1a7d4e1d8f8b035f580d6cf1dfb08c,1.5945032068365297,0.012581874738198516,0.3989074018998031,1.1394156732037524,0.18409641162239088,0.2842765954850641,1.1709854418825472,1.1102230246251565e-16,0.0,0.021657021599664095,1.1177586516040883,0.3989074018998031,-1.2711656257452206,0.0,0.013100826722618142,1.1177586516040883,0.021657021599664095,1.1394156732037524,0.0
default,48000,7,6,aa52b477675f028f7f05585d6e76d7c1e052216fc5ff0c12d5b19191dbb9f848,1.8124458592514434,0.1606488422783886,0.44751236990721077,1.317807123818645,0.10416183061501583,-0.11901487312756487,1.4338190932717705,0.0,-0.19118591268001017,0.3153399425906649,1.1936530939079903,0.44751236990721077,-1.2106423895291898,0.0,0.017593050568166846,1.0024671812279802,0.3153399425906649,1.317807123818645,0.0
default,48000,7,7,0193a206e04983fbfc2b0b7090a2206526ec6d42519b69d1a4291436c936eec5,1.816813057955335,0.05406306752331258,-0.26354294935979183,1.97557996280821,0.14325720315691948,0.9450781070407392,1.0780344781326598,0.4622429452470922,0.4622429452470922,0.10046987703263444,1.4128671405284834,-0.26354294935979183,-1.8787929825108625,-0.4633053447527089,0.0030204574676157073,1.8751100857755756,0.10046987703263444,1.97557996280821,0.0
default,48000,7,8,61d4cf29a73d0fbebcfd1d461184e2ae14c4900d005b36c4d18f6b61215564be,1.9527955094846747,0.11196569288096755,-0.2167583171424905,1.9553010035975678,0.13009377163280422,0.8427963911380076,0.42185269313907703,0.8871630460370066,0.7311101541542764,0.0939158378584346,1.1302750115848568,-0.2167583171424905,-1.1714847148299472,-0.8502336438513401,0.0003809469274740976,1.8613851657391332,0.0939158378584346,1.9553010035975678,0.0
default,48000,7,9,794bd6f53d04e380a07ad3b23a7b78a7204d02f669ee999f3c58aefed46e047b,1.8953451985111882,0.0036053044122101863,0.5982809782202181,1.270361740415778,0.0355550835836318,-0.12045366292275683,1.4263771932195317,0.0,-0.054539086234127065,0.0992952498402695,1.2256055768096357,0.5982809782202181,-1.270368446713143,0.0,0.006284859854532754,1.1710664905755086,0.0992952498402695,1.270361740415778,0.0
default,48000,8,0,2bdde52c6bb6e994a3f0d7c441ff03c743b87486b9efafb8c87e3d9aefd1bf30,2.1607864168305952,0.12087152385828467,0.3281734221020276,1.761713371915667,0.03869787421050197,0.6009088679628527,0.7598179727537966,0.5504915996019777,0.5001078606782134,0.026285061007221167,1.2353204502302324,0.3281734221020276,-1.3370971555310713,-0.5354234105770537,0.0018277387679624946,1.7354283109084458,0.026285061007221167,1.761713371915667,0.0
default,48000,8,1,010aa30e51836eeb1d0b2f3c13fdad4d158ec9cd81af62b9fe181df4c7aef7c4,2.16563688989404,0.0025955941205109134,0.837047608110304,1.2492649870870345,0.03825878946780592,-0.19542995519164275,1.3672683596675541,0.0573148491572697,-0.171735547440395,0.31112963217362366,1.1098709023538058,0.837047608110304,-1.1340736343483075,-0.0568208298170676,0.0055879972167943714,0.9381353549134108,0.31112963217362366,1.2492649870870345,0.0
default,48000,8,2,a4040649f24d949a9daac8111c269e4d1a5257c969fae12fa7c69d0df9dbb2a3,2.2641000944561105,0.07166441731939416,0.604550919936746,1.6219238435631353,0.04592542610736139,0.5990518933644888,0.823704435333837,0.426587093658952,0.4036415629311749,0.0034443422070686847,1.2148379384248917,0.604550919936746,-1.3855603947883828,-0.4178576014615336,0.005306365491662066,1.6184795013560667,0.0034443422070686847,1.6219238435631353,0.0
default,48000,8,3,f554c10b3a6ea3aad3da67bdd8822e211e5b121bc19cccf58079def91c367dd6,3.033562795261185,0.007532947965705888,1.8267167954513344,1.1522290118806318,0.03568795075653308,-0.057628455440631665,1.1647061314938902,0.09632144007985088,0.0,0.08954170954158336,1.0626873023390484,1.8267167954513344,-1.087265503514497,-0.08044566186207947,0.004192827323777452,1.0626873023390484,0.08954170954158336,1.1522290118806318,0.0
default,48000,8,4,efeb704908aab4b37f9eb437d7027df36470cc446a4008dae4aeb97dab9705a9,2.156553746203207,0.40919564649310736,-0.5262761023538758,2.5944240092308855,-0.0032185940682554204,0.9204401166241019,0.41530687622081164,1.3542777166669513,0.9677622211204397,0.3369572588078982,1.2897045293025478,-0.5262761023538758,-1.3143422329199899,-1.3789010706601301,0.0008593433146675961,2.2574667504229877,0.3369572588078982,2.594424009230886,4.440892098500626e-16
default,48000,8,5,e026480bfdede18b0cad8aa9a8396507da1a7d4e1d8f8b035f580d6cf1dfb08c,2.1386614725920934,0.04306293376860307,-1.4099680724740038,3.4236870073192778,0.0925657287441628,1.9272200189392725,0.4142256205937125,1.3982157762674032,1.6970211452965134,0.28625937865728757,1.4404064833654768,-1.4099680724740038,-1.9330702852492658,-1.7140254018069596,0.00537920735172423,3.13742762866199,0.28625937865728757,3.4236870073192778,0.0
default,48000,8,6,aa52b477675f028f7f05585d6e76d7c1e052216fc5ff0c12d5b19191dbb9f848,1.8105215426230017,0.023268583858778058,-1.4473629789003528,3.2227527324580567,0.08092356157983494,1.8040328566361221,0.22972415230421905,1.4835345773595043,1.4973313621114448,0.09592707108395881,1.629494299262653,-1.4473629789003528,-1.9271126386545843,-1.5092553860654265,0.005448533162891844,3.126825661374098,0.09592707108395881,3.2227527324580567,0.0
default,48000,8,7,0193a206e04983fbfc2b0b7090a2206526ec6d42519b69d1a4291436c936eec5,1.9034074421007852,0.010371535550291133,0.47520417046549657,1.39735879158779,0.11553559025036342,0.3097860299875046,1.1107460332416157,0.15822854248012574,0.1280567419906231,0.020874618940335044,1.248427430656832,0.47520417046549657,-1.3115335003768092,-0.15169151508207346,0.005675513222596185,1.376484172647455,0.020874618940335044,1.39735879158779,0.0
default,48000,8,8,61d4cf29a73d0fbebcfd1d461184e2ae14c4900d005b36c4d18f6b61215564be,1.9391045771788664,0.1252934752544888,-0.055294481377620386,1.9503842537191667,-0.0012060869768822924,0.9838387670716751,0.14663225215194703,0.9548352535603506,0.8958905576839142,0.029108427586459484,1.025385268448793,-0.055294481377620386,-1.1215490250610707,-0.964963334699784,0.0034470951891179755,1.9212758261327072,0.029108427586459484,1.9503842537191667,0.0
default,48000,8,9,794bd6f53d04e380a07ad3b23a7b78a7204d02f669ee999f3c58aefed46e047b,2.9286034048988565,0.00983124588377808,0.8383703243554748,2.075312374747429,0.023286067031239144,0.6450953120033132,0.43583967352706354,1.0731774733027866,0.706916572110706,0.30595160903673446,1.0624441935999887,0.8383703243554748,-1.067392026293968,-1.063434365507956,0.002595988145828551,1.7693607657106947,0.30595160903673446,2.075312374747429,0.0
default,48000,9,0,2bdde52c6bb6e994a3f0d7c441ff03c743b87486b9efafb8c87e3d9aefd1bf30,3.4062388124673,0.017232697531292862,0.6276515515230505,2.7549815087706557,0.07680593570567029,-0.0967693464032422,1.8105397364028337,1.0797878755613028,-0.02248718499764535,1.1236622238779184,1.653806469890383,0.6276515515230505,-1.6487080412243482,-1.0680442886308756,0.004301653165871215,1.6313192848927376,1.1236622238779184,2.7549815087706557,0.0
default,48000,9,1,010aa30e51836eeb1d0b2f3c13fdad4d158ec9cd81af62b9fe181df4c7aef7c4,3.6990180718905696,0.018676995665261098,1.023159579432762,2.5505564892950936,0.09249427906172891,-0.25130664711789663,1.8178576426195243,1.0701080707594985,-0.18738738660102894,1.2574353543579477,1.4805085215381746,1.023159579432762,-1.477435708790552,-1.0667290784088452,0.0004653371187099964,1.2931211349371456,1.2574353543579477,2.5505564892950936,0.0
default,48000,9,2,a4040649f24d949a9daac8111c269e4d1a5257c969fae12fa7c69d0df9dbb2a3,3.2902910963072336,0.07807349412632994,0.971378140680768,2.2463763084973403,0.03211474251023688,-0.17240521711614276,2.0802269941037115,0.3592689609969888,-0.12266847178621121,0.4825853729608687,1.886459407322683,0.971378140680768,-1.8809744999238156,-0.35400149555050503,0.00556734132136949,1.7637909355364718,0.4825853729608687,2.2463763084973403,0.0
default,48000,9,3,f554c10b3a6ea3aad3da67bdd8822e211e5b121bc19cccf58079def91c367dd6,3.366953159574841,0.017110100086070723,1.0389006138310437,2.117088240650109,0.04197777699204114,-0.47993282668674686,2.3059993666360046,0.297844059843861,-0.4124443544144345,0.7262539331269102,1.8032786619376333,1.0389006138310437,-1.7936865549554684,-0.2882462678456092,0.005459341160263753,1.3908343075231988,0.7262539331269102,2.117088240650109,0.0
default,48000,9,4,efeb704908aab4b37f9eb437d7027df36470cc446a4008dae4aeb97dab9705a9,3.1326860035005115,0.028151810675398736,0.7811823153914403,2.32043612886183,0.024590524982349704,-0.1391845985300857,2.1280954532590197,0.35100576199403033,-0.0868732093540383,0.43592834889536003,1.9713809893205083,0.7811823153914403,-1.9705585886491268,-0.34476750309148785,0.0005810940680720522,1.88450777996647,0.43592834889536003,2.32043612886183,0.0
default,48000,9,5,e026480bfdede18b0cad8aa9a8396507da1a7d4e1d8f8b035f580d6cf1dfb08c,3.252753104249678,0.05677260486724954,1.205555799027529,1.8448036501161873,0.11683202564931366,-0.8034134968842728,2.597451051457904,0.17587700901301906,-0.7816129613531664,0.9376085741437918,1.6888080373255618,1.205555799027529,-1.6824925628927774,-0.17058997504455936,0.002684185545161366,0.9071950759723955,0.9376085741437918,1.8448036501161873,0.0
default,48000,9,6,aa52b477675f028f7f05585d6e76d7c1e052216fc5ff0c12d5b19191dbb9f848,3.307928980416338,0.08617605590809757,0.7307958185851025,2.4853473425905994,0.0545621830776335,-0.17341546866574897,1.7694221860639114,0.94752032145505,-0.11509075382434752,1.057259396764503,1.5431786996504442,0.7307958185851025,-1.5423134585473397,-0.9466513972282391,0.0002518874344495936,1.4280879458260967,1.057259396764503,2.4853473425905994,0.0
default,48000,9,7,0193a206e04983fbfc2b0b7090a2206526ec6d42519b69d1a4291436c936eec5,3.494300714775456,0.028485755698670512,1.2437701272783128,2.105502656952666,0.08075604113981949,-0.5598776717891347,1.9292182054632718,0.8625625854199948,-0.5240279301764887,1.3350550991438768,1.2944754879852778,1.2437701272783128,-1.2908369167759888,-0.8603101611783236,0.0007905388869074012,0.770447557808789,1.3350550991438768,2.105502656952666,0.0
default,48000,9,8,61d4cf29a73d0fbebcfd1d461184e2ae14c4900d005b36c4d18f6b61215564be,3.2952302081778515,0.018943939656274944,0.6928307781761642,2.509875377838918,0.026244421859035194,-0.14643722794946523,2.1735246006228714,0.5160106465729122,-0.08500688494277409,0.5751331400832296,2.0197491226984625,0.6928307781761642,-2.0076842032800144,-0.5091693941072688,0.0002547077173310486,1.9347422377556884,0.5751331400832296,2.509875377838918,0.0
default,48000,9,9,794bd6f53d04e380a07ad3b23a7b78a7204d02f669ee999f3c58aefed46e047b,3.543172093819159,0.006255921315778519,1.635128159774891,1.8364422855038571,0.03373211311997448,-1.0191716681307217,2.6533020680323487,0.20784579070764275,-0.9521538278461337,1.182597347152281,1.6059987661977098,1.635128159774891,-1.604825537868234,-0.20341853962106138,0.0015310357825936115,0.6538449383515761,1.182597347152281,1.8364422855038571,0.0
default,48000,10,0,2bdde52c6bb6e994a3f0d7c441ff03c743b87486b9efafb8c87e3d9aefd1bf30,1.714153576487771,0.1144698148125986,-0.30549213095859873,2.023132233609415,0.01877249052069141,0.7449250560848073,0.37800842230042275,0.9069094788296873,0.6846720517548301,0.2938446344685517,1.0446155473860332,-0.30549213095859873,-1.0969531319649768,-0.9141173347292493,0.0014922838622058177,1.7292875991408634,0.2938446344685517,2.023132233609415,0.0
default,48000,10,1,010aa30e51836eeb1d0b2f3c13fdad4d158ec9cd81af62b9fe181df4c7aef7c4,2.189033656651648,0.16849309016222364,0.16257374859305074,1.9272081684823115,0.07297176129716587,0.7368064616032597,0.5719471880390072,0.8800636467857712,1.15154579602478,0.06395414732980642,0.7117082251277251,0.16257374859305074,-0.7284264248962019,-1.38741911023467,0.009724966680459218,1.863254021152505,0.06395414732980642,1.9272081684823115,0.0
default,48000,10,2,a4040649f24d949a9daac8111c269e4d1a5257c969fae12fa7c69d0df9dbb2a3,1.5031171380134254,0.20644111136682258,-0.6638821479535757,2.117454016622315,0.04508323221167143,1.0310670507614357,0.7707788274185723,0.6970029495608605,0.6743102671422045,0.0711843658452258,1.3719593836348847,-0.6638821479535757,-1.748326252859101,-0.705439342670096,0.007126440207841301,2.046269650777089,0.0711843658452258,2.117454016622315,0.0
default,48000,10,3,f554c10b3a6ea3aad3da67bdd8822e211e5b121bc19cccf58079def91c367dd6,2.4519195319887475,0.0022090741263583735,-1.7257964663677985,4.211686380822835,0.2750708772632877,2.000186066758311,0.5410806519522515,1.8252386059434473,1.8556490694574042,0.42985535464962377,1.9261819567158072,-1.7257964663677985,-2.153199278716274,-1.938235168674448,0.0015767912386909777,3.7818310261732115,0.42985535464962377,4.211686380822835,0.0
default,48000,10,4,efeb704908aab4b37f9eb437d7027df36470cc446a4008dae4aeb97dab9705a9,2.046096279535342,0.029877485012732935,-0.7234760377537057,2.739832439420383,0.05047811277709502,1.4298067815346287,0.42103847041733555,1.117270163912879,1.3445470042751364,0.3180216329871097,1.0772638021581369,-0.7234760377537057,-1.4802997105634017,-1.4373375925243463,0.009368311610533031,2.4218108064332733,0.3180216329871097,2.739832439420383,0.0
default,48000,10,5,e026480bfdede18b0cad8aa9a8396507da1a7d4e1d8f8b035f580d6cf1dfb08c,1.7728943457859945,0.014528449383582331,-0.4278858227931339,2.0457083902588087,0.06441247437404973,0.9455570652184668,0.19353556792618143,1.0673643094956953,0.9375511308666051,0.12143677513125928,0.9867204842609445,-0.4278858227931339,-1.0267944679220111,-1.115250000344283,0.0073412904157943715,1.9242716151275496,0.12143677513125928,2.0457083902588087,0.0
default,48000,10,6,aa52b477675f028f7f05585d6e76d7c1e052216fc5ff0c12d5b19191dbb9f848,2.0781506926458144,0.050889229172280226,0.041296550563637346,2.035575691517849,0.060316797061551464,0.7755160238947414,0.776287413463816,0.41816132151878693,1.1240998454273363,0.5286004087123988,0.3828754373781138,0.041296550563637346,-0.7686609616904774,-1.1409870001253155,0.005062756639219387,1.5069752828054501,0.5286004087123988,2.035575691517849,0.0
default,48000,10,7,0193a206e04983fbfc2b0b7090a2206526ec6d42519b69d1a4291436c936eec5,2.225718146515897,0.04018440426005094,-0.9591733665219495,3.114229101808296,0.22953287739831119,1.052876534872281,1.0584659062666353,1.1153882753982851,1.7634766671970206,0.37067143680344494,0.9800809978078303,-0.9591733665219495,-1.083494183333908,-1.9137036558049818,0.007153628956920663,2.7435576650048508,0.37067143680344494,3.114229101808296,0.0
default,48000,10,8,61d4cf29a73d0fbebcfd1d461184e2ae14c4900d005b36c4d18f6b61215564be,1.6995448320462803,0.04749884046314223,1.0201488536933052,0.6324956885569006,0.012821091329167422,0.13611582172360714,0.6656903197731592,0.0,0.0,0.0001915932916760621,0.6323040952652246,1.0201488536933052,-0.7889850501675989,0.0,0.0026962835266375607,0.6323040952652246,0.0001915932916760621,0.6324956885569006,0.0
default,48000,10,9,794bd6f53d04e380a07ad3b23a7b78a7204d02f669ee999f3c58aefed46e047b,2.1045743539080757,0.30973883909985744,1.4507227749694662,0.6811052819035253,0.026005165295973076,-0.3859445295227164,1.09363776492446,0.0,-0.2859353148245389,0.29961591552270717,0.667424681205357,1.4507227749694662,-0.6816880701057705,0.0,0.003117346351035666,0.38148936638081815,0.29961591552270717,0.6811052819035253,0.0
default,48000,11,0,2bdde52c6bb6e994a3f0d7c441ff03c743b87486b9efafb8c87e3d9aefd1bf30,1.9492183028273746,0.15001859232277096,0.6146324553987115,1.2225805604451452,0.05545962923385506,0.44387447311995487,0.5749328217838809,0.38065420644996273,0.35217286788820523,0.0018288448625315978,0.8685788476944083,0.6146324553987115,-0.9670981124425388,-0.37690375967740464,0.0024494921624191313,1.2207517155826135,0.0018288448625315978,1.2225805604451452,0.0
default,48000,11,1,010aa30e51836eeb1d0b2f3c13fdad4d158ec9cd81af62b9fe181df4c7aef7c4,1.7257785669820565,0.24870383744385643,-0.08256194985831478,1.7426504046382831,0.0663760609197026,0.6398278582954742,1.0326203293661687,0.3553500419027942,0.33589775159022794,0.10628317171808743,1.3004694813299678,-0.08256194985831478,-1.6033720939701663,-0.35805007467456806,0.010695046844729855,1.6363672329201957,0.10628317171808743,1.7426504046382831,0.0
default,48000,11,2,a4040649f24d949a9daac8111c269e4d1a5257c969fae12fa7c69d0df9dbb2a3,2.116971207812214,0.09514735222113746,-0.7964095215618263,2.7802492075423397,0.18315694878249822,1.0707703227179854,0.47707980370587144,1.3613741722486945,1.1011351725526652,0.37724860112145864,1.3018654338682158,-0.7964095215618263,-1.3414744671472985,-1.384592882742755,0.0034344426434100017,2.403000606420881,0.37724860112145864,2.7802492075423397,0.0
default,48000,11,3,f554c10b3a6ea3aad3da67bdd8822e211e5b121bc19cccf58079def91c367dd6,2.1577642277515823,0.006923997566574358,-0.9122969791772308,2.8818867026669603,0.11124178943050556,0.9707865938728646,0.6739012284972752,1.4551776749750078,0.9587626887114948,0.4521053572416225,1.471018656713843,-0.9122969791772308,-1.5029529213260941,-1.485670786588548,0.0023985564307101442,2.429781345425338,0.4521053572416225,2.8818867026669603,0.0
default,48000,11,4,efeb704908aab4b37f9eb437d7027df36470cc446a4008dae4aeb97dab9705a9,2.039520766705689,0.01314479007947189,0.6068129902829078,1.4286197057404362,0.10194481051508753,0.0,1.5223420688582419,-0.08874180023577938,1.2774966920570265,0.23272210295360285,-0.08159908927019333,0.6068129902829078,0.0,-1.331655458107375,0.002816903835564155,1.1958976027868333,0.23272210295360285,1.4286197057404362,0.0
default,48000,11,5,e026480bfdede18b0cad8aa9a8396507da1a7d4e1d8f8b035f580d6cf1dfb08c,1.675138046585469,0.06461199280915919,-1.210717368138269,2.8376294785155944,0.06657656067729922,1.283078968681567,0.24146848526427434,1.628955323426575,1.3045300003472735,0.15108057321086443,1.3820189049574565,-1.210717368138269,-1.4164841848218286,-1.6704420318732884,0.0009349731500737368,2.68654890530473,0.15108057321086443,2.8376294785155944,0.0
default,48000,11,6,aa52b477675f028f7f05585d6e76d7c1e052216fc5ff0c12d5b19191dbb9f848,1.9420682440699397,0.11728199738625,0.30172343851405836,1.6027723695910079,0.12044835067755155,0.07435661745759692,1.1023622713291799,0.4833698850066501,0.09378885599146125,0.46456210100535467,1.044421412594192,0.30172343851405836,-1.0562705381092252,-0.4833698850066501,0.00889614640805906,1.1382102685856532,0.46456210100535467,1.6027723695910079,0.0
default,48000,11,7,0193a206e04983fbfc2b0b7090a2206526ec6d42519b69d1a4291436c936eec5,2.5158975847110567,0.1260882819195325,1.338107851200935,1.081957050831075,0.061162889540006704,0.18097304906917733,0.7408577515935156,0.20007946399972187,0.8700265133658177,0.12634600056600642,0.08558453689925072,1.338107851200935,-0.16227541537322376,-0.8984719597491844,0.004796684700563325,0.9556110502650684,0.12634600056600642,1.081957050831075,0.0
default,48000,11,8,61d4cf29a73d0fbebcfd1d461184e2ae14c4900d005b36c4d18f6b61215564be,2.1085098606670796,0.005647353505836533,0.030181603933780554,1.9811885503139388,0.21481585972311956,0.05650091483821096,1.6629197602665666,0.33952195010108,0.037503562930756296,0.4750822341599348,1.4686027532232477,0.030181603933780554,-1.5079961552476588,-0.3361306102350794,0.0027945699193183057,1.506106316154004,0.4750822341599348,1.9811885503139388,0.0
default,48000,11,9,794bd6f53d04e380a07ad3b23a7b78a7204d02f669ee999f3c58aefed46e047b,2.463671612409316,0.13871994033863877,-0.8248009323919856,3.1098326750231613,0.2025419056805271,1.0146349064680513,0.6630310212747452,1.7328049284275684,1.0845636453074996,0.5517025009029095,1.4735665288127522,-0.8248009323919856,-1.4751240220622694,-1.7328049284275684,0.004326268293509017,2.558130174120252,0.5517025009029095,3.1098326750231613,0.0
default,48000,12,0,2bdde52c6bb6e994a3f0d7c441ff03c743b87486b9efafb8c87e3d9aefd1bf30,1.380021957132845,0.023949086094802036,-1.0389054801207247,2.3763157380773023,0.04520032109513683,1.049841556496198,0.2890704427590627,1.5684944300778147,1.1857647727348124,0.0651351249183747,1.1254158404241155,-1.0389054801207247,-1.174546394636913,-1.6876597136010258,0.002159908651291252,2.311180613158928,0.0651351249183747,2.3763157380773023,0.0
default,48000,12,1,010aa30e51836eeb1d0b2f3c13fdad4d158ec9cd81af62b9fe181df4c7aef7c4,1.553471220077037,0.16241361988184966,-0.4115380891455538,1.7990230636419182,0.019551018041983892,0.8989649625727985,0.4945573653712907,0.7109424555922756,0.676975850702497,0.005402715739615038,1.1166444971998062,-0.4115380891455538,-1.3715092494358325,-0.7134045160585484,0.0007492162510255931,1.7936203479023032,0.005402715739615038,1.7990230636419182,0.0
default,48000,12,2,a4040649f24d949a9daac8111c269e4d1a5257c969fae12fa7c69d0df9dbb2a3,1.7160207456809529,0.08889461837143253,-1.211745773091804,2.945526032257074,0.1673188934590304,1.306069084976354,0.4078098390109328,1.6570232270700607,1.3944078749425692,0.18675823904550493,1.3643599182689998,-1.211745773091804,-1.4297428700923678,-1.7738403875059494,0.007110467622942387,2.758767793211569,0.18675823904550493,2.945526032257074,0.0
default,48000,12,3,f554c10b3a6ea3aad3da67bdd8822e211e5b121bc19cccf58079def91c367dd6,1.2466104399344855,0.0013580616619482955,-0.35855977937076666,1.6526017724330986,0.11244245378632423,0.4863184781844221,0.6498999836957777,0.9021462432173053,1.0287310751094343,0.15445074404258508,0.4694199532810792,-0.35855977937076666,-0.527829457083971,-1.3980927942272101,0.007099855914441289,1.4981510283905135,0.15445074404258508,1.6526017724330986,0.0
default,48000,12,4,efeb704908aab4b37f9eb437d7027df36470cc446a4008dae4aeb97dab9705a9,2.3039029575778667,0.05406208487856329,-0.9992824543011118,3.185096839449294,0.19538701236320644,1.8922122289002394,0.6896242456634116,1.0295340585686281,1.5050700285021081,0.6068749885395079,1.0731518224076775,-0.9992824543011118,-1.9005550581171715,-1.5154284626519012,0.013563555013767492,2.5782218509097854,0.6068749885395079,3.1850968394492933,-4.440892098500626e-16
default,48000,12,5,e026480bfdede18b0cad8aa9a8396507da1a7d4e1d8f8b035f580d6cf1dfb08c,1.705237378426231,0.03799001986063806,-1.1169635924597165,2.731810975280074,0.09169216409063052,1.267867753018723,0.3287707355728373,1.4238036777627145,1.3060841916457704,0.19444794772738883,1.231278835906915,-1.1169635924597165,-1.3832993083409404,-1.545450693922704,0.004045512017772118,2.5373630275526855,0.19444794772738883,2.7318109752800743,4.440892098500626e-16
default,48000,12,6,aa52b477675f028f7f05585d6e76d7c1e052216fc5ff0c12d5b19191dbb9f848,2.121362880765057,0.2027574018728096,-0.7361031129988747,2.885421958480584,0.08270837000515563,0.7589535865967925,0.747314291624743,1.4412972737257743,0.7544975099625215,0.7382554854135126,1.39266896310455,-0.7361031129988747,-1.4136955791128947,-1.4511612028292595,0.011976128782626994,2.147166473067071,0.7382554854135126,2.885421958480584,0.0
default,48000,12,7,0193a206e04983fbfc2b0b7090a2206526ec6d42519b69d1a4291436c936eec5,1.8946310489064027,0.004707447647503915,0.2700893173105676,1.812135172218297,0.09990646510629819,0.4900661234995387,1.3041517450705657,-0.051435835147331854,1.1161975067774943,0.7481785708067554,-0.05224090536595272,0.2700893173105676,-0.49056177914449983,-1.1523137891719746,0.0031748820435180125,1.0639566014115416,0.7481785708067554,1.812135172218297,0.0
default,48000,12,8,61d4cf29a73d0fbebcfd1d461184e2ae14c4900d005b36c4d18f6b61215564be,1.7434690332154177,0.017390723074655723,-0.583997537829009,2.2033593426530196,0.04381858529737914,0.8380428474157082,0.38473145820767196,1.0532205471703622,0.7754526424250887,0.32719701599588413,1.1007096842320465,-0.583997537829009,-1.1641278016701577,-1.0680484658262053,0.0010292018286852805,1.8761623266571352,0.32719701599588413,2.2033593426530196,0.0
default,48000,12,9,794bd6f53d04e380a07ad3b23a7b78a7204d02f669ee999f3c58aefed46e047b,1.3339001969503261,0.04111152803634299,-0.4330967146747233,1.6952023108468972,0.04461407724094746,1.0925380413780004,0.36066680559922504,0.6906797657725405,0.6733346914447387,0.018946709380204485,1.002920910021954,-0.4330967146747233,-1.4025895655013652,-0.6966809700074533,0.00667545235566519,1.6762556014666927,0.018946709380204485,1.6952023108468972,0.0
default,48000,13,0,2bdde52c6bb6e994a3f0d7c441ff03c743b87486b9efafb8c87e3d9aefd1bf30,2.0514186866176622,0.1160634063482166,-0.3851930556107792,2.3051162103060188,0.043936023006847735,1.3718649457955214,0.2125166293937384,1.0336534781019748,1.0306961415861435,0.011466479609891778,1.2629535891099837,-0.3851930556107792,-1.540603330299245,-1.0334956999851417,0.0033412640063279486,2.293649730696127,0.011466479609891778,2.3051162103060188,0.0
default,48000,13,1,010aa30e51836eeb1d0b2f3c13fdad4d158ec9cd81af62b9fe181df4c7aef7c4,1.6961212033961157,0.08080532628900819,0.3862538915149818,1.2136714264358666,0.16353582254196952,-0.2048376660837743,1.418591932192653,0.03053701817189669,-0.19109087809366798,0.3526738264629712,1.0520884780665634,0.3862538915149818,-1.070526228912855,-0.010229232825950896,0.007010566639610305,0.8609975999728954,0.3526738264629712,1.2136714264358666,0.0
default,48000,13,2,a4040649f24d949a9daac8111c269e4d1a5257c969fae12fa7c69d0df9dbb2a3,2.371800479073833,0.12965162561704413,1.6704379911202167,0.6654241586449398,0.061073118927949865,-0.02124249707424042,0.7781343216810508,0.0,0.0,0.020483303338096004,0.6449408553068438,1.6704379911202167,-0.6958187056788605,0.0,0.002075729646323299,0.6449408553068438,0.020483303338096004,0.6654241586449398,0.0
default,48000,13,3,f554c10b3a6ea3aad3da67bdd8822e211e5b121bc19cccf58079def91c367dd6,2.3565478883695232,0.006521072583641319,0.6728147063421384,1.5878729009195496,0.06767329827901247,0.12740672676595421,1.0036271771567988,0.4852428974575995,0.12056436943833382,0.3866777282166769,1.0806308032645389,0.6728147063421384,-1.0908146589636407,-0.4577888441376994,0.002135109402778057,1.2011951727028727,0.3866777282166769,1.5878729009195496,0.0
default,48000,13,4,efeb704908aab4b37f9eb437d7027df36470cc446a4008dae4aeb97dab9705a9,1.8446697591335213,0.39120476164692913,0.10591577638290905,1.6539113884971994,0.14183129290435414,0.17078719431216793,1.5806234259017102,0.028465439974462825,1.416098353256927,0.23781303524027253,0.0,0.10591577638290905,-0.17225612414175595,-1.465788643142231,0.004643840876095318,1.416098353256927,0.23781303524027253,1.6539113884971994,0.0
default,48000,13,5,e026480bfdede18b0cad8aa9a8396507da1a7d4e1d8f8b035f580d6cf1dfb08c,2.3350780497059382,0.0007516637548196162,0.8952579891513368,1.3596510018950498,0.09586995568776313,-0.3387447312993732,1.7713320521161422,0.0,-0.2929158157179379,0.34279841539437506,1.3097684022186127,0.8952579891513368,-1.3367173651290059,0.0,0.0014004050825681125,1.0168525865006748,0.34279841539437506,1.3596510018950498,0.0
default,48000,13,6,aa52b477675f028f7f05585d6e76d7c1e052216fc5ff0c12d5b19191dbb9f848,2.396420302874934,0.29224067624834116,-0.05775626156104963,2.371817952193808,0.07062174879384397,0.4218502875955519,1.2074470039696124,0.8315950424002398,0.4922123728116423,0.34992315675605634,1.5296824226261092,-0.05775626156104963,-1.5586755427713204,-0.8315950424002397,0.007457871818167261,2.0218947954377517,0.34992315675605634,2.3718179521938083,4.440892098500626e-16
default,48000,13,7,0193a206e04983fbfc2b0b7090a2206526ec6d42519b69d1a4291436c936eec5,2.1494961031077393,0.02570537506397752,0.9947101937899201,1.0776919332993122,0.12867580064626205,-0.7684703483024555,1.965653506358438,0.0,-0.8040933334643965,0.8263258395984117,1.055459427165297,0.9947101937899201,-1.0685073574097204,0.0,0.010385947269591467,0.2513660937009006,0.8263258395984117,1.0776919332993122,0.0
default,48000,13,8,61d4cf29a73d0fbebcfd1d461184e2ae14c4900d005b36c4d18f6b61215564be,1.856416295732393,0.022150797488445673,-0.4376261721999182,2.2640602737809985,0.07166458196136039,0.8743707329641643,0.48350023260221087,1.100589590341778,1.3449860763838775,0.08751497065604763,0.8315592267410732,-0.4376261721999182,-0.8805380889684464,-1.5062578849783461,0.010345715194435695,2.176545303124951,0.08751497065604763,2.2640602737809985,0.0
default,48000,13,9,794bd6f53d04e380a07ad3b23a7b78a7204d02f669ee999f3c58aefed46e047b,2.0211712566593603,0.03103431100740406,-1.3455271555255326,3.205693490199798,0.06037925587094528,1.4980867999427123,0.33649987605686027,1.5884523692126982,1.414099074808151,0.19823309971218706,1.59336131567946,-1.3455271555255326,-1.722477983721924,-1.6401818056194013,0.005169278591287185,3.007460390487611,0.19823309971218706,3.205693490199798,0.0
default,48000,14,0,2bdde52c6bb6e994a3f0d7c441ff03c743b87486b9efafb8c87e3d9aefd1bf30,2.35692636107873,0.0047816148123565605,1.2729955627733034,1.0019402162703281,0.08387778330202511,-0.2460680471882084,1.166567175465341,0.12259526106812757,-0.18870038467508898,0.38187381962298006,0.8087667813224371,1.2729955627733034,-0.839032590797382,-0.12018401524585309,0.0008327858243969526,0.6200663966473481,0.38187381962298006,1.0019402162703281,0.0
default,48000,14,1,010aa30e51836eeb1d0b2f3c13fdad4d158ec9cd81af62b9fe181df4c7aef7c4,1.9770110087700639,0.19438466307023816,-1.0860638356158119,2.8578684995156842,0.06253463659421143,1.4553312450827005,0.2862991514627735,1.2384019736452117,1.279680629020627,0.22836686440734866,1.3498210060877085,-1.0860638356158119,-1.5966696472755926,-1.3208280863208817,0.00014476529415707873,2.6295016351083356,0.22836686440734866,2.8578684995156842,0.0
default,48000,14,2,a4040649f24d949a9daac8111c269e4d1a5257c969fae12fa7c69d0df9dbb2a3,1.8371616831050956,0.020324761698943372,0.7758978281066127,0.9586654499250038,0.03772277515408051,0.4813716263479956,0.08379567929342935,0.4885934407787411,0.5030781516584342,0.023134924540533897,0.43245237372603573,0.7758978281066127,-0.4644939284807369,-0.5515440427853487,0.0033691101857271366,0.9355305253844699,0.023134924540533897,0.9586654499250038,0.0
default,48000,14,3,f554c10b3a6ea3aad3da67bdd8822e211e5b121bc19cccf58079def91c367dd6,1.8893928830391598,0.15844675660778548,0.4690137027021657,1.4500667172029287,-0.016626179681984876,-0.01434187088465233,1.5425907752374322,0.0,-4.440892098500626e-16,0.06254351382195722,1.387523203380972,0.4690137027021657,-1.5448750840347647,0.0,0.003035409530673605,1.3875232033809715,0.06254351382195722,1.4500667172029287,0.0
default,48000,14,4,efeb704908aab4b37f9eb437d7027df36470cc446a4008dae4aeb97dab9705a9,2.2618580281949874,0.18540947789448325,1.114575921296252,1.2143466538005696,0.03184889449740269,-0.3770515801560461,1.6280479582551879,0.0,-0.3551195717598844,0.37143867201205194,1.1980275535484022,1.114575921296252,-1.219147483601739,0.0,0.0060891468639606705,0.8429079817885178,0.37143867201205194,1.2143466538005696,0.0
default,48000,14,5,e026480bfdede18b0cad8aa9a8396507da1a7d4e1d8f8b035f580d6cf1dfb08c,2.1817907115611606,0.029063267363480194,-0.6343918366641121,2.7635620266306926,0.05844255017057853,1.4302104464066547,0.5203101741930507,0.9277797182597938,1.382839440534239,0.4588330923238413,0.9218894937726125,-0.6343918366641121,-1.4335006560137675,-1.386357132675153,0.006679051225653487,2.3047289343068513,0.4588330923238413,2.7635620266306926,0.0
default,48000,14,6,aa52b477675f028f7f05585d6e76d7c1e052216fc5ff0c12d5b19191dbb9f848,2.3390241621766084,0.16620547452044704,-1.1603043944306455,3.4946922574090564,0.3044983609566867,1.4090491826815905,0.899385428200496,1.4500275596722165,1.2750395812836026,0.38514369004235594,1.8345089860830976,-1.1603043944306455,-1.9887299089124337,-1.4652339006851824,0.009665983020870267,3.1095485673667005,0.38514369004235594,3.4946922574090564,0.0
default,48000,14,7,0193a206e04983fbfc2b0b7090a2206526ec6d42519b69d1a4291436c936eec5,1.7157088903844002,0.05187299484868946,-0.3013588556586013,2.0300776105025564,0.09437263626799353,0.7114876325227066,0.8147908750669719,0.5629759477117848,1.2311824976087946,0.28398695686967024,0.5149081560240918,-0.3013588556586013,-0.7022126763819139,-1.2926691426515562,0.004902860001836595,1.7460906536328864,0.28398695686967024,2.0300776105025564,0.0
default,48000,14,8,61d4cf29a73d0fbebcfd1d461184e2ae14c4900d005b36c4d18f6b61215564be,1.5174739736114913,0.1278920046633621,0.5094275787643849,0.8217828406505217,0.07442581659815484,0.8469564409834414,0.38971568729678996,0.17901945820466714,0.18871046021074367,0.0038179714023598432,0.6292544090374181,0.5094275787643849,-1.1671834045581067,-0.17408236532863697,0.007326803014003305,0.8179648692481618,0.0038179714023598432,0.8217828406505217,0.0
default,48000,14,9,794bd6f53d04e380a07ad3b23a7b78a7204d02f669ee999f3c58aefed46e047b,2.2274306125398824,0.1243423939677244,0.20129999272925048,1.8832971252045396,0.06561227604298758,0.4717521105023288,1.1013078541048675,0.4040822862733062,1.363191384608602,0.18370188566795242,0.3364038549279853,0.20129999272925048,-0.47018716852635367,-1.4413428063111613,0.006446974755458468,1.6995952395365872,0.18370188566795242,1.8832971252045396,0.0
default,48000,15,0,2bdde52c6bb6e994a3f0d7c441ff03c743b87486b9efafb8c87e3d9aefd1bf30,2.0659484919331965,0.05840685934335742,0.21632504770850325,1.6374145537456373,0.18036805314377213,0.31126211071329957,1.4125543074566387,0.222107858263473,0.1112870891844393,0.11511572150046989,1.411011743060728,0.21632504770850325,-1.5437572532508081,-0.22179897003883098,0.0068410905363993635,1.5222988322451674,0.11511572150046989,1.6374145537456373,0.0
default,48000,15,1,010aa30e51836eeb1d0b2f3c13fdad4d158ec9cd81af62b9fe181df4c7aef7c4,1.8731597502658253,0.01000063062910539,-0.49039207049003686,2.197127149531493,0.055729754504102225,1.52486771650274,0.16243243603339086,1.0608593235643946,1.0666223507365513,0.10711067513378714,1.0233941236611546,-0.49039207049003686,-1.5456663988516905,-1.1467633227447327,0.005681412954807688,2.090016474397706,0.10711067513378714,2.197127149531493,0.0
default,48000,15,2,a4040649f24d949a9daac8111c269e4d1a5257c969fae12fa7c69d0df9dbb2a3,1.8722674953517775,0.127760737902624,-0.5714206735127734,2.337754941631064,0.06702010520215462,1.1675667607150872,0.3251815839706278,1.0969888491458448,1.0046384460504347,0.10695514241889215,1.226161353161737,-0.5714206735127734,-1.4179348575326154,-1.10478223109679,0.0009943990349325083,2.2307997992121718,0.10695514241889215,2.337754941631064,0.0
default,48000,15,3,f554c10b3a6ea3aad3da67bdd8822e211e5b121bc19cccf58079def91c367dd6,1.5339721300043445,0.05042653617011017,0.25788497061543625,1.3178902455584407,0.07097737462076403,0.03489735019390383,1.4040726595298962,0.0,-2.220446049250313e-16,0.07555659913853274,1.2423336464199082,0.25788497061543625,-1.367992635103036,0.0,0.007116633214410972,1.242333646419908,0.07555659913853274,1.3178902455584407,0.0
default,48000,15,4,efeb704908aab4b37f9eb437d7027df36470cc446a4008dae4aeb97dab9705a9,2.1423430298900494,0.013528159737875689,-0.40350561385263023,2.371941494151499,0.12929981357752518,0.9556474359415864,0.5246245957225015,1.0460444185051296,0.8505164579088264,0.23193840416069333,1.2894866320819793,-0.40350561385263023,-1.3528631207388324,-1.0441535158528603,0.0055497804300651266,2.1400030899908056,0.23193840416069333,2.371941494151499,0.0
default,48000,15,5,e026480bfdede18b0cad8aa9a8396507da1a7d4e1d8f8b035f580d6cf1dfb08c,1.8571790830760562,0.05960058534736516,-0.5562205456230029,2.396979838054783,0.09043034548427853,0.666347860790546,0.8162242076273394,0.9782830256291698,0.6082072480898386,0.44767083751298253,1.3411017524519617,-0.5562205456230029,-1.3901271706064127,-0.9802975779563639,0.0014214975619440962,1.9493090005418003,0.44767083751298253,2.396979838054783,0.0
default,48000,15,6,aa52b477675f028f7f05585d6e76d7c1e052216fc5ff0c12d5b19191dbb9f848,2.218435967258672,0.12457526233184513,0.7938587407690996,1.4027368070693207,0.22728170903674338,-0.20228964280445805,1.6030045652958549,0.03965086029376885,-0.17839691102085653,0.42081784608518524,1.160315872004992,0.7938587407690996,-1.1879863224764076,-0.025097751272014746,0.0045296367759883605,0.9819189609841354,0.42081784608518524,1.4027368070693207,0.0
default,48000,15,7,0193a206e04983fbfc2b0b7090a2206526ec6d42519b69d1a4291436c936eec5,1.8002172415279174,0.20036688250716272,0.3391218967908962,1.3796064656460643,0.04920152346015494,0.8217678258935733,0.40097773525593716,0.32975517577920566,0.6893662605317972,0.37888258838121924,0.31135761673304796,0.3391218967908962,-0.8170465192843,-0.6862526941842613,0.003780081880483316,1.000723877264845,0.37888258838121924,1.3796064656460643,0.0
default,48000,15,8,61d4cf29a73d0fbebcfd1d461184e2ae14c4900d005b36c4d18f6b61215564be,1.9554646220723726,0.12575425872492652,0.34684540016015664,1.4583563205134138,0.05266420484829426,0.6617279276195461,0.1652995751471209,0.7679480163223882,0.610882784282605,0.12192453589037888,0.7255490003404299,0.34684540016015664,-0.7781862970573021,-0.7641250171834587,0.006753250441061093,1.336431784623035,0.12192453589037888,1.4583563205134138,0.0
default,48000,15,9,794bd6f53d04e380a07ad3b23a7b78a7204d02f669ee999f3c58aefed46e047b,1.773711256641117,0.003598622588206035,-0.2999402483766307,2.043797671202616,0.0311668141468604,0.7746310679848882,0.38007866819387814,0.917918311825886,0.7413904949410741,0.20583602274435076,1.0965711535171907,-0.2999402483766307,-1.1143040580873236,-0.9271571757704686,0.004396230348065466,1.8379616484582648,0.20583602274435076,2.043797671202616,0.0
default,48000,16,0,2bdde52c6bb6e994a3f0d7c441ff03c743b87486b9efafb8c87e3d9aefd1bf30,2.2596326340145128,0.007136468588655506,0.10887220561716715,2.058130654825548,0.03380165244028932,0.8553971344726937,0.9147934960480476,0.3324958043239765,1.1915259371808786,0.5146249374024956,0.3519797802421736,0.10887220561716715,-0.8561849098088259,-1.2126998725956026,0.004940258729936864,1.5435057174230522,0.5146249374024956,2.058130654825548,0.0
default,48000,16,1,010aa30e51836eeb1d0b2f3c13fdad4d158ec9cd81af62b9fe181df4c7aef7c4,1.6946470003945246,0.22444220220263597,0.45494068730464887,1.320461703487033,-0.06435398826280547,-0.19334181041654785,1.552802959790228,0.0,-0.21877294734348496,0.2286598662197874,1.3105747846107305,0.45494068730464887,-1.4238151376364856,0.0,0.007449376778161154,1.0918018372672456,0.2286598662197874,1.320461703487033,0.0
default,48000,16,2,a4040649f24d949a9daac8111c269e4d1a5257c969fae12fa7c69d0df9dbb2a3,1.92072946059504,0.07052602233722702,0.23350835430352657,1.582700818122608,0.010589239315740961,0.596126384333961,0.4258806129654862,0.6867840882457426,0.9983223210735384,0.014477201102510495,0.5699012959465592,0.23350835430352657,-0.5917522009715327,-1.106449645257916,0.0012333240438255327,1.5682236170200976,0.014477201102510495,1.582700818122608,0.0
default,48000,16,3,f554c10b3a6ea3aad3da67bdd8822e211e5b121bc19cccf58079def91c367dd6,2.3685450656226106,0.002410269388646774,-0.0823957374766584,2.328021032112968,0.07025987893390018,0.5764431111757682,0.9675897136291054,0.9014707231710029,0.620410685403477,0.24483450489555958,1.4627758418139314,-0.0823957374766584,-1.4775244463467712,-0.8977192226952053,0.005725824308001698,2.0831865272174084,0.24483450489555958,2.328021032112968,0.0
default,48000,16,4,efeb704908aab4b37f9eb437d7027df36470cc446a4008dae4aeb97dab9705a9,2.0249106284814955,0.00953554064680473,-1.058338416705853,3.029190419540317,0.06317445034056224,1.3131858990322147,0.5914293602611989,1.2682249585699115,1.1725814828238696,0.13665656192234765,1.7199523747940995,-1.058338416705853,-1.8395373295248452,-1.2701284379979176,0.00436665014085158,2.892533857617969,0.13665656192234765,3.0291904195403165,-4.440892098500626e-16
default,48000,16,5,e026480bfdede18b0cad8aa9a8396507da1a7d4e1d8f8b035f580d6cf1dfb08c,1.5033785986015826,0.10263792551885922,-0.03356307933513314,1.4272974365744127,0.06011849476899522,0.5621069846448059,0.3527169075836094,1.0773720424724058,0.8670893815248732,0.000326099833346305,0.5598819552161931,-0.03356307933513314,-0.5703877015584404,-1.3616897383733855,0.006079939254952538,1.4269713367410664,0.000326099833346305,1.4272974365744127,0.0
default,48000,16,6,aa52b477675f028f7f05585d6e76d7c1e052216fc5ff0c12d5b19191dbb9f848,2.127206807847931,0.003442597797745195,-0.9735034934326143,2.9942190907573565,0.1335245818041595,1.3316197093625572,0.5373559493343885,1.3230573087008932,1.2139930681613769,0.12294812534473509,1.6572778972512443,-0.9735034934326143,-1.7350819074442705,-1.323426478149409,0.0069714993739665235,2.871270965412621,0.12294812534473509,2.994219090757356,-4.440892098500626e-16
default,48000,16,7,0193a206e04983fbfc2b0b7090a2206526ec6d42519b69d1a4291436c936eec5,1.319383208753574,0.02666914184796354,0.48359356854260627,0.7965378820742621,-0.005659081784494591,0.0,0.7663054787685915,0.15411885701631456,0.7659644556228411,0.030573426451421026,0.0,0.48359356854260627,0.0,-0.9260834175694006,0.0009339433717294732,0.7659644556228411,0.030573426451421026,0.7965378820742621,0.0
default,48000,16,8,61d4cf29a73d0fbebcfd1d461184e2ae14c4900d005b36c4d18f6b61215564be,2.356775195054195,0.0328911752185147,1.0039771602316376,1.3195525386145035,0.07815793323885611,-0.3952080433673002,1.404523562410277,0.3103889643917286,-0.3260983845801859,0.7181475376285205,0.927503385566169,1.0039771602316376,-0.9323556809318533,-0.30919086926399597,0.009825369969408526,0.601405000985983,0.7181475376285205,1.3195525386145035,0.0
default,48000,16,9,794bd6f53d04e380a07ad3b23a7b78a7204d02f669ee999f3c58aefed46e047b,1.5789897825523405,0.041594687876557734,-0.005660201086808314,1.420043714125466,0.12803427056978256,0.19266436436706047,1.3091279791006099,0.16153939664459904,1.229670348791199,0.14398956592202516,0.0463837994122418,-0.005660201086808314,-0.19439802433608,-1.3408994452064067,0.006001701313806951,1.2760541482034409,0.14398956592202516,1.420043714125466,0.0
default,48000,17,0,2bdde52c6bb6e994a3f0d7c441ff03c743b87486b9efafb8c87e3d9aefd1bf30,1.8848252131403778,0.04248534522496439,1.0454543030234702,0.7070130191681787,0.06096208869569952,0.19409227216688185,0.48639824218834526,0.14575097840570994,0.13875942467116498,0.008603353080102405,0.5596502414169113,1.0454543030234702,-0.6375325298723842,-0.12774687419285335,0.016075431130376294,0.6984096660880763,0.008603353080102405,0.7070130191681787,0.0
default,48000,17,1,010aa30e51836eeb1d0b2f3c13fdad4d158ec9cd81af62b9fe181df4c7aef7c4,1.6866026876244953,0.010975603405976114,0.27154473128122625,1.3707483267371163,0.046165792017750173,0.5605966234850581,0.3588606961112043,0.5214573187605029,0.7966376809660947,0.06871923978112893,0.5053914059898927,0.27154473128122625,-0.5454594712386505,-0.8492893751003648,0.0029746407657501583,1.3020290869559874,0.06871923978112893,1.3707483267371163,0.0
default,48000,17,2,a4040649f24d949a9daac8111c269e4d1a5257c969fae12fa7c69d0df9dbb2a3,1.5191916205728366,0.07852316616225208,0.669133630644148,0.7227939824510299,0.07840370244482875,0.26919277904315186,0.28624923384027756,0.30009707041675404,0.21198437624305377,0.035513456306389024,0.4752961499015871,0.669133630644148,-0.5010750154318853,-0.27606036542346946,0.003685405781954504,0.6872805261446409,0.035513456306389024,0.7227939824510299,0.0
default,48000,17,3,f554c10b3a6ea3aad3da67bdd8822e211e5b121bc19cccf58079def91c367dd6,1.7212522622582451,0.0023907382663247434,0.4748613670427191,1.2107908700921088,0.05655043141786087,-0.4529301003656858,1.717967298762455,0.0,-0.4438973802481039,0.45690808126238425,1.1977801690778285,0.4748613670427191,-1.2084867669789083,0.0,0.001418120649981952,0.7538827888297246,0.45690808126238425,1.2107908700921088,0.0
default,48000,17,4,efeb704908aab4b37f9eb437d7027df36470cc446a4008dae4aeb97dab9705a9,2.0051764115899693,0.23509674140331405,-0.17563069956930288,2.0098723951732684,0.06218160983654841,0.528402157439825,1.4843525224059844,0.28151956703761183,0.22834320892540494,0.08491909180228085,1.6966100944455826,-0.17563069956930288,-1.9565918205474155,-0.275500816499457,0.003555978404826965,1.9249533033709876,0.08491909180228085,2.0098723951732684,0.0
default,48000,17,5,e026480bfdede18b0cad8aa9a8396507da1a7d4e1d8f8b035f580d6cf1dfb08c,1.3102624770733382,0.19311443925124144,0.9002309332863669,0.3641953690728523,0.01835841347979572,0.026072762495822244,0.495024170270447,0.0,0.0,0.030191625659627075,0.33400374341322525,0.9002309332863669,-0.5027385192864735,0.0,0.004740204199170206,0.33400374341322525,0.030191625659627075,0.3641953690728523,0.0
default,48000,17,6,aa52b477675f028f7f05585d6e76d7c1e052216fc5ff0c12d5b19191dbb9f848,2.0315377623561544,0.01162358533067602,-0.8170293804445099,2.6987047655101444,0.2480560309961728,0.9784967201448141,0.92687036542926,1.086462580966545,1.7073600706819043,0.13205966878378916,0.8592850260444507,-0.8170293804445099,-0.9573097278637843,-1.786463907680662,0.0046855357532265,2.566645096726355,0.13205966878378916,2.6987047655101444,0.0
default,48000,17,7,0193a206e04983fbfc2b0b7090a2206526ec6d42519b69d1a4291436c936eec5,1.7121474068909461,0.03466269783906162,0.6165641073965915,1.0105014763962101,0.013414240326260263,0.19763778941543353,1.035463447799583,0.0,0.0,0.005493215918747074,1.005008260477463,0.6165641073965915,-1.2196869968887563,0.0,0.023564870375429536,1.005008260477463,0.005493215918747074,1.0105014763962101,0.0
default,48000,17,8,61d4cf29a73d0fbebcfd1d461184e2ae14c4900d005b36c4d18f6b61215564be,1.9451013255591745,0.14654524506912114,0.5941159017527027,1.1309649118344118,0.10091198837503157,0.3206945633272875,0.7291194309577769,0.24051662950258268,0.20361125422030124,0.017074587041260525,0.9102790705728501,0.5941159017527027,-0.9763503661816055,-0.21306826923100997,0.0016353620365925636,1.1138903247931513,0.017074587041260525,1.1309649118344118,0.0
default,48000,17,9,794bd6f53d04e380a07ad3b23a7b78a7204d02f669ee999f3c58aefed46e047b,2.1958344492764645,0.08589178014082666,1.1488690075947976,1.0427072894887948,0.023033772397230923,-0.44803489754109527,1.5429094393881042,0.0,-0.4289787770176514,0.4348436167047476,1.0368424498016986,1.1488690075947976,-1.071840769449778,0.0,0.008215879266813775,0.6078636727840472,0.4348436167047476,1.0427072894887948,0.0
default,48000,18,0,2bdde52c6bb6e994a3f0d7c441ff03c743b87486b9efafb8c87e3d9aefd1bf30,1.815895033749585,0.020269315371076013,-0.33703554858117935,2.0690742353735168,0.05800927219537244,0.6467009411021714,1.088535247501906,0.525733141875564,0.50493871774533,0.03802861885600084,1.5261068987721862,-0.33703554858117935,-1.6761244365341144,-0.5268356217501544,0.0009348368040216978,2.031045616517516,0.03802861885600084,2.0690742353735168,0.0
default,48000,18,1,010aa30e51836eeb1d0b2f3c13fdad4d158ec9cd81af62b9fe181df4c7aef7c4,1.702202910763541,0.08312144048946979,0.12992113086484647,1.4764795094144192,0.043601124025495874,0.6047787373442763,1.016727816890138,0.2362021451661207,0.23999420819892725,0.008100986484076866,1.228384314731415,0.12992113086484647,-1.5785070657458826,-0.23560050962915646,0.005021639457433627,1.4683785229303423,0.008100986484076866,1.4764795094144192,0.0
default,48000,18,2,a4040649f24d949a9daac8111c269e4d1a5257c969fae12fa7c69d0df9dbb2a3,2.147312079834811,0.028839231577814817,-1.2889894900604109,3.468848806966906,0.041143976532652005,1.632545451887553,0.34406326664313336,1.5401469856625076,1.5197833289548632,0.26405060662211466,1.6850148713899284,-1.2889894900604109,-1.8707769138550598,-1.6048348138054824,0.004735968931052603,3.2047982003447917,0.26405060662211466,3.468848806966906,0.0
default,48000,18,3,f554c10b3a6ea3aad3da67bdd8822e211e5b121bc19cccf58079def91c367dd6,2.225952117528852,0.05737912050844951,1.1524690990301947,1.0601707174026633,0.036612493921370115,-0.1745598687156269,1.2740377906368416,0.0,-0.1536673142902394,0.18320853441503493,1.0306294972778678,1.1524690990301947,-1.0628654279998446,0.0,0.002428710879685936,0.8769621829876284,0.18320853441503493,1.0601707174026633,0.0
default,48000,18,4,efeb704908aab4b37f9eb437d7027df36470cc446a4008dae4aeb97dab9705a9,1.8168928794558221,0.11541708482518163,-0.399542015724748,2.157030324277362,0.04801034404052529,1.0935278545270664,0.11526212972992322,0.9993544387773761,0.9927883854682431,0.08023627767535935,1.0840056611337598,-0.399542015724748,-1.14203504415884,-1.0180990348350003,0.002920689504578078,2.0767940466020027,0.08023627767535935,2.157030324277362,0.0
default,48000,18,5,e026480bfdede18b0cad8aa9a8396507da1a7d4e1d8f8b035f580d6cf1dfb08c,1.6167637491277063,0.16437941246334165,-0.7603409104710783,2.3571674128807123,0.043932402577464114,0.883070573855814,0.41258939527449945,1.1794583052450018,0.8508233722754424,0.34984205926221135,1.1565019813430586,-0.7603409104710783,-1.2122474188208257,-1.2189384529770257,0.007132335572341025,2.007325353618501,0.34984205926221135,2.3571674128807123,0.0
default,48000,18,6,aa52b477675f028f7f05585d6e76d7c1e052216fc5ff0c12d5b19191dbb9f848,1.901582800700829,0.25378250417296355,-0.988136591167919,2.840534333606011,0.1007029976293099,1.4108698990696957,0.3346078058672419,1.2705233190825655,1.4295778687872551,0.192036901503563,1.2189195633151928,-0.988136591167919,-1.4331704153196871,-1.482127611070506,0.005472911942513148,2.648497432102448,0.192036901503563,2.840534333606011,0.0
default,48000,18,7,0193a206e04983fbfc2b0b7090a2206526ec6d42519b69d1a4291436c936eec5,1.7700280652559806,0.026450784268213234,0.5787076322837086,1.1001103618071044,0.08325541960476057,0.314006231543726,0.29522143243042187,0.5945440912171314,0.7463266401314579,0.051055617264603725,0.3027281044110428,0.5787076322837086,-0.2983867800231186,-0.8221295555634001,0.0026206399659917667,1.0490547445425007,0.051055617264603725,1.1001103618071044,0.0
default,48000,18,8,61d4cf29a73d0fbebcfd1d461184e2ae14c4900d005b36c4d18f6b61215564be,2.1572421953978926,0.1315760249535043,-0.39573432138953457,2.332346857132438,0.009662057193145168,1.3150289401014026,0.20624872286788531,1.028142807061629,1.1592202891736192,0.1616028809395471,1.011523687019272,-0.39573432138953457,-1.3440375415352628,-1.195720871302509,0.003983387933677966,2.1707439761928913,0.1616028809395471,2.332346857132438,0.0
default,48000,18,9,794bd6f53d04e380a07ad3b23a7b78a7204d02f669ee999f3c58aefed46e047b,2.2896032102867956,0.04466155063760241,0.2783387153500527,1.9467681220123132,0.1013857085214045,-0.009929024211472681,1.7916466176396786,0.2658579081602441,-1.1102230246251565e-16,0.3229182690112693,1.6238498530010441,0.2783387153500527,-1.675333710816135,-0.2708560822509105,0.014342042175022926,1.623849853001044,0.3229182690112693,1.9467681220123132,0.0
default,48000,19,0,2bdde52c6bb6e994a3f0d7c441ff03c743b87486b9efafb8c87e3d9aefd1bf30,2.5704128896331655,0.14835034279614268,0.22031912283544663,2.1856438841214914,0.2119927182060124,0.1181171098160605,1.5766502379220368,0.681674562168578,0.1641286512189044,0.5566931978312724,1.4648220350713144,0.22031912283544663,-1.4812497906091786,-0.6831994010914841,0.0026491145351509983,1.6289506862902188,0.5566931978312724,2.1856438841214914,0.0
default,48000,19,1,010aa30e51836eeb1d0b2f3c13fdad4d158ec9cd81af62b9fe181df4c7aef7c4,2.008319751848123,0.13398482041243598,-0.5385973300359836,2.427724471061783,0.09211231062544845,0.838513703920674,0.5109275104184394,1.1232726931640435,0.8748155305273924,0.31674890490838026,1.2361600356260105,-0.5385973300359836,-1.2607478462571917,-1.1198537506205166,0.0021352305145715816,2.110975566153403,0.31674890490838026,2.4277244710617834,4.440892098500626e-16
default,48000,19,2,a4040649f24d949a9daac8111c269e4d1a5257c969fae12fa7c69d0df9dbb2a3,2.2038030074437223,0.2096423553108569,0.5498965975066725,1.683101591462116,0.023324224457374587,-0.12805123071586522,1.8615475048061443,0.0,-0.1447569261727707,0.204690609185872,1.6231679084490145,0.5498965975066725,-1.7101720496329045,0.0,0.0023149644102419265,1.4784109822762437,0.204690609185872,1.6831015914621157,-2.220446049250313e-16
default,48000,19,3,f554c10b3a6ea3aad3da67bdd8822e211e5b121bc19cccf58079def91c367dd6,1.8205807415892807,0.04054221297351862,0.7596811330843929,1.0301884616224701,0.06448520732649166,0.057615475955897555,0.6853167824567998,0.2943423515854928,0.08865701705225781,0.2568052997343595,0.6847261448358528,0.7596811330843929,-0.6857327029528284,-0.28705669971887016,0.003950111420755818,0.7733831618881106,0.2568052997343595,1.0301884616224701,0.0
default,48000,19,4,efeb704908aab4b37f9eb437d7027df36470cc446a4008dae4aeb97dab9705a9,2.730295931173021,0.2695464400527422,-1.5087892951930177,4.364084254984703,0.48042162435757074,1.7417235778566984,0.8874630253157147,1.863964658353158,1.6466980476835895,0.6783570598906095,2.0390291474105036,-1.5087892951930177,-2.1177457704826685,-1.8949838666853318,0.0058616635862823625,3.685727195094093,0.6783570598906095,4.364084254984702,-8.881784197001252e-16
default,48000,19,5,e026480bfdede18b0cad8aa9a8396507da1a7d4e1d8f8b035f580d6cf1dfb08c,1.4533367848997458,0.18965214149632537,-0.717654015441406,2.077564074594414,0.11824854910341975,1.171461034316163,0.2658082000818298,0.9113587289089624,0.9349495107565722,0.09985133427727311,1.0427632295605689,-0.717654015441406,-1.3041137001765872,-0.9262657140269486,0.0032626228692489156,1.977712740317141,0.09985133427727311,2.077564074594414,0.0
default,48000,19,6,aa52b477675f028f7f05585d6e76d7c1e052216fc5ff0c12d5b19191dbb9f848,3.0714829465216136,0.27723673514617964,-1.1247566648422467,3.9744223149134,0.2550856414602034,1.2206817278058786,1.0628720350687022,1.8453203662718403,1.1969060658504243,0.8047608803345185,1.9727553687284567,-1.1247566648422467,-1.9965360573835635,-1.8772524303026543,0.004685392403291983,3.169661434578881,0.8047608803345185,3.9744223149133995,-4.440892098500626e-16
default,48000,19,7,0193a206e04983fbfc2b0b7090a2206526ec6d42519b69d1a4291436c936eec5,1.7878410094996544,0.06046628998430115,-1.1588090860297715,2.936844663643993,0.10454115548812615,1.349889813038347,0.2797989523114963,1.3079642725978358,1.4204392080995063,0.2413235020617539,1.2750819534827325,-1.1588090860297715,-1.3790533810464911,-1.4540585014130616,0.00017426918019403104,2.6955211615822385,0.2413235020617539,2.9368446636439924,-4.440892098500626e-16
default,48000,19,8,61d4cf29a73d0fbebcfd1d461184e2ae14c4900d005b36c4d18f6b61215564be,1.6228390333627376,0.01495599208796744,0.1745403726044934,1.4349082032877272,0.04329695889219476,-0.05068458921700669,1.5341226910843417,0.0,-0.06510861102317511,0.13434408603170245,1.3656727282791998,0.1745403726044934,-1.4401411429751403,0.0,0.012369475557769571,1.3005641172560247,0.13434408603170245,1.4349082032877272,0.0
default,48000,19,9,794bd6f53d04e380a07ad3b23a7b78a7204d02f669ee999f3c58aefed46e047b,1.7823911173481366,0.08426760580782577,-0.4096341550330731,2.104806744222608,-0.008853502520531631,0.9411362316946446,0.15962845302262774,1.1154324207586472,0.9894624067700741,0.1057365125333849,1.0096078249191491,-0.4096341550330731,-1.0586209236841566,-1.1664296843122948,0.006792943644506888,1.9990702316892233,0.1057365125333849,2.104806744222608,0.0
default,48000,20,0,2bdde52c6bb6e994a3f0d7c441ff03c743b87486b9efafb8c87e3d9aefd1bf30,1.898267510255411,0.04225658612273567,-1.2724693532058988,3.126844302062958,0.053703493694167825,1.7562928691110504,0.17541443867023387,1.5322009562694374,1.5235829133711354,0.046404396983528606,1.556856991708294,-1.2724693532058988,-1.8515656312302844,-1.5586391391262695,0.00870532374918967,3.0804399050794293,0.046404396983528606,3.126844302062958,0.0
default,48000,20,1,010aa30e51836eeb1d0b2f3c13fdad4d158ec9cd81af62b9fe181df4c7aef7c4,2.14979403217294,0.13869107100397032,0.558464200396541,1.49557594329268,0.014321280714663986,0.25581533258920386,1.0074788304766453,0.40833654398395125,1.190981835890166,0.058016284293238796,0.24657782310927523,0.558464200396541,-0.2468477426916929,-1.4104616836434436,0.0038631586264585294,1.4375596589994413,0.058016284293238796,1.49557594329268,0.0
default,48000,20,2,a4040649f24d949a9daac8111c269e4d1a5257c969fae12fa7c69d0df9dbb2a3,1.536154069760504,0.02345675654829854,-0.5145007563068589,1.973720922159078,0.05384124110368793,1.062098531982472,0.8009191256769532,0.6043355040786971,0.5939141265109356,0.011435472305136418,1.368371323343006,-0.5145007563068589,-1.8086089243966517,-0.604902996237783,0.0042950480050922835,1.9622854498539415,0.011435472305136418,1.973720922159078,0.0
default,48000,20,3,f554c10b3a6ea3aad3da67bdd8822e211e5b121bc19cccf58079def91c367dd6,1.9644406393175151,0.11183346844806541,-0.1788674706329476,2.015819473533956,0.15610436804493788,0.8826744375064972,0.9845068405800763,0.5326568416989137,0.5123714174051957,0.019640944172671926,1.4838071119560885,-0.1788674706329476,-1.728591733791539,-0.5151420179490103,0.0020312194432766106,1.9961785293612841,0.019640944172671926,2.015819473533956,0.0
default,48000,20,4,efeb704908aab4b37f9eb437d7027df36470cc446a4008dae4aeb97dab9705a9,2.003493656984638,0.16724810096782794,-0.9551157475238323,2.8402351577586904,0.06378256734998189,1.4971875921003337,0.36486092366902856,1.2596147917987124,1.2418370888756805,0.07297847018453063,1.5254195986984793,-0.9551157475238323,-1.79592734995243,-1.261953390265663,0.007115675897125312,2.76725668757416,0.07297847018453063,2.8402351577586904,0.0
default,48000,20,5,e026480bfdede18b0cad8aa9a8396507da1a7d4e1d8f8b035f580d6cf1dfb08c,2.343287552471953,0.07604065430647622,-0.7848236509061737,3.011801383557973,0.13320266064526942,0.9356619121134191,0.9273603617848589,1.2659402654112104,0.9319122020393267,0.3774144607194709,1.7024747207991755,-0.7848236509061737,-1.7261667700834968,-1.269593108580722,0.004794710624399068,2.634386922838502,0.3774144607194709,3.011801383557973,0.0
default,48000,20,6,aa52b477675f028f7f05585d6e76d7c1e052216fc5ff0c12d5b19191dbb9f848,2.2689588931784117,0.018769472440980373,0.8847537470121831,1.387288298631321,0.03599990677783005,-0.6839809398338637,2.095303737051941,0.0,-0.6488464942227035,0.6703279892022234,1.3658068036518012,0.8847537470121831,-1.3753228904402475,0.0,0.01474700864589841,0.7169603094290977,0.6703279892022234,1.387288298631321,0.0
default,48000,20,7,0193a206e04983fbfc2b0b7090a2206526ec6d42519b69d1a4291436c936eec5,1.8239444398800182,0.014801621695873873,-1.1128475140814373,2.9003952776343667,0.06287993998834107,1.2356954907999227,0.27198655758640555,1.7871561329982066,1.2598340442071538,0.21517856279929548,1.4253826706279171,-1.1128475140814373,-1.4356991733130644,-1.7962590680831294,0.001907510598166448,2.6852167148350707,0.21517856279929548,2.900395277634366,-4.440892098500626e-16
default,48000,20,8,61d4cf29a73d0fbebcfd1d461184e2ae14c4900d005b36c4d18f6b61215564be,1.9159112787669235,0.1555400120044601,-0.4329261160126725,2.283300514184873,0.0824779201589898,1.0623580443229792,0.6862127181447248,0.8392224413999909,0.8371329666076639,0.04191388744787039,1.4042536601293385,-0.4329261160126725,-1.6696954963668271,-0.8356197873418778,0.0038373951431485143,2.241386626737002,0.04191388744787039,2.2833005141848726,-4.440892098500626e-16
default,48000,20,9,794bd6f53d04e380a07ad3b23a7b78a7204d02f669ee999f3c58aefed46e047b,1.5459628030981134,0.0485340964192405,-0.408771732119789,1.908074557906576,0.028409671293353256,0.5681605750272842,0.8087202010774024,0.5805304681843997,0.5168918657439892,0.0894358800375632,1.3017468121250237,-0.408771732119789,-1.3492911817094189,-0.5797103912863142,0.008181045239205875,1.818638677869013,0.0894358800375632,1.908074557906576,0.0
default,48000,21,0,2bdde52c6bb6e994a3f0d7c441ff03c743b87486b9efafb8c87e3d9aefd1bf30,2.01458637832628,0.028884770902666057,0.15968368022696833,1.8130901663174523,0.04012557530887895,0.28643888178858057,1.1686857093820078,0.3865123839188003,0.19752513401749328,0.23492385183784137,1.3806411804621177,0.15968368022696833,-1.4149990158617096,-0.38651238391880005,0.0025994250278886244,1.578166314479611,0.23492385183784137,1.8130901663174523,0.0
default,48000,21,1,010aa30e51836eeb1d0b2f3c13fdad4d158ec9cd81af62b9fe181df4c7aef7c4,1.4439813106469692,0.007782063689773855,0.1668032444883707,1.17431381242897,0.08844983089212,0.393483586031385,1.1388359654983367,0.012612746412827613,0.00595058994121711,0.026098768501465308,1.1422644539862876,0.1668032444883707,-1.4490927298291494,-0.007389737221279891,0.004374195179109808,1.1482150439275047,0.026098768501465308,1.17431381242897,0.0
default,48000,21,2,a4040649f24d949a9daac8111c269e4d1a5257c969fae12fa7c69d0df9dbb2a3,1.7748057183555632,0.24630231803988267,-0.2940343392022955,1.9401440689809961,0.04115875096991728,1.1390392837082548,0.31066345474061174,0.8028016475908805,0.8049291826617622,0.031325315005945154,1.1038895713132888,-0.2940343392022955,-1.4055771026711092,-0.8057685323987204,0.003016854918737155,1.908818753975051,0.031325315005945154,1.9401440689809961,0.0
default,48000,21,3,f554c10b3a6ea3aad3da67bdd8822e211e5b121bc19cccf58079def91c367dd6,1.7603400923034198,0.030111840132319934,-0.6870372128720152,2.3607469720473797,0.12755471984149824,1.2967304035074183,0.41320183574943403,0.9065923421662689,0.9059611142349051,0.13426634675377835,1.3205195110586962,-0.6870372128720152,-1.5768236147732453,-0.9121462468083777,0.003208868107635987,2.2264806252936014,0.13426634675377835,2.3607469720473797,0.0
default,48000,21,4,efeb704908aab4b37f9eb437d7027df36470cc446a4008dae4aeb97dab9705a9,1.821277629252584,0.00926606853956019,0.08738015624536155,1.701909325934634,0.0917425191974428,0.0628946342131409,1.80755696827166,0.0,-4.440892098500626e-16,0.07540703945488403,1.6265022864797505,0.08738015624536155,-1.778709083287358,0.0,0.0013627247741582194,1.62650228647975,0.07540703945488403,1.701909325934634,0.0
default,48000,21,5,e026480bfdede18b0cad8aa9a8396507da1a7d4e1d8f8b035f580d6cf1dfb08c,1.7201266789637857,0.06787347057397819,0.6892078927908107,1.0864399977409087,0.001679197842692881,-0.28420153107579615,1.377297012372634,0.0,-0.3042971545054096,0.3427874302268554,1.047949722019463,0.6892078927908107,-1.091416283454145,0.0,0.006106513462592389,0.7436525675140533,0.3427874302268554,1.0864399977409087,0.0
default,48000,21,6,aa52b477675f028f7f05585d6e76d7c1e052216fc5ff0c12d5b19191dbb9f848,1.4998287164238537,0.006548171331203362,0.5257396753123937,1.00353403785414,0.005969561805219792,-0.16091053966192592,1.2010990179753813,0.0,-0.15634568040121355,0.16078608407502792,0.9990936341803255,0.5257396753123937,-1.0342189165082356,0.0,0.004656192932825709,0.8427479537791119,0.16078608407502792,1.00353403785414,0.0
default,48000,21,7,0193a206e04983fbfc2b0b7090a2206526ec6d42519b69d1a4291436c936eec5,1.248421442032831,0.09460774613369383,0.32693545971291993,0.8924283427848787,0.03746260249688005,0.1718329589283698,0.9663568558820043,0.0,0.0,0.004415131671398731,0.88801321111348,0.32693545971291993,-1.100727212313494,0.0,0.01309448831537613,0.88801321111348,0.004415131671398731,0.8924283427848787,0.0
default,48000,21,8,61d4cf29a73d0fbebcfd1d461184e2ae14c4900d005b36c4d18f6b61215564be,1.3932232597440395,0.014593574964965772,0.12813382903541637,1.1919304321224986,-0.026610651987046152,0.256665647670246,1.2941869514968425,0.0,0.0,0.016795210012686912,1.1751352221098117,0.12813382903541637,-1.5774632511541347,0.0,0.01141241908182683,1.1751352221098117,0.016795210012686912,1.1919304321224986,0.0
default,48000,21,9,794bd6f53d04e380a07ad3b23a7b78a7204d02f669ee999f3c58aefed46e047b,1.6840975045900461,0.05758586873441529,0.8205899953657343,0.778876758821663,0.08578638449460674,0.344803183555213,0.6543978089081173,0.09488957415667887,0.09997489097245249,0.04449561064524188,0.6344062572039686,0.8205899953657343,-0.9160381875924719,-0.0922659945329305,0.0033228034348206092,0.7343811481764211,0.04449561064524188,0.778876758821663,0.0
default,48000,22,0,2bdde52c6bb6e994a3f0d7c441ff03c743b87486b9efafb8c87e3d9aefd1bf30,2.335806872883431,0.09201877679753567,0.7759277526555732,1.4742308706417715,0.18074226792744907,-0.05438852859381926,1.745337124934851,0.0,-4.440892098500626e-16,0.040823633343235244,1.4334072372985367,0.7759277526555732,-1.5102063284135827,0.0,0.0025710301087696896,1.4334072372985363,0.040823633343235244,1.4742308706417715,0.0
default,48000,22,1,010aa30e51836eeb1d0b2f3c13fdad4d158ec9cd81af62b9fe181df4c7aef7c4,1.89559540232694,0.13799492361365828,-1.0680802858524823,2.8226961847724334,0.11411998543734203,1.3564373824024107,0.23012646364472822,1.4032000122855561,1.412371586584667,0.08623015044821347,1.324094447739553,-1.0680802858524823,-1.3506126157614928,-1.5250312571338602,0.003370489244570729,2.73646603432422,0.08623015044821347,2.8226961847724334,0.0
default,48000,22,2,a4040649f24d949a9daac8111c269e4d1a5257c969fae12fa7c69d0df9dbb2a3,3.0837128371393554,0.1107801686526052,0.950389354636413,2.0020119545538995,0.052912578354177064,0.6167584168398056,0.6561553880181898,0.8390127156311167,0.6493882207608943,0.13273370759127356,1.2198900262017316,0.950389354636413,-1.2322638104674921,-0.8267501316674426,0.0014872518174469385,1.869278246962626,0.13273370759127356,2.0020119545538995,0.0
default,48000,22,3,f554c10b3a6ea3aad3da67bdd8822e211e5b121bc19cccf58079def91c367dd6,2.7006784828505004,0.13852526280579625,1.9348747413415737,0.689738150069001,0.06166853039898912,-0.31811950734181715,0.9037425352102004,0.17627321622842773,-0.13501372755073726,0.28959398082150134,0.5351578967982369,1.9348747413415737,-0.532980079366473,-0.16724763433134893,0.002043062088360137,0.4001441692474996,0.28959398082150134,0.689738150069001,0.0
default,48000,22,4,efeb704908aab4b37f9eb437d7027df36470cc446a4008dae4aeb97dab9705a9,2.972083759110898,0.004525808931419628,-0.8288309875905995,3.683246279924897,0.17635963822159306,1.7113379680593064,1.1798089805094403,0.8765073647705219,1.863631557952351,0.9088444155456028,0.9107703064269432,-0.8288309875905995,-1.7147475400373546,-1.8765471350803211,0.005860365307560567,2.7744018643792945,0.9088444155456028,3.683246279924897,0.0
default,48000,22,5,e026480bfdede18b0cad8aa9a8396507da1a7d4e1d8f8b035f580d6cf1dfb08c,2.3540429477807097,0.10302869912625706,1.6298162613663698,0.6393031609791626,0.08449119802729221,-0.20270087566043937,0.6607357165012904,0.26261185584597424,-0.016165508754900415,0.27041804700634087,0.38505062272772217,1.6298162613663698,-0.3778368852889924,-0.25831861337054063,0.00281960391172581,0.36888511397282175,0.27041804700634087,0.6393031609791626,0.0
default,48000,22,6,aa52b477675f028f7f05585d6e76d7c1e052216fc5ff0c12d5b19191dbb9f848,2.823140708701003,0.15105224047940669,0.7527744169828079,1.9518376661024648,0.10221634162760385,0.1645490867102004,1.5744835466231482,0.37056990082091246,0.1638778490845696,0.16312802154734474,1.6248317954705505,0.7527744169828079,-1.643210923867743,-0.36417526865891414,0.0027935373046275025,1.78870964455512,0.16312802154734474,1.9518376661024648,0.0
default,48000,22,7,0193a206e04983fbfc2b0b7090a2206526ec6d42519b69d1a4291436c936eec5,2.2189322749439055,0.20112984800929135,0.7780824103919348,1.3394667766942032,0.23431138819042174,-0.1291543930107384,1.7132773323867039,0.0,-0.08766400482215242,0.11582536296079704,1.3113054185555586,0.7780824103919348,-1.3498115511855437,0.0,0.0011207262461562749,1.2236414137334062,0.11582536296079704,1.3394667766942032,0.0
default,48000,22,8,61d4cf29a73d0fbebcfd1d461184e2ae14c4900d005b36c4d18f6b61215564be,2.462459528014527,0.01598538669657367,0.7591724015343235,1.6751380327386332,0.07747023089206201,-0.11417545766079762,1.8281154107525925,0.0,-0.08120098011763899,0.16643135260071995,1.5899076602555522,0.7591724015343235,-1.6364697221997329,-5.551115123125783e-17,0.008045739295576705,1.5087066801379132,0.16643135260071995,1.6751380327386332,0.0
default,48000,22,9,794bd6f53d04e380a07ad3b23a7b78a7204d02f669ee999f3c58aefed46e047b,2.0919918434253892,0.11385648357243072,0.8886798134897647,1.1513960406352808,0.17101620283990737,0.006942923210421448,1.3623023977599806,0.0,0.0,0.039486947949861184,1.1119090926854196,0.8886798134897647,-1.1982291181304947,0.0,0.013339536815094644,1.1119090926854196,0.039486947949861184,1.1513960406352808,0.0
default,48000,23,0,2bdde52c6bb6e994a3f0d7c441ff03c743b87486b9efafb8c87e3d9aefd1bf30,2.192307680588546,0.020002797136687914,-0.5803331366550846,2.628563159860521,0.11430532628856849,1.204470288371921,0.49429699683259454,1.1410518193062933,1.4246603842470544,0.17402779117836165,1.029874984435105,-0.5803331366550846,-1.1962735371534179,-1.5292402410688224,0.005234377428036674,2.4545353686821594,0.17402779117836165,2.628563159860521,0.0
default,48000,23,1,010aa30e51836eeb1d0b2f3c13fdad4d158ec9cd81af62b9fe181df4c7aef7c4,2.6184059350137203,0.01762687763520227,1.1882741455450034,1.2764007779058215,0.18838725067738665,-0.439492904598598,1.5825150844801574,0.19039350392203236,-0.39427531348262423,0.6539327040533454,1.0167433873351004,1.1882741455450034,-1.0045725050341394,-0.1404559280920657,0.003156542519797155,0.6224680738524762,0.6539327040533454,1.2764007779058215,0.0
default,48000,23,2,a4040649f24d949a9daac8111c269e4d1a5257c969fae12fa7c69d0df9dbb2a3,2.0626775316899204,0.06571744793730017,-0.992960273112431,3.0431869322466176,0.06701339192252975,1.1569620033764432,0.6275439493126553,1.3184816089370976,1.074654485885807,0.29382272054821224,1.6747097258125985,-0.992960273112431,-1.7096036632394802,-1.326370506464186,0.007859207059916953,2.7493642116984054,0.29382272054821224,3.0431869322466176,0.0
default,48000,23,3,f554c10b3a6ea3aad3da67bdd8822e211e5b121bc19cccf58079def91c367dd6,1.698124973350426,0.041871054263374945,-0.14595616897933894,1.7706068665563504,0.10329891459865015,0.32553000966572987,0.8228227360390543,0.7154706863454865,0.31386359704543243,0.44002725310102275,1.0167160164098952,-0.14595616897933894,-1.0446080826877073,-0.7159164347639132,0.00422547874441187,1.3305796134553276,0.44002725310102275,1.7706068665563504,0.0
default,48000,23,4,efeb704908aab4b37f9eb437d7027df36470cc446a4008dae4aeb97dab9705a9,2.2399372988263138,0.013521749286051377,-0.6671643440202768,2.8917234002016747,0.03735533980276262,1.3537789187469036,0.14501063667741132,1.5949568011770228,1.3038692394580322,0.15978300876445317,1.4280711519791893,-0.6671643440202768,-1.4328840813652672,-1.6235069354333078,0.011123363350202226,2.7319403914372216,0.15978300876445317,2.8917234002016747,0.0
default,48000,23,5,e026480bfdede18b0cad8aa9a8396507da1a7d4e1d8f8b035f580d6cf1dfb08c,1.990983341201587,0.1453718061429613,-0.3053502824057537,2.1814875472573854,0.11919909221437786,0.6883300340925214,1.0746975663801912,0.6309699179885984,0.5102189951008862,0.11523286702353497,1.5560356851329642,-0.3053502824057537,-1.6428044244997044,-0.6319940017472286,0.004184309832938923,2.0662546802338504,0.11523286702353497,2.1814875472573854,0.0
default,48000,23,6,aa52b477675f028f7f05585d6e76d7c1e052216fc5ff0c12d5b19191dbb9f848,1.8723636991984938,0.006408080102518587,-0.6710508993243982,2.4375613797942988,0.05813744992755687,1.000958508494144,0.2931545340549122,1.2700520192907319,0.9854901780788008,0.2428440287424649,1.209227172973033,-0.6710508993243982,-1.2336631578418125,-1.2723644540704186,0.019702623656263518,2.1947173510518336,0.2428440287424649,2.4375613797942988,0.0
default,48000,23,7,0193a206e04983fbfc2b0b7090a2206526ec6d42519b69d1a4291436c936eec5,2.4579331274680234,0.011273934678384043,0.06734437076432087,2.287088874168555,0.06228987931346874,0.8708764561821791,0.8288493039602094,0.6664340981552637,1.3961196676785506,0.18999125463116284,0.7009779518588415,0.06734437076432087,-0.8686896014806289,-1.4351803775035545,0.006193804250353499,2.097097619537392,0.18999125463116284,2.2870888741685547,-4.440892098500626e-16
default,48000,23,8,61d4cf29a73d0fbebcfd1d461184e2ae14c4900d005b36c4d18f6b61215564be,1.6556351504925626,0.008725397413524266,0.24395887395411053,1.2883234118981575,0.12147877906463456,0.5243175762471541,0.7233990011212742,0.3073674000430806,0.2931958737598448,0.0006336997859883731,0.9944938383523243,0.24395887395411053,-1.128718251180765,-0.3048869471661093,0.008996357490107056,1.287689712112169,0.0006336997859883731,1.2883234118981575,0.0
default,48000,23,9,794bd6f53d04e380a07ad3b23a7b78a7204d02f669ee999f3c58aefed46e047b,2.3146731544967674,0.2460887446818294,-0.5626297094702908,2.8113847940969383,0.19471913679231712,1.0643795732802501,0.4862666183100086,1.2597469704546493,1.5047943253839051,0.326705813112794,0.9798846556002392,-0.5626297094702908,-1.0734872623595537,-1.5421867628930372,0.0033831422193126848,2.4846789809841443,0.326705813112794,2.8113847940969383,0.0
default,48000,24,0,2bdde52c6bb6e994a3f0d7c441ff03c743b87486b9efafb8c87e3d9aefd1bf30,1.9987106215528234,0.3125850351694957,0.28757946361871234,1.5719480407846151,0.15199067191424498,-0.1729346742386586,1.9803897125783179,0.0,-0.17025790134133723,0.17944440065035638,1.562761541475596,0.28757946361871234,-1.6554643664254143,0.0,0.0012244038305067317,1.3925036401342588,0.17944440065035638,1.5719480407846151,0.0
default,48000,24,1,010aa30e51836eeb1d0b2f3c13fdad4d158ec9cd81af62b9fe181df4c7aef7c4,1.4740852228442982,0.10119813867101549,-0.8677719622704441,2.289515723851266,0.038667079471241594,1.1208435058547794,0.2995231945306589,1.0037993650106138,1.0002427115556047,0.06047198499117856,1.2288010273044825,-0.8677719622704441,-1.3627294960455727,-1.0227694898792379,0.009598360655655447,2.229043738860087,0.06047198499117856,2.289515723851266,0.0
default,48000,24,2,a4040649f24d949a9daac8111c269e4d1a5257c969fae12fa7c69d0df9dbb2a3,2.0373220323783716,0.1553960901412988,-1.4098157792372863,3.4144528762504955,0.1458500584937208,1.7542885253522553,0.3376525027368005,1.493006838218918,1.6292351135718746,0.27742978137474417,1.5077879813038768,-1.4098157792372863,-1.768631937277375,-1.670465870536878,0.005076265916279299,3.1370230948757514,0.27742978137474417,3.4144528762504955,0.0
default,48000,24,3,f554c10b3a6ea3aad3da67bdd8822e211e5b121bc19cccf58079def91c367dd6,1.5219742804557101,0.0020014590042741753,0.1320898424543926,1.324664968144037,0.08376192529829396,0.3215167608155265,0.9325246825015461,0.16602721810844168,0.9684714162428717,0.24012748370149584,0.11606606819966947,0.1320898424543926,-0.3281491392367759,-1.0081575968904444,0.001097179728778097,1.0845374844425413,0.24012748370149584,1.3246649681440372,2.220446049250313e-16
default,48000,24,4,efeb704908aab4b37f9eb437d7027df36470cc446a4008dae4aeb97dab9705a9,1.800868522397234,0.00311982814218581,0.2601656666273233,1.5440966735217445,0.09644631543535165,-0.005890245765481916,1.6975873535081374,0.0,-8.881784197001252e-16,0.01850580248087441,1.525590871040871,0.2601656666273233,-1.5952507923073038,0.0,0.0027296480510649035,1.52559087104087,0.01850580248087441,1.5440966735217445,0.0
default,48000,24,5,e026480bfdede18b0cad8aa9a8396507da1a7d4e1d8f8b035f580d6cf1dfb08c,1.7116380204160704,0.03600347921475351,-0.468881529442033,2.1496982629906722,0.06065116969264994,0.965528969571657,0.2720102004711792,1.3295570732343895,1.1517034719521506,0.05984081529630658,0.9381539757422149,-0.468881529442033,-0.9772804824821031,-1.5291645911024727,0.008153473320196891,2.0898574476943654,0.05984081529630658,2.149698262990672,-4.440892098500626e-16
default,48000,24,6,aa52b477675f028f7f05585d6e76d7c1e052216fc5ff0c12d5b19191dbb9f848,2.097858440732685,0.22375255310951203,-0.9373215906897734,3.008233647747635,0.05573316499872205,1.1671919218682787,0.4302861405697116,1.550584997836877,1.1561253943817569,0.3365994214597161,1.515508831906162,-0.9373215906897734,-1.5316058447366685,-1.5607240505394768,0.0004736536844908157,2.671634226287919,0.3365994214597161,3.0082336477476352,4.440892098500626e-16
default,48000,24,7,0193a206e04983fbfc2b0b7090a2206526ec6d42519b69d1a4291436c936eec5,1.8183850017975767,0.03049853017338794,0.48272520222814386,1.285618858321791,0.1479544491373097,-0.09699961166619042,1.491389428145074,0.0,-0.11406584049391233,0.18957125275594366,1.2101134460597596,0.48272520222814386,-1.2464353673415738,0.0,0.0034346001192395725,1.0960476055658472,0.18957125275594366,1.285618858321791,0.0
default,48000,24,8,61d4cf29a73d0fbebcfd1d461184e2ae14c4900d005b36c4d18f6b61215564be,1.8161789757920688,0.012266700061501878,0.8277494910993353,0.9970989925240903,0.028556024044747552,0.0,0.9843717224320573,0.03808437672523146,0.9605071255025548,0.036591867021535496,0.0,0.8277494910993353,0.0,-0.9939000751125411,0.0032357460850686026,0.9605071255025548,0.036591867021535496,0.9970989925240903,0.0
default,48000,24,9,794bd6f53d04e380a07ad3b23a7b78a7204d02f669ee999f3c58aefed46e047b,2.061505230737481,0.11491879533009589,-0.43566741348179994,2.442725544305543,0.09643137653346079,0.637371524141088,0.7715172759889302,1.1084592372984483,0.5913063414430277,0.5532152921899074,1.298203910672608,-0.43566741348179994,-1.310850773416503,-1.110065887478503,0.0017459716075851062,1.8895102521156357,0.5532152921899074,2.442725544305543,0.0
default,48000,25,0,2bdde52c6bb6e994a3f0d7c441ff03c743b87486b9efafb8c87e3d9aefd1bf30,1.7014015729169882,0.013244688298719054,-0.6893072194436725,2.313451202954904,0.10817172451478552,0.875875768435584,0.6430154939730892,0.9418356641263915,0.7645668468957025,0.2665132555311369,1.2823711005280647,-0.6893072194436725,-1.401650321475422,-0.9509048805448574,0.005744816188003099,2.0469379474237672,0.2665132555311369,2.313451202954904,0.0
default,48000,25,1,010aa30e51836eeb1d0b2f3c13fdad4d158ec9cd81af62b9fe181df4c7aef7c4,2.0305108441433375,0.04336404757136092,-0.21296282440181225,2.2200903774944196,0.08541806309230315,0.33502541701122013,0.9213889513618616,0.9860423656592876,0.27549118087646174,0.7787442843489982,1.1658549122689594,-0.21296282440181225,-1.1703508039904833,-0.9866878669495829,0.00825802289151567,1.4413460931454212,0.7787442843489982,2.2200903774944196,0.0
default,48000,25,2,a4040649f24d949a9daac8111c269e4d1a5257c969fae12fa7c69d0df9dbb2a3,1.51561263569186,0.04533616937351978,-0.5418397213944783,1.9698997412700594,0.03127041763326166,0.8086644477402287,0.4645474329610839,0.8020036579001142,1.1544665336174527,0.06764559149656701,0.7477876161560397,-0.5418397213944783,-0.8209447757394287,-1.2230003452287364,0.013892010400090304,1.9022541497734924,0.06764559149656701,1.9698997412700594,0.0
default,48000,25,3,f554c10b3a6ea3aad3da67bdd8822e211e5b121bc19cccf58079def91c367dd6,1.698327735692623,0.2498440462764896,-0.010694319672782449,1.62705155769654,0.16342030271788388,0.6670980662269494,1.5579952442158593,2.220446049250313e-16,2.220446049250313e-16,0.15996355253025252,1.4670880051662873,-0.010694319672782449,-2.0616730077249246,-1.1102230246251565e-16,0.002173945804465449,1.4670880051662876,0.15996355253025252,1.62705155769654,0.0
default,48000,25,4,efeb704908aab4b37f9eb437d7027df36470cc446a4008dae4aeb97dab9705a9,1.6876962907244857,0.28527563648594034,0.6399022539135206,0.8868656780223747,0.05112742892971056,0.2443847647858699,0.44964209630341445,0.38771646266870263,0.6076000718854611,0.027076603798761756,0.2521890023381519,0.6399022539135206,-0.23167962543301313,-0.7989362693952633,0.006829089439402136,0.859789074223613,0.027076603798761756,0.8868656780223747,0.0
default,48000,25,5,e026480bfdede18b0cad8aa9a8396507da1a7d4e1d8f8b035f580d6cf1dfb08c,1.9914006266478606,0.07424730989859901,-0.9701712096332091,2.8171120400764442,0.1106872767106164,1.4375708176562934,0.28234875215718613,1.308669461674353,1.4230398126428871,0.11212933112914536,1.2819428963044117,-0.9701712096332091,-1.4534597534715858,-1.4644420013056303,0.0050925826034523,2.704982708947299,0.11212933112914536,2.8171120400764442,0.0
default,48000,25,6,aa52b477675f028f7f05585d6e76d7c1e052216fc5ff0c12d5b19191dbb9f848,2.2406750907670907,0.06799041710810727,-0.34575633411723405,2.5627306053870997,0.18684225931906218,0.4366267539595883,1.5495876699704536,0.632870322755648,0.374583512587471,0.4486323285809197,1.739514764218709,-0.34575633411723405,-1.7990171412311753,-0.6332253461354527,0.003748642344788472,2.11409827680618,0.4486323285809197,2.5627306053870997,0.0
default,48000,25,7,0193a206e04983fbfc2b0b7090a2206526ec6d42519b69d1a4291436c936eec5,2.6858779301134192,0.10025246334454574,-1.4615141849443924,4.107143125631444,0.21842560369401776,1.7064408634064452,1.1221967400112776,1.5318406055473357,1.4702266428484694,0.22532437631218638,2.4115921064707884,-1.4615141849443924,-2.5940014985154196,-1.5480511067556209,0.008461490787278217,3.8818187493192577,0.22532437631218638,4.107143125631444,0.0
default,48000,25,8,61d4cf29a73d0fbebcfd1d461184e2ae14c4900d005b36c4d18f6b61215564be,2.007690306070617,0.35428133185204125,0.6511572793926761,1.3689151028894824,0.003918735722774125,-0.6520400868820972,2.0029529477746912,0.0,-0.6500668603106341,0.7006802442200584,1.318301718980058,0.6511572793926761,-1.3469941251698199,0.0,0.002027517725473979,0.668234858669424,0.7006802442200584,1.3689151028894824,0.0
default,48000,25,9,794bd6f53d04e380a07ad3b23a7b78a7204d02f669ee999f3c58aefed46e047b,2.2060598989376006,0.0972058246781613,-1.5280795853845826,3.68676844539028,0.14335499662918094,1.9098127059398537,0.37454814927825275,1.6460345284968838,1.6460345284968838,0.26508020601281457,1.7756537108805819,-1.5280795853845826,-2.0623850010868527,-1.7246553859989566,0.00572835961862439,3.421688239377466,0.26508020601281457,3.6867684453902805,4.440892098500626e-16
default,48000,26,0,2bdde52c6bb6e994a3f0d7c441ff03c743b87486b9efafb8c87e3d9aefd1bf30,1.6876061134552889,0.008143973672453259,-1.1145885487266831,2.7363232482321003,0.03490494188794235,1.3974517793856844,0.33385594381639416,1.2834921786129945,1.229311039949836,0.14657323592120264,1.360438972361062,-1.1145885487266831,-1.5879040615246465,-1.3919908984024845,0.004381426175727121,2.5897500123108976,0.14657323592120264,2.7363232482321003,0.0
default,48000,26,1,010aa30e51836eeb1d0b2f3c13fdad4d158ec9cd81af62b9fe181df4c7aef7c4,1.816250697092471,0.07729399989674418,-1.159330536821912,2.890003686637729,0.11171462668927923,1.3481370354716884,0.4693814923051538,1.3660884825902952,1.2164038365919772,0.15955091855339099,1.5140489314923609,-1.159330536821912,-1.6767078677593803,-1.3951845159184781,0.005481980468121761,2.730452768084338,0.15955091855339099,2.890003686637729,0.0
default,48000,26,2,a4040649f24d949a9daac8111c269e4d1a5257c969fae12fa7c69d0df9dbb2a3,2.0708517979453505,0.09069771351627182,-0.1224608985909823,2.1314922807518997,0.08867998288875212,0.9573246318214044,0.33660395244582464,0.9267665216026355,0.7632951186605523,0.22173025737934937,1.146466904711998,-0.1224608985909823,-1.205248601378477,-0.9267665216026355,0.003336359221755958,1.9097620233725503,0.22173025737934937,2.1314922807518997,0.0
default,48000,26,3,f554c10b3a6ea3aad3da67bdd8822e211e5b121bc19cccf58079def91c367dd6,1.7749330684483087,0.008939220542560633,-0.369431581866281,1.997318038053654,0.04988698581310014,0.6838478735864908,0.41569098551382555,0.9559551175732544,0.7801245154079082,0.20566326510067023,1.0115302575450755,-0.369431581866281,-1.0452859139330237,-0.9603210769274468,0.0017419728422829461,1.7916547729529837,0.20566326510067023,1.997318038053654,0.0
default,48000,26,4,efeb704908aab4b37f9eb437d7027df36470cc446a4008dae4aeb97dab9705a9,2.4383124081571976,0.0036540019230736354,0.6408665622936165,1.9066676664705113,0.09387567188748419,-0.3470209844780072,1.981540799385047,0.10870533022996876,-0.39222750411188745,0.8081521332549091,1.4907430373274897,0.6408665622936165,-1.533550760519366,-0.11579871273015835,0.009605084920817686,1.0985155332156022,0.8081521332549091,1.9066676664705113,0.0
default,48000,26,5,e026480bfdede18b0cad8aa9a8396507da1a7d4e1d8f8b035f580d6cf1dfb08c,2.084877698674341,0.06101824091819852,-0.5690344179420377,2.573322837773474,0.07713184806780449,0.9950489518362566,0.4212368521723975,1.1819344594055463,0.9291309897015676,0.3322279414772846,1.3119639065946214,-0.5690344179420377,-1.328456137259245,-1.1926322780871508,0.004803477425373792,2.2410948962961887,0.3322279414772846,2.5733228377734734,-4.440892098500626e-16
default,48000,26,6,aa52b477675f028f7f05585d6e76d7c1e052216fc5ff0c12d5b19191dbb9f848,2.146479879347885,0.0920941230182395,-0.5058273626859493,2.430830585899299,0.14067930324689426,0.8126003828355453,0.9497349090754381,0.8612057450117333,0.7052940258239409,0.14137206658095502,1.5841644934944032,-0.5058273626859493,-1.6272057619210394,-0.8556559717547831,0.002284673984473795,2.289458519318344,0.14137206658095502,2.430830585899299,0.0
default,48000,26,7,0193a206e04983fbfc2b0b7090a2206526ec6d42519b69d1a4291436c936eec5,1.8984992839125026,0.010775013035366876,-0.8188834141539001,2.644960182285951,0.0647071472874059,0.9183679261665938,0.6370940120341546,1.1582015357459177,0.8716287925163337,0.3069226638133231,1.4664087259562943,-0.8188834141539001,-1.4906578930060206,-1.1582984336532398,0.003544931436645804,2.3380375184726283,0.3069226638133231,2.6449601822859514,4.440892098500626e-16
default,48000,26,8,61d4cf29a73d0fbebcfd1d461184e2ae14c4900d005b36c4d18f6b61215564be,1.8029239865885471,0.031445129381921455,-1.1275267629050583,2.859404694173613,0.11353609336407855,1.4412462810113418,0.49565919904768396,1.2170937830608917,1.1793320755454488,0.06312529616786056,1.6169473224603035,-1.1275267629050583,-1.8211722531865489,-1.2192909165692902,0.001985563592880133,2.796279398005752,0.06312529616786056,2.8594046941736124,-4.440892098500626e-16
default,48000,26,9,794bd6f53d04e380a07ad3b23a7b78a7204d02f669ee999f3c58aefed46e047b,2.4806359121321373,0.37639795398110404,-1.5024860385656655,4.005558984756577,0.08899003655385318,1.675787249173648,0.5797701685199397,1.7749534606771948,1.5895936777295123,0.3751572648481458,2.040808042178919,-1.5024860385656655,-2.1418864921954572,-1.7996343496214724,0.002908149925203579,3.6304017199084315,0.3751572648481458,4.005558984756577,0.0
default,48000,27,0,2bdde52c6bb6e994a3f0d7c441ff03c743b87486b9efafb8c87e3d9aefd1bf30,1.7712409400948617,0.16349938212139556,1.1358650330922102,0.5318656581814765,0.18795137842397625,-0.404114846254927,1.0498439779973576,2.220446049250313e-16,-0.44700039338977704,0.5339924649635797,0.44487358660767384,1.1358650330922102,-0.4577777533184546,0.0,0.0019344346623034192,-0.0021268067821031966,0.5339924649635797,0.5318656581814765,0.0
default,48000,27,1,010aa30e51836eeb1d0b2f3c13fdad4d158ec9cd81af62b9fe181df4c7aef7c4,1.6394420195105361,0.035004800940788394,1.0988756595468028,0.5175109523908255,0.02526009313903277,0.17530295741325397,0.4144455427914583,0.0,0.0,0.007879734343672062,0.5096312180471534,1.0988756595468028,-0.5644884070656795,0.0,0.002402334570951542,0.5096312180471534,0.007879734343672062,0.5175109523908255,0.0
default,48000,27,2,a4040649f24d949a9daac8111c269e4d1a5257c969fae12fa7c69d0df9dbb2a3,1.1774831676135353,0.1109305239115967,-0.10929208514517263,1.2120254433759152,-0.00020406093815195092,0.5184221763318495,0.22353735074677417,0.6631444044636869,0.6708583280021506,0.04726584792991795,0.49390126744384677,-0.10929208514517263,-0.5262617214914809,-0.8790462709889817,0.0009603966282551168,1.1647595954459975,0.04726584792991795,1.2120254433759154,2.220446049250313e-16
default,48000,27,3,f554c10b3a6ea3aad3da67bdd8822e211e5b121bc19cccf58079def91c367dd6,1.131323635615967,0.2901694450329132,0.34711359531109043,0.8297712579839887,-0.026166497932148758,0.32092566886892504,0.9103118873450393,0.0,0.0,0.0658091952525155,0.7639620627314732,0.34711359531109043,-1.2574040541461131,0.0,0.007006770534443041,0.7639620627314732,0.0658091952525155,0.8297712579839887,0.0
default,48000,27,4,efeb704908aab4b37f9eb437d7027df36470cc446a4008dae4aeb97dab9705a9,2.368583844458621,0.08381549864848747,0.7298718710918481,1.5093523379658866,0.05341969382034928,0.6658967528017684,0.4657234830051098,0.5215870651581973,0.44733498525071447,0.053255050803658,1.0087623019115142,0.7298718710918481,-1.0878391005228827,-0.5119485066218437,0.004628874154095852,1.4560972871622286,0.053255050803658,1.5093523379658866,0.0
default,48000,27,5,e026480bfdede18b0cad8aa9a8396507da1a7d4e1d8f8b035f580d6cf1dfb08c,2.009539153758495,0.10780425472236166,1.5119570768425048,0.3945820500792684,0.1034556541267912,-0.5344651533190801,1.0106897414952094,0.0,-0.5879787159261807,0.6226135764776956,0.3599471895277535,1.5119570768425048,-0.37276893404933814,0.0,0.0036551277892474254,-0.22803152639842716,0.6226135764776956,0.3945820500792684,0.0
default,48000,27,6,aa52b477675f028f7f05585d6e76d7c1e052216fc5ff0c12d5b19191dbb9f848,1.7095693259614033,0.09673381231981659,0.8987995145633817,0.857177996046715,0.014085284695020794,-0.39752395288236564,1.3329244714322903,0.0,-0.39113691160333697,0.3910410980006074,0.8572738096494446,0.8987995145633817,-0.9213152338549039,0.0,0.00546110511997569,0.4661368980461076,0.3910410980006074,0.857177996046715,0.0
default,48000,27,7,0193a206e04983fbfc2b0b7090a2206526ec6d42519b69d1a4291436c936eec5,1.4025785928026195,0.1549636479496946,0.4285201886955057,0.8550890705359961,0.1588715547916031,0.3578213796976153,0.8469691237276975,0.0,0.0,0.0012067822111025972,0.8538822883248935,0.4285201886955057,-1.0459189486337097,0.0,0.002749473235162593,0.8538822883248935,0.0012067822111025972,0.8550890705359961,0.0
default,48000,27,8,61d4cf29a73d0fbebcfd1d461184e2ae14c4900d005b36c4d18f6b61215564be,1.5821213773749054,0.052595712106397824,0.9520907756416481,0.556467326983435,0.09838866233539512,0.07631564471237529,0.5520411704759283,0.0,0.0,0.07616814434092367,0.48029918264251137,0.9520907756416481,-0.5299681528529084,0.0,0.0060932639978164005,0.48029918264251137,0.07616814434092367,0.556467326983435,0.0
default,48000,27,9,794bd6f53d04e380a07ad3b23a7b78a7204d02f669ee999f3c58aefed46e047b,1.7927263361214467,0.057741601117260344,0.826951328980825,1.0059574945056269,0.07765870035278988,-0.07601318129528623,0.9323045068060063,0.16164594815976363,-0.05432924514447329,0.3008771005132207,0.7594096391368794,0.826951328980825,-0.7920993613763782,-0.14817921194131567,0.0028952574567257527,0.7050803939924062,0.3008771005132207,1.0059574945056269,0.0
default,48000,28,0,2bdde52c6bb6e994a3f0d7c441ff03c743b87486b9efafb8c87e3d9aefd1bf30,1.5907807084747803,0.24843240952177642,-0.8791011411596155,2.442963333153563,0.09576734059967107,1.1836855037304235,0.40386558086975644,1.1398805122981264,0.9676667401743559,0.2193466685179155,1.255949924461292,-0.8791011411596155,-1.4426599416165935,-1.1890043146820415,0.012367197256347981,2.2236166646356477,0.2193466685179155,2.442963333153563,0.0
default,48000,28,1,010aa30e51836eeb1d0b2f3c13fdad4d158ec9cd81af62b9fe181df4c7aef7c4,1.8106847669813146,0.028249335117381286,-0.5757602673587794,2.334498340818609,0.12091803738361184,0.7175699060139866,0.6584413242399756,1.0636336093210883,0.6720327630812224,0.4478761680703889,1.2145894096669978,-0.5757602673587794,-1.2474279554076642,-1.0712988467837747,0.001889601253468487,1.8866221727482202,0.4478761680703889,2.334498340818609,0.0
default,48000,28,2,a4040649f24d949a9daac8111c269e4d1a5257c969fae12fa7c69d0df9dbb2a3,1.8425147095691154,0.06986973202953789,0.7951447030034453,0.9728370813519533,0.08133080539647874,0.0,1.0179393958329856,0.039778833971479965,0.9010714247844165,0.07176565656753686,0.0,0.7951447030034453,0.0,-0.9763874244079869,0.004332501067743966,0.9010714247844165,0.07176565656753686,0.9728370813519533,0.0
default,48000,28,3,f554c10b3a6ea3aad3da67bdd8822e211e5b121bc19cccf58079def91c367dd6,1.3760862318461309,0.005395392452717404,0.45148174321165424,0.8062932475222699,0.0538065856751917,0.0,0.8616294138189091,0.19999506279798407,0.7848611236996217,0.021432123822648252,0.0,0.45148174321165424,0.0,-1.0078178909417015,0.003308696627789931,0.7848611236996217,0.021432123822648252,0.8062932475222699,0.0
default,48000,28,4,efeb704908aab4b37f9eb437d7027df36470cc446a4008dae4aeb97dab9705a9,1.7652161542274862,0.02591757450803317,0.5259568323183661,1.1715794465982752,0.13621064129504745,0.03016755388331105,1.2072771396734807,0.016177718581953826,1.0037384183588933,0.16784102823938185,0.0,0.5259568323183661,-0.03229273082404549,-1.0851190400196526,0.0016903669305541325,1.0037384183588933,0.16784102823938185,1.1715794465982752,0.0
default,48000,28,5,e026480bfdede18b0cad8aa9a8396507da1a7d4e1d8f8b035f580d6cf1dfb08c,2.0394970690127296,0.005485916042617323,1.1880912645525736,0.822660823960035,0.13075587473128958,0.0,1.0919925264969317,-0.09151742839039567,0.730360687809682,0.09230013615035304,0.0,1.1880912645525736,0.0,-0.8697192233752464,0.004471102042664543,0.730360687809682,0.09230013615035304,0.822660823960035,0.0
default,48000,28,6,aa52b477675f028f7f05585d6e76d7c1e052216fc5ff0c12d5b19191dbb9f848,1.3936601669449227,0.03555520108688226,0.7584194850760251,0.6518097455839986,-0.002875571779209829,-0.05211928029012691,0.7386777308142903,0.0,-0.003574425864894426,0.02387056155797662,0.6315136098909164,0.7584194850760251,-0.6894340223033733,0.0,0.004743636081293454,0.627939184026022,0.02387056155797662,0.6518097455839986,0.0
default,48000,28,7,0193a206e04983fbfc2b0b7090a2206526ec6d42519b69d1a4291436c936eec5,1.6336823336464046,0.11221751975818589,-0.13752116805113612,1.7280419211826668,0.0687291929901166,0.7324641359363997,0.393968968384125,0.8921455173515359,1.006919267038242,0.06454636728734009,0.6565762868570846,-0.13752116805113612,-0.733155902373526,-1.216693526308418,0.006426960095902656,1.6634955538953267,0.06454636728734009,1.7280419211826668,0.0
default,48000,28,8,61d4cf29a73d0fbebcfd1d461184e2ae14c4900d005b36c4d18f6b61215564be,1.8137766337861736,0.11737158207838949,0.21907177863633454,1.5840328614927668,0.1692310707395448,0.2576720175184779,1.2362968703684944,0.44882660085992,1.2285665970977373,0.14251946787244685,0.21294679652258264,0.21907177863633454,-0.25643810793495914,-1.5171263100723884,0.0004027740914741124,1.44151339362032,0.14251946787244685,1.5840328614927668,0.0
default,48000,28,9,794bd6f53d04e380a07ad3b23a7b78a7204d02f669ee999f3c58aefed46e047b,1.6023606270906545,0.055287316484611826,0.00205331629879435,1.4449683897066858,0.1350201766529069,0.2394338969282026,1.4967865711004933,2.220446049250313e-16,0.0,0.05044611116694231,1.3945222785397435,0.00205331629879435,-1.601200291375789,-2.220446049250313e-16,0.005281432893311313,1.3945222785397435,0.05044611116694231,1.4449683897066858,0.0
default,48000,29,0,2bdde52c6bb6e994a3f0d7c441ff03c743b87486b9efafb8c87e3d9aefd1bf30,1.9055990848063582,0.01220790439166368,0.29448762413722074,1.5876245559531867,0.17538096355128419,0.24357435082014733,1.4161311512280919,-0.0589492417782711,1.190083141605061,0.42757889447559294,-0.03003748012746721,0.29448762413722074,-0.2313052606413637,-1.1940700360773202,0.0033936468252945898,1.1600456614775938,0.42757889447559294,1.5876245559531867,0.0
default,48000,29,1,010aa30e51836eeb1d0b2f3c13fdad4d158ec9cd81af62b9fe181df4c7aef7c4,1.7110603422892843,0.01452751072161601,0.38369004661464334,1.339374132878253,-0.00872121820525873,-0.23544119166825417,1.5993679622095225,0.0,-0.21812932100496152,0.2325542868709447,1.3249491670122697,0.38369004661464334,-1.372647988746527,0.0,0.0059553109270786275,1.1068198460073082,0.2325542868709447,1.339374132878253,0.0
default,48000,29,2,a4040649f24d949a9daac8111c269e4d1a5257c969fae12fa7c69d0df9dbb2a3,1.9759607415758729,0.12015711563860731,-0.21874193308477352,2.081800453985131,0.05260675578832075,0.9911433060920329,0.47049279136964617,0.8171191145554038,0.8130816553825557,0.036651490762036776,1.2320673078405386,-0.21874193308477352,-1.4073333407677975,-0.8188151154609646,0.003680320964688691,2.0451489632230944,0.036651490762036776,2.081800453985131,0.0
default,48000,29,3,f554c10b3a6ea3aad3da67bdd8822e211e5b121bc19cccf58079def91c367dd6,1.6955783149155674,0.10573067897560837,-0.12773599528218504,1.7043017260905307,0.15139086919919836,0.5601541906721887,1.098409011246485,0.3949225851561198,0.3189383113043882,0.007186403511852291,1.3781770112742902,-0.12773599528218504,-1.5242789485920005,-0.3778159692835947,0.004230729043573467,1.6971153225786784,0.007186403511852291,1.7043017260905307,0.0
default,48000,29,4,efeb704908aab4b37f9eb437d7027df36470cc446a4008dae4aeb97dab9705a9,2.1392316308635997,0.20282123760112936,0.9545909773273182,1.2083053190093462,0.032313842229836576,-0.5146850654553272,1.7185985595369657,0.0,-0.5007098741713338,0.5509494579639018,1.1580657352167782,0.9545909773273182,-1.171599651851802,0.0,0.009185707923780706,0.6573558610454444,0.5509494579639018,1.2083053190093462,0.0
default,48000,29,5,e026480bfdede18b0cad8aa9a8396507da1a7d4e1d8f8b035f580d6cf1dfb08c,1.5376901360305297,0.0565638814488707,0.2488684195534958,1.1361209894135205,0.07008290012719431,0.7368405579351403,0.48871506040439927,0.3642145064819895,0.367261491556206,0.060360865017244025,0.7084986328400704,0.2488684195534958,-1.1554727182123452,-0.3642145064819895,0.01139053748275462,1.0757601243962764,0.060360865017244025,1.1361209894135205,0.0
default,48000,29,6,aa52b477675f028f7f05585d6e76d7c1e052216fc5ff0c12d5b19191dbb9f848,1.5319406726090303,0.10384933786999173,0.4276177099348848,1.117531314022048,-0.02630414252507829,0.020130163653608868,1.10546540353345,0.0,0.0,0.052626519994948495,1.0649047940270995,0.4276177099348848,-1.151899709712137,0.0,0.008342263184814624,1.0649047940270995,0.052626519994948495,1.117531314022048,0.0
default,48000,29,7,0193a206e04983fbfc2b0b7090a2206526ec6d42519b69d1a4291436c936eec5,2.0072814770428615,0.12281029651085923,-0.6902499718478579,2.680127916804398,0.14870312269333907,0.8265632092129276,0.6361061475854279,1.3717222019891753,0.7789060601999598,0.5931483077756898,1.3080735488287483,-0.6902499718478579,-1.313506343637829,-1.372182092456363,0.00980439796154442,2.086979609028708,0.5931483077756898,2.6801279168043974,-4.440892098500626e-16
default,48000,29,8,61d4cf29a73d0fbebcfd1d461184e2ae14c4900d005b36c4d18f6b61215564be,1.377957119262076,0.041481058671327564,-0.2077634150740657,1.395210562065395,0.14483471247604385,0.12052694463572955,1.167203274082878,0.5243352482101549,1.2505190009860994,0.006388079236510746,0.13830348184278485,-0.2077634150740657,-0.12273202240465153,-1.544498732048067,0.009670276437900013,1.3888224828288842,0.006388079236510746,1.395210562065395,0.0
default,48000,29,9,794bd6f53d04e380a07ad3b23a7b78a7204d02f669ee999f3c58aefed46e047b,1.6473389864125851,0.008137570730510857,-0.2630680291327332,1.7492393665883572,0.11129722441075729,0.7156665836844315,0.31686543696072356,1.0125257955409683,1.0289029009213886,0.025930381212586506,0.6944060844543821,-0.2630680291327332,-0.7156665836844315,-1.2180940080909346,0.0038352805958185247,1.7233089853757706,0.025930381212586506,1.7492393665883572,0.0
default,48000,30,0,2bdde52c6bb6e994a3f0d7c441ff03c743b87486b9efafb8c87e3d9aefd1bf30,1.7540981476301891,0.07557344323610665,0.019249296193517562,1.557446454898852,0.08320428660523671,0.5625347604108721,1.198897165759751,0.2113787929286468,0.19840404735206318,0.01136578914297881,1.34767661840381,0.019249296193517562,-1.6776497131744672,-0.21195671931956594,0.004860256324238477,1.5460806657558732,0.01136578914297881,1.557446454898852,0.0
default,48000,30,1,010aa30e51836eeb1d0b2f3c13fdad4d158ec9cd81af62b9fe181df4c7aef7c4,1.8399369863337687,0.015831398748484465,-0.8155683804166936,2.657350465783713,0.04246742399173087,0.9252733500844839,0.796682942649745,1.001683345512241,0.8301498658292936,0.2513092050586645,1.5758913948957547,-0.8155683804166936,-1.6702535318416174,-1.0109186824131215,0.0027518825517310053,2.4060412607250483,0.2513092050586645,2.657350465783713,0.0
default,48000,30,2,a4040649f24d949a9daac8111c269e4d1a5257c969fae12fa7c69d0df9dbb2a3,2.0651600609504968,0.004605254137313108,-0.0861137088921673,2.007982439415414,0.08327299186418513,0.3972583165034522,1.0217637765533036,0.7515014109408247,0.3598742961247485,0.35658764780771257,1.291520495482953,-0.0861137088921673,-1.3391827294354257,-0.7480677826979699,0.004408819773864425,1.6513947916077014,0.35658764780771257,2.007982439415414,0.0
default,48000,30,3,f554c10b3a6ea3aad3da67bdd8822e211e5b121bc19cccf58079def91c367dd6,2.0968089471247904,0.024231994122221184,-0.31222801100167885,2.2211994757453937,0.05463293923995183,0.837311659679231,0.5918307989701852,1.2541003325395779,1.3805188728609263,0.007000593909546771,0.8336800089749208,-0.31222801100167885,-0.8336800089749208,-1.7949298429741216,0.011673490615886406,2.214198881835847,0.007000593909546771,2.2211994757453937,0.0
default,48000,30,4,efeb704908aab4b37f9eb437d7027df36470cc446a4008dae4aeb97dab9705a9,1.7519329296017876,0.0936666536592825,-0.10756555963860492,1.6664726653349864,0.119714162948652,0.4057528191136064,1.509241716085031,0.1669414694247937,0.14235199711767965,0.03710071129402159,1.4870199569232851,-0.10756555963860492,-1.7942107588193443,-0.16801108285543487,0.00863233259519447,1.6293719540409648,0.03710071129402159,1.6664726653349864,0.0
default,48000,30,5,e026480bfdede18b0cad8aa9a8396507da1a7d4e1d8f8b035f580d6cf1dfb08c,1.8243435297881394,0.029937470393987878,0.37902307176691963,1.45331869342403,0.08835522924171135,-0.10334703378650878,1.71587385297253,0.0,-0.07537018672815288,0.11100087902391254,1.4176880011282704,0.37902307176691963,-1.5241715899443098,0.0,0.0063954766327746215,1.3423178144001175,0.11100087902391254,1.45331869342403,0.0
default,48000,30,6,aa52b477675f028f7f05585d6e76d7c1e052216fc5ff0c12d5b19191dbb9f848,1.881009437585484,0.10738105974054157,-0.4074355412028492,2.19481616488374,0.09821396747709854,0.83991893487999,1.3735998406248053,0.45861841130034264,0.44252576416335243,0.019659292685902052,1.7326311080344856,-0.4074355412028492,-2.115217774702308,-0.45870544462573126,0.003445121782291505,2.175156872197838,0.019659292685902052,2.19481616488374,0.0
default,48000,30,7,0193a206e04983fbfc2b0b7090a2206526ec6d42519b69d1a4291436c936eec5,2.4864309629732286,0.012955368415542179,0.3071709705562471,2.085298699543227,0.007722871577715118,0.5946842995418176,0.8351453790566599,0.7446284975015505,0.5974858950159769,0.1216423583008126,1.3661704462264377,0.3071709705562471,-1.423096182042543,-0.7436391224797698,0.0055326010839164275,1.9636563412424146,0.1216423583008126,2.085298699543227,0.0
default,48000,30,8,61d4cf29a73d0fbebcfd1d461184e2ae14c4900d005b36c4d18f6b61215564be,1.58722351846178,0.020083492369624756,-1.0959971416626835,2.755694933529107,0.03864967932910646,1.3187739318998302,0.2879001299097059,1.2460166984159322,1.3941058600334266,0.17281751813533086,1.1887715553603495,-1.0959971416626835,-1.3455523148177082,-1.4684887660786536,0.0033435335362644036,2.582877415393776,0.17281751813533086,2.755694933529107,0.0
default,48000,30,9,794bd6f53d04e380a07ad3b23a7b78a7204d02f669ee999f3c58aefed46e047b,2.1142939614711205,0.012770933876159435,-0.3403431829503658,2.3487378929012586,0.17600317713645786,0.5154062683300404,1.5729725134907635,0.5282021082794426,0.3375062671120457,0.2250850677062659,1.7861465580829472,-0.3403431829503658,-1.909542414508352,-0.531035298455437,0.006285508332703166,2.123652825194993,0.2250850677062659,2.348737892901259,4.440892098500626e-16
