group,condition,seed,episode,base_part0_to_whole,parts_to_whole,part1_to_whole,whole_to_part0,whole_to_parts,whole_to_part1,whole_to_whole,part0_to_part1,part1_to_part0,group_decoupling,group_downward,group_part_driven,phi_r_total
trained,clean,1,0,0.6599217013405188,0.17360568975093438,0.9728422322597279,0.7764246533694087,0.027211872643361,0.64616676325958,-0.30943427253214617,-0.6755648152847422,-1.0781506146228166,-0.30943427253214617,1.4498032892723498,0.05265419344362221,1.1930232101838258
trained,clean,1,1,0.0,0.8777202100600665,-0.012688569851886156,0.6848562640510638,0.13881308587265528,0.0,0.42986148952299574,0.0,-0.7902878009882823,0.42986148952299574,0.8236693499237191,0.07474383921989802,1.3282746786666129
trained,clean,1,2,0.19028561138187916,0.8005060132238215,0.14914073100715708,0.0675124227807623,0.05902157816945386,0.8115366524342735,0.39450468138184935,-0.932170467097546,-0.13567865965647974,0.39450468138184935,0.9380706533844897,0.072083228858832,1.404658563625171
trained,clean,1,3,0.0,0.5248817760582847,0.468967043177706,0.5719755010038319,0.009515540654720933,0.0,0.24155818940574392,0.0,-0.9535837619715598,0.24155818940574392,0.5814910416585528,0.04026505726443086,0.8633142883287276
trained,clean,1,4,0.5874958807945826,0.4760624840146297,0.48089576608949414,0.7075327128120232,0.3001414984801061,0.3798277945608888,-0.23797137650029954,-0.6178262829477612,-0.7897874462106558,-0.23797137650029954,1.387502005853018,0.13684040174028933,1.2863710310930079
trained,clean,1,5,0.01882326590553607,0.6411201370313067,0.19922569645033228,0.5826747007635108,0.10856495548631617,0.0,0.1161654810488506,-0.018953274450980245,-0.7056055352191776,0.1161654810488506,0.691239656249827,0.13461028971701716,0.9420154270156947
trained,clean,1,6,0.09297269526618201,1.2295426002357215,0.17742250728946596,0.0,0.2646096963686253,1.0815525583390813,0.08604396150650828,-1.184907866364449,-0.18550368431002817,0.08604396150650828,1.3461622547077066,0.12952625211689228,1.5617324683311071
trained,clean,1,7,0.14636945571012983,0.6686705617458611,0.19879551590939804,0.5890776898197901,0.19880652491876294,0.01422699639579128,0.022040146915500713,-0.16795367681970624,-0.7604298461313752,0.022040146915500713,0.8021112111343444,0.0854520104143075,0.9096033684641526
trained,clean,1,8,0.0,0.9470503495728595,-0.011273732947418846,0.738657609766207,0.09350379499530115,-0.03208325191710326,0.3175746059977267,0.0,-0.8768616745992437,0.3175746059977267,0.8000781528444049,0.05891494202619696,1.1765677008683284
trained,clean,1,9,0.39976789557871695,0.3095589317995153,0.37831425505202987,0.5957128414439204,0.10189893124639116,0.30736710729712524,0.05762391165806502,-0.402246973190044,-0.6453551024567108,0.05762391165806502,1.0049788799874368,0.04003900678350747,1.1026417984290093
trained,clean,2,0,0.012462094863588069,0.6501226580400079,0.2850135969414127,0.0028627493177035834,0.31561001897303453,0.5572856363857653,0.21103192130358117,-0.5634344844520056,-0.26736757660964217,0.21103192130358117,0.8757584046765035,0.1167962887833609,1.2035866147634455
trained,clean,2,1,0.20537117182176678,0.3938210629496881,0.0,0.0,0.007421329118975695,0.3590497402687749,0.9077531366392797,-0.56544559939798,0.0,0.9077531366392797,0.3664710693877506,0.03374663537347489,1.3079708414005053
trained,clean,2,2,0.37962091661297787,0.3087684669639901,0.3386655992258143,0.4944107071960715,0.06458482333464777,0.2795402059342431,0.688283048146046,-0.3593374937876175,-0.5803792189566321,0.688283048146046,0.8385357364649624,0.08733827005853256,1.614157054669541
trained,clean,2,3,0.9071361854661942,0.3105395514958633,0.7689029578821172,0.7122798993434802,0.08854404115376258,0.8820753994420423,-0.47924012127526483,-1.080953488916192,-0.8118672613120529,-0.47924012127526483,1.682899339939285,0.09375794461592968,1.2974171632799498
trained,clean,2,4,-0.5081878523937665,1.3920332385964937,0.0,-0.48172749751350175,0.5543929873771357,0.8366611404112363,0.5822234685471539,-0.8486274760506349,0.0,0.5822234685471539,0.9093266302748703,0.0352179101520923,1.5267680089741162
trained,clean,2,5,0.48662917134497474,0.6556043015400201,0.636365624542876,0.9846862367054829,0.1443250596685992,0.39015579292813296,-0.36827622056499365,-0.4988484391572099,-1.1129873174427194,-0.36827622056499365,1.5191670893022151,0.16676334082794164,1.317654209565163
trained,clean,2,6,0.8906490511220801,0.6561949334908646,0.2295694662363743,0.22468589151908258,0.007349830653805345,0.9016796872375807,-0.0011208649814649085,-1.4601003429663206,-0.22956946623637425,-0.0011208649814649085,1.1337154094104687,0.08674364164662413,1.2193381860756278
trained,clean,2,7,0.055736960635859534,1.1525654578487061,0.0,-2.220446049250313e-16,0.09641781510189484,0.9711796576628613,0.41941594978202534,-1.0893774505236151,0.0,0.41941594978202534,1.067597472764756,0.11892496796095053,1.6059383905077318
trained,clean,2,8,-0.02676423196695954,1.23224460059543,0.0,-0.02327177487601695,0.10631556393606001,1.0178000265022935,0.18412526985604183,-1.1724528107876468,0.0,0.18412526985604183,1.1008438155623366,0.033027557840823674,1.317996643259202
trained,clean,2,9,0.049391977548571275,0.8660330713834277,0.7833460655782429,0.9777804216161778,0.02764058567472949,0.049391977548571386,-0.09417572977144806,-0.06166825325037095,-1.4719311531673505,-0.09417572977144806,1.0548129848394787,0.16517170809252057,1.1258089631605512
trained,clean,3,0,0.43348127968943795,0.6707214317894756,0.5460030272377028,0.9276816381750341,0.21680394351083243,0.3309649993646606,-0.3190804807051064,-0.43620927935329246,-1.110047388141446,-0.3190804807051064,1.4754505810505272,0.10394907122187758,1.2603191715672983
trained,clean,3,1,0.6711265995788864,0.3800792464102072,1.0720409579626413,0.7724209337189321,0.19543381350667177,0.7927348819063034,-0.48744006165063647,-0.8496560962803882,-1.1840645038981865,-0.48744006165063647,1.7605896291319072,0.08952620377316034,1.362675771254431
trained,clean,3,2,0.0,0.7265801957395951,0.2436389337773357,0.6329347132906722,0.0167308311658263,0.0,0.47746954863690205,0.0,-0.9616347904550293,0.47746954863690205,0.6496655444564985,0.00858433906190148,1.1357194321553021
trained,clean,3,3,0.2625513574023466,0.6931215062705485,0.6405917014046254,0.23267544222002035,0.4186778085778977,0.8077714750589696,-0.13106199631971016,-0.8744695586810662,-0.6458779326761789,-0.13106199631971016,1.4591247258568876,0.07591707372027534,1.4039798032574526
trained,clean,3,4,-1.3411975212540121,2.5412821528436385,0.6394972328144943,-1.3411401874542697,2.06069647238327,1.0851317164233918,1.9614574229443944,-1.0832470910208953,-0.6214622393570215,1.9614574229443944,1.804688001352392,0.1348725340262038,3.9010179583229903
trained,clean,3,5,0.4667337116564645,1.1508931995660936,1.305355449179048,0.46253560126101667,0.8937189575755629,1.5387559209154735,0.20426533242392964,-1.5461021462608682,-1.305355449179048,0.20426533242392964,2.8950104797520533,0.07152476496168991,3.1708005771376726
trained,clean,3,6,0.06844784781435242,0.5902887416895073,0.3092960060222072,0.6205873891700029,0.06747449142987416,0.02985612667028792,0.02306511442118442,-0.05724311665309845,-0.7786701561755944,0.02306511442118442,0.717918007270165,0.13211932269737403,0.8731024443887234
trained,clean,3,7,1.2930139310219304,0.29012239603649426,1.6951565976618759,1.3772986671378926,0.16965490013390516,1.443799394810272,-1.1646725677761225,-1.4587837514070705,-1.7768612575517877,-1.1646725677761225,2.9907529620820696,0.042647915761442556,1.8687283100673897
trained,clean,3,8,-0.33338577081582876,1.2559652889244934,0.0,-0.2692170537502613,0.29360790108287027,0.8303095856314275,0.5482523568215973,-0.9068982139233887,0.0,0.5482523568215973,0.8547004329640365,0.015681304185276024,1.4186340939709097
trained,clean,3,9,0.8805715608086824,0.23145117320210584,0.8606223776775989,0.7593404953238077,0.0789678583878839,0.8869558202529774,-0.4322428426093401,-1.0110481925297872,-0.8931998379606906,-0.4322428426093401,1.725264173964669,0.06839708119790922,1.3614184125532383
trained,clean,4,0,0.6220571666489962,0.6475428681639102,0.5086937917009102,0.3672849230110433,0.186640608975575,0.8649964202903649,-0.31110813003898397,-1.1300003063404762,-0.5563425733816201,-0.31110813003898397,1.4189219522769831,0.09195094679172033,1.1997647690297195
trained,clean,4,1,0.08010752818143463,1.833388923419204,0.49652172833056385,0.05294858461668328,0.5090169893927978,1.8499068691641705,1.4514541543306283,-1.871329754643079,-0.4958555474069735,1.4514541543306283,2.4118724431736513,0.04283287788114992,3.9061594753854294
trained,clean,4,2,0.45536481895990777,0.41641567699112525,0.658507810422556,0.583127110240411,0.1948977277943562,0.36607847522150516,-0.24197671969690537,-0.5223439792894191,-0.860580043093411,-0.24197671969690537,1.1441033132562723,0.14736428399075896,1.049490877550126
trained,clean,4,3,0.22865474300123112,0.9989220029078463,0.0,0.0,0.027723818293395763,0.8853545511464673,0.20105807909797058,-1.146516749783718,0.0,0.20105807909797058,0.9130783694398631,0.0810599961253593,1.195196444663193
trained,clean,4,4,-0.0002453002541884519,0.9928819524049004,0.0,-4.440892098500626e-16,0.1377909032719783,0.804587346142746,0.15249170518748034,-0.9571976531791562,0.0,0.15249170518748034,0.9423782494147238,0.03543899897155578,1.1303089535737598
trained,clean,4,5,0.6920071904217144,0.47416904548719796,0.5327937504644923,0.458440641203512,0.17265165693455997,0.7107056182665408,-0.3332539504128631,-1.014912672720079,-0.5650137396684429,-0.3332539504128631,1.3417979164046128,0.11904357398488274,1.1275875399766324
trained,clean,4,6,-0.14965322637128997,1.3800959426993462,0.0,-0.16745422357966833,0.24755663862439503,1.0169464647721096,0.3290963295954965,-1.1615637464071602,0.0,0.3290963295954965,1.0970488798168363,0.06887896992089604,1.4950241793332288
trained,clean,4,7,0.238896954168076,0.6952812462195234,0.2621442466704852,0.11417010282283924,0.24164475279706776,0.6632294548403207,-0.06963229099452395,-0.8396307790890356,-0.2825385033124611,-0.06963229099452395,1.0190443104602278,0.07415316465658794,1.0235651841222917
trained,clean,4,8,0.3718814513080615,0.960932668030456,0.9314314578572057,0.28081830672336316,0.7196688822708419,1.2448198227115859,0.08134683002014054,-1.2612423627540685,-0.9320358317004667,0.08134683002014054,2.245307011705791,0.07096738274118786,2.3976212244671196
trained,clean,4,9,0.0,1.3865719022479994,-0.30205692410588114,0.8974833409211279,0.47569039025538173,-0.3285259160651992,0.5301616075186306,0.0,-0.9470130641541841,0.5301616075186306,1.0446478151113103,0.13750191398793432,1.7123113366178753
trained,clean,5,0,0.10994942499527438,0.7699121206005735,0.0,0.0,0.03909525275616321,0.5536024954132988,0.05914187248607994,-0.800195249751389,0.0,0.05914187248607994,0.592697748169462,0.07966629584445883,0.7315059165000007
trained,clean,5,1,0.3375954396976415,0.7761750332833723,0.0,0.0,0.006857883993139247,0.6837737690799571,0.04600942135178987,-0.9626448360014044,0.0,0.04600942135178987,0.6906316530730964,0.15112563697960946,0.8877667114044957
trained,clean,5,2,-0.02434582432045107,0.8192110755940261,0.0,-0.03612968431770236,0.05549836229610561,0.6171317010876755,0.446338443159751,-0.7368968908004749,0.0,0.446338443159751,0.6365003790660787,0.057968360473100056,1.14080718269893
trained,clean,5,3,0.0,0.629160373777824,-0.18707322558227069,0.3241317971206985,0.19993766722228368,-0.1371376130566767,1.2765598790209158,0.0,-0.33214438215038156,1.2765598790209158,0.3869318512863055,0.10994276604517172,1.7734344963523931
trained,clean,5,4,0.816480004864405,0.22355568985001487,0.46655836484348,0.4434661323139639,0.051101926149671906,0.5873812799581473,-0.07853430005329454,-0.9044247282162546,-0.48483282865909544,-0.07853430005329454,1.081949338421783,0.11733650268254964,1.1207515410510382
trained,clean,5,5,0.08486968641569126,0.5765453432097929,0.0,0.0,0.041346277161210754,0.4255265030465726,0.6267206965779468,-0.601441814486601,0.0,0.6267206965779468,0.46687278020778333,0.05997321513888321,1.1535666919246135
trained,clean,5,6,0.34483454988847184,0.4414266690880173,0.33911519118060096,0.5804468571860624,0.18689287540266553,0.22032272627755778,-0.02734962693568721,-0.3758455433043717,-0.722532257454176,-0.02734962693568721,0.9876624588662857,0.026998609398542484,0.987311441329141
trained,clean,5,7,0.940104950326833,0.3496049187972581,0.4604152031052259,0.47099473912215206,0.03713991907286607,0.7380084614555955,-0.37786933901618336,-1.1330243698605509,-0.534687872754652,-0.37786933901618336,1.2461431196506136,0.082412829614114,0.9506866102485443
trained,clean,5,8,0.0700722450824236,0.6578790683936916,0.2121856901728103,0.034959169423157466,0.1622939591885142,0.5765773850677115,0.4489072951493016,-0.6121293475891413,-0.19809126782003106,0.4489072951493016,0.7738305136793832,0.12991638823975316,1.352654197068438
trained,clean,5,9,0.4264282910462075,0.21953402561257307,0.5690957618223833,0.386983413427588,0.12400931505052959,0.5689487478452959,0.26615290240181233,-0.6067295332638774,-0.5639975603123794,0.26615290240181233,1.0799414763234134,0.044330984904907056,1.3904253636301327
trained,clean,6,0,1.085938947263023,0.2162372323051489,1.0926041554706323,1.1277673639682853,0.09966784271343165,0.946375974002995,-0.5936510133919684,-1.090786467705242,-1.2415563621018475,-0.5936510133919684,2.173811180684712,0.06243750523171476,1.6425976725244582
trained,clean,6,1,0.8931261210550729,0.3455566165569359,1.0912618114336088,0.9687469068275001,0.17702779324296314,0.890688870120685,-0.7586074471668658,-1.034657253994808,-1.2360841433954368,-0.7586074471668658,2.036463570191148,0.05920315165537282,1.337059274679655
trained,clean,6,2,0.4547609706450021,0.6833530306586815,0.5450746146339563,0.3696974334241988,0.17194860651623922,1.0077750860412342,-0.06058411547856446,-1.0891109631796485,-0.5441527433121963,-0.06058411547856446,1.5494211259816724,0.049924909445795085,1.5387619199489029
trained,clean,6,3,0.4775764550307628,0.11616777545867263,0.3715271423276023,0.4006211598932947,0.05502404694598856,0.3834026307248797,0.24974320750227896,-0.5133991960523923,-0.42702259874301296,0.24974320750227896,0.839047837564163,0.024849578021632457,1.1136406230880744
trained,clean,6,4,-0.004576576568694257,0.9387535192487058,0.0,-0.016525136090782766,0.06876982316420599,0.7786272807772733,0.5706970073336137,-0.8659771232911344,0.0,0.5706970073336137,0.8308719678506965,0.06819981938887709,1.4697687945731874
trained,clean,6,5,-0.1573879372255873,1.184653829132404,0.0,-0.12486510679276575,0.16450995243356803,0.9481743850257932,0.3506094353615459,-1.0217852143792028,0.0,0.3506094353615459,0.9878192306665955,0.005480677527613942,1.3439093435557554
trained,clean,6,6,1.0370814527967023,0.8879050980620952,0.7508684312421845,0.7074211601017746,0.1355937542026111,1.5214267359082823,-0.671154778527578,-1.8344884718561272,-0.7590287259602749,-0.671154778527578,2.364441650212668,0.08233778428457994,1.7756246559696698
trained,clean,6,7,0.5452273479175402,0.4005166159698269,0.5719581116215086,0.42316510960769227,0.19214040739366167,0.7430957655469967,-0.3382196757408509,-0.8686826653706335,-0.621141216266444,-0.3382196757408509,1.3584012825483507,0.02787819387179813,1.0480598006792978
trained,clean,6,8,0.5501937702894587,0.3693936437314256,1.2017223936284438,0.8405110471168293,0.04358450084705945,0.6128385176143787,-0.4800744666834653,-0.6364068537897651,-1.4060850734524706,-0.4800744666834653,1.4969340655782675,0.07881788040709226,1.0956774793018944
trained,clean,6,9,0.09937238572476659,1.255380278715915,0.2061658054354929,0.0,0.3115018975199453,1.071422582801892,0.10876975860991278,-1.19665219330808,-0.2075969124516268,0.10876975860991278,1.3829244803218372,0.1566693641164676,1.6483636030482176
trained,clean,7,0,0.8841412612707727,0.4092419274144099,1.154758652575627,0.9455476708261138,0.18631455076279457,0.9167885301565739,-0.6542538156163804,-1.0447693600995696,-1.2529021402413631,-0.6542538156163804,2.048650751745482,0.15047034091987688,1.5448672770489786
trained,clean,7,1,0.6589964111068031,0.3939774522226016,0.8995149918144834,0.8801907467456938,0.08015256833379247,0.5886683827682596,-0.3194894567303548,-0.690801304044466,-1.1772547706387453,-0.3194894567303548,1.549011697847746,0.08443278046067659,1.3139550215780678
trained,clean,7,2,0.6854180669465926,0.8147625664703748,0.6119448579874545,0.5440729008105987,0.09382840884321308,1.2567107513052715,-0.5024890217371816,-1.372730085138348,-0.612726609140195,-0.5024890217371816,1.8946120609590833,0.12666879712587886,1.5187918363477806
trained,clean,7,3,0.12415201415770061,1.4098047911940235,0.27566177571646766,1.3530501225228981,0.1401706353596217,0.03639078044615496,0.128066583537902,-0.12415201415770061,-1.5750482141304498,0.128066583537902,1.5296115383286748,0.1104183527800413,1.7680964746466181
trained,clean,7,4,0.8975656714969156,0.10956439430758536,1.0261669460721528,0.8953005572993384,0.0474689442449685,0.9242521185048931,0.48051165208843605,-0.9415843632543885,-1.0415423200672624,0.48051165208843605,1.8670216200492,0.050170328555002586,2.3977036006926387
trained,clean,7,5,0.3689260610871852,0.8169771517780295,0.2572724345144657,0.17807444394101002,0.04410102411524752,0.9216477025609238,-0.1797049159783195,-1.0547376156431276,-0.2572724345144656,-0.1797049159783195,1.1438231706171813,0.1311655972220872,1.0952838518609491
trained,clean,7,6,0.43753099414881713,0.3189368762939139,0.6718014397980356,0.6589309933350771,0.11606206514921213,0.4406489216731643,-0.27509736259967443,-0.4963161897543438,-0.9106789873513558,-0.27509736259967443,1.2156419801574536,0.021274133135067097,0.9618187506928463
trained,clean,7,7,0.4425021515064187,1.0843377503331255,0.4327138397181862,0.31931050814778583,0.20757189325981318,1.3136969517615327,-0.07988551997094273,-1.3979095187382686,-0.4313461312583565,-0.07988551997094273,1.8405793531691317,0.13029809156110528,1.8909919247592941
trained,clean,7,8,0.4253818537368397,0.7724156625685688,0.4893999947766572,0.3056008766669972,0.15402225398127323,1.0291847332413901,-0.2859990549702247,-1.1192119461132204,-0.4881190855463551,-0.2859990549702247,1.4888078638896607,0.07986647942249014,1.2826752883419261
trained,clean,7,9,0.2611038367121181,1.018211652658807,0.24027239314358728,0.14157806460494515,0.11332643086673189,1.0515897419148974,-0.14089643860667111,-1.1365542936205255,-0.24027239314358728,-0.14089643860667111,1.3064942373865744,0.14276119575039958,1.308358994530303
trained,clean,8,0,0.9648919250002826,0.3392782006915571,0.5831395196652123,0.6786231300135517,0.2055305278791093,0.678107142337466,-0.41473290597629475,-1.0522187107700678,-0.7245077086116165,-0.41473290597629475,1.562260800230127,0.11058322597536763,1.2581111202292
trained,clean,8,1,0.6535849292957547,0.4535408117675057,0.04423883142638374,0.05290096816591938,0.018797339195529617,0.44701534318213876,-0.04035309038116752,-0.9909988544329885,-0.09847203789774361,-0.04035309038116752,0.5187136505435878,0.06189368015891206,0.5402542403213323
trained,clean,8,2,0.5002281823536647,0.47362107175463475,0.6244811662305414,0.8580325087623424,0.05543666268765912,0.3863604919148499,-0.14499967026288108,-0.5002281823536647,-1.0106766954576087,-0.14499967026288108,1.2998296633648514,0.0874255425275674,1.2422555356295377
trained,clean,8,3,0.7449332740697516,0.7938229366719656,0.0,0.0,0.008882233557874208,0.8380136738536579,-0.003919650794836471,-1.4133196447001328,0.0,-0.003919650794836471,0.8468959074115321,0.12543656604158437,0.96841282265828
trained,clean,8,4,0.11975332081293888,0.9317372047350576,0.0,0.0,0.008149618272967896,0.9109127154395416,0.04915291108808573,-1.0914151260583953,0.0,0.04915291108808573,0.9190623337125094,-0.03992460051039881,0.9282906442901964
trained,clean,8,5,0.6233347215738304,0.0599657999175468,0.44644474230244735,0.44194740157665835,0.017288498562685106,0.44598036672963637,0.6227341049771189,-0.6078135396492269,-0.4510016725735252,0.6227341049771189,0.9052162668689798,0.07093005157107246,1.5988804234171712
trained,clean,8,6,1.2711406727439603,0.48001087354940797,0.3736232036595455,0.7307251406031274,0.4093347152767506,0.4429037528455808,-0.1662194066673499,-1.2761085181784872,-0.7419230300877324,-0.1662194066673499,1.5829636087254588,0.10674320168669382,1.5234874037448027
trained,clean,8,7,-0.5486594105253093,1.3322315729112526,0.0,-0.5522351815352917,0.6059106225268776,0.6773841466392556,0.7492933109697675,-0.7032328943871193,0.0,0.7492933109697675,0.7310595876308414,0.08033926799882396,1.5606921665994329
trained,clean,8,8,0.0332142062530314,0.6750375472468699,0.0,0.0,0.04615822236028899,0.5802361444290749,0.5753052580787972,-0.6742409493221844,0.0,0.5753052580787972,0.6263943667893639,0.03401080417771696,1.235710429045878
trained,clean,8,9,0.0,0.5406771279020841,0.20346433136322517,0.49940487850601467,0.022466316592739233,0.0,0.35611759535546517,0.0,-0.6641012232585932,0.35611759535546517,0.5218711950987539,0.08004023600671606,0.9580290264609351
trained,clean,9,0,0.9973276828505306,0.3469175023588369,0.542315862032491,0.6798661369638601,0.22599788753353311,0.5781488853552303,-0.4157072338497181,-1.0517970812430084,-0.7398262070866201,-0.4157072338497181,1.4840129098526236,0.09493775891223011,1.1632434349151355
trained,clean,9,1,0.11281055911558235,0.3782737519870687,0.6264598609783467,0.5839650108692469,0.011609482167945329,0.11827593162029926,0.405052276794422,-0.11076251306036111,-0.92768726153014,0.405052276794422,0.7138504246574915,0.07909439749049663,1.1979970989424102
trained,clean,9,2,-0.09228250563143958,0.7582295620551451,0.7235140765295285,-0.06257054846830434,0.6044937109751383,0.5651111540561,1.440090491177756,-0.5650831116834234,-0.7176959928122983,1.440090491177756,1.107034316562934,0.10668202845751229,2.6538068361982017
trained,clean,9,3,0.22584323590262367,0.6166338749836018,1.0464531906090309,0.24786384626331992,0.4650553651542846,0.7752721965660341,1.2587459587948993,-0.7708180839748046,-1.0334273661942028,1.2587459587948993,1.4881914079836385,0.08468485132624903,2.831622218104787
trained,clean,9,4,0.20028194495417972,0.6593486835291271,0.7384974403834892,0.1969357942572285,0.4770055970068281,0.7982034273309222,0.6678425331149276,-0.8161001148249485,-0.7379566317900818,0.6678425331149276,1.4721448185949788,0.0440713222517658,2.184058673961672
trained,clean,9,5,0.01268529330104684,1.1799266942501263,0.0,-2.220446049250313e-16,0.0617244393509776,0.8885399737366484,0.040133440534317444,-1.1021786071593345,0.0,0.040133440534317444,0.9502644130876258,0.09043338039183868,1.080831234013782
trained,clean,9,6,0.19908814567782546,0.6365870475405617,0.0,0.0,0.022516854063485248,0.556235093481972,0.9612552118900193,-0.729921683433463,0.0,0.9612552118900193,0.5787519475454572,0.10575350978492426,1.6457606692204008
trained,clean,9,7,0.6105326327451064,0.6133003231127008,0.5275903890717314,0.4865467138212092,0.017037765116176606,1.0753049600377806,1.2629970729682016,-1.1902328645324358,-0.5115381256212648,1.2629970729682016,1.5788894389751664,0.04965235477583807,2.8915388667192063
trained,clean,9,8,-0.23385105507059945,1.4247399317401293,0.0,-0.2580496542620776,0.32593918001237676,1.005152287602361,0.4124481162276976,-1.0703661665034307,0.0,0.4124481162276976,1.0730418133526602,0.12052271016609906,1.606012639746457
trained,clean,9,9,0.7351057198991144,1.0417473078263306,-0.020751654492681126,0.9428471436792121,0.7207840749832841,0.01304339185068959,0.9658846239708945,-0.7213883788723703,-0.9473431397627003,0.9658846239708945,1.6766746105131858,0.08736985459769331,2.729929089081774
trained,clean,10,0,-0.195666056182761,0.8695188231798499,0.0,-0.1750218548683773,0.24714359241973372,0.5511855806576595,0.9536427838458141,-0.578534594057688,0.0,0.9536427838458141,0.623307318209016,0.09531817293940081,1.6722682749942308
trained,clean,10,1,0.5519543266102351,0.38387484336044964,0.37080916069234415,0.48393004337861045,0.24023164754526571,0.2932212327837271,-0.1721682966367437,-0.590446010469328,-0.5742426653939807,-0.1721682966367437,1.0173829237076033,0.14194965479972022,0.9871642818705798
trained,clean,10,2,0.6952372985193589,0.36461013301269873,0.6328506942621187,0.7689680720058292,0.22290155738381734,0.5198404056626504,-0.43110289064743146,-0.7569505250310353,-0.8574372090806581,-0.43110289064743146,1.511710035052297,0.078310391682483,1.1589175360873485
trained,clean,10,3,-0.019840291115978737,0.9716889962033503,0.0,-0.03866842619786082,0.2043893791899073,0.6344614160625748,0.25932457252768093,-0.8025357871295016,0.0,0.25932457252768093,0.8001823690546213,0.14931291795786994,1.208819859540172
trained,clean,10,4,0.7059029295411723,0.2979648543806933,0.5776159874699544,0.5822377711758197,0.13047422706833423,0.6009679118802851,-0.37775837624989306,-0.8064051235508111,-0.6837601826579783,-0.37775837624989306,1.313679910124439,0.09131846518303077,1.0272399990575767
trained,clean,10,5,0.7639616025920398,0.37558026952417634,0.6753642908709195,0.6832088823032587,0.1939354030468452,0.6613219496269358,-0.48435135654945416,-0.878114760717743,-0.8335002220490613,-0.48435135654945416,1.5384662349770397,0.10329118022033124,1.1574060586479167
trained,clean,10,6,0.5981245767660193,0.3344473609928146,0.6533024607385233,0.6895322841550988,0.19909790654069903,0.5635934932556806,-0.43351255126224597,-0.7145181686500738,-0.8422587171412566,-0.43351255126224597,1.4522236839514786,0.029097512706026785,1.0478086453952593
trained,clean,10,7,0.0,0.601702459971784,0.1706074629363086,0.5188352273088757,0.0018103544927670079,0.0,0.31281633860339253,0.0,-0.7585101605176843,0.31281633860339253,0.5206455818016427,0.013799762390408254,0.8472616827954434
trained,clean,10,8,0.22125425653094055,0.7320975744549396,0.14566530286710755,0.020983560419060243,0.11355774435598676,0.6967821057609144,-0.03466508864438422,-0.8593851769742173,-0.15049106870880063,-0.03466508864438422,0.8313234105359614,0.08914088816996973,0.8857992100615468
trained,clean,10,9,0.0,0.9836048837741607,0.0,-0.015631548313460142,0.0679026470256252,0.7554959669484611,0.21095161789138028,-0.9832763752901644,0.0,0.21095161789138028,0.8077670656606262,0.0003285084839962371,1.0190471920360027
trained,clean,11,0,0.22768078496648114,0.5551049513726904,0.2580100918743855,0.15024655797621733,0.127522497612357,0.5617965110290735,0.1227691093058283,-0.6968619837326522,-0.2810803719318013,0.1227691093058283,0.8395655666176478,0.0628534725491035,1.0251881484725796
trained,clean,11,1,-0.14016027488906135,1.1404901039838593,0.0,-0.1473343673527414,0.24700773375837626,0.8255435760846976,0.39809795765379263,-0.9000644192529889,0.0,0.39809795765379263,0.9252169424903325,0.1002654098418091,1.423580309985934
trained,clean,11,2,-0.05144528552333094,1.2578880283058127,0.0,-0.039709304532117295,0.0968964566294892,0.9736468857959997,0.2459872373159513,-1.1682902410009361,0.0,0.2459872373159513,1.0308340378933716,0.03815250178154561,1.3149737769908685
trained,clean,11,3,0.14285917793903002,0.49835126024338083,0.2523476509041995,0.1322371472427737,0.10182532271509714,0.5472170203453701,0.8689814755255432,-0.5754145992058463,-0.23065405724105426,0.8689814755255432,0.781279490303241,0.08748943263970987,1.7377503984684939
trained,clean,11,4,0.2694078731265792,1.0773127540679526,0.7330372231035025,0.24251784578604907,0.6108266159791607,1.208588333852867,-0.2291704439473623,-1.2420465371409761,-0.736906819941972,-0.2291704439473623,2.061932795618077,0.10080449321508633,1.9335668448858008
trained,clean,11,5,-0.05440470021859978,0.4039916350320585,0.0,0.0,0.03325235296335305,0.28257418623886343,1.0269086458719976,-0.3604322707937919,0.0,1.0269086458719976,0.3158265392022165,-0.010845335980333215,1.3318898490938809
trained,clean,11,6,0.38867573222112883,0.8518228302706994,0.09170090199066205,0.0238426315316127,0.05538645598590408,0.859610951353932,0.13689852457826968,-1.1293746808836,-0.09160785971637053,0.13689852457826968,0.9388400388714487,0.1112169238825198,1.186955487332238
trained,clean,11,7,-0.2782947206778653,0.8567957447803594,0.0,-0.21693274307261934,0.22797660298274214,0.519724106895441,0.9600444500316017,-0.5457195480173151,0.0,0.9600444500316017,0.5307679668055638,0.032781476085178896,1.5235938929223445
trained,clean,11,8,0.522651661554731,0.8519398518673371,0.43705081041772365,0.30157004070973015,0.1600580116353134,1.0336223643609146,-0.17640702486172,-1.2702736835444917,-0.43826435292415944,-0.17640702486172,1.4952504167059582,0.10310428737114075,1.421947679215379
trained,clean,11,9,0.513261601017409,0.14663914936298844,0.6983757145492553,0.49064190363527826,0.05854678749286535,0.5424403282814259,0.24087347499587808,-0.5900116939919269,-0.707088788762871,0.24087347499587808,1.0916290194095695,0.06117598217485498,1.3936784765803025
trained,clean,12,0,0.4632298433242218,0.48690731495940187,0.4969646527563313,0.3757080781201635,0.12162800909793159,0.7707302577630072,-0.34185152199494395,-0.8535105677876553,-0.48666901999712747,-0.34185152199494395,1.2680663449811023,0.10692222325517214,1.0331370462413305
trained,clean,12,1,0.3364974318445375,0.5644154532885073,0.5923479397049156,0.827440383089031,0.014521683682657383,0.3057127120809553,-0.2971660731760606,-0.33605271692141936,-1.0762882750838012,-0.2971660731760606,1.1476747788526436,0.08091983283273985,0.9314285385093228
trained,clean,12,2,1.0589081447538518,0.5157326903256056,0.6858642870189462,1.0194193164380876,0.3618592127635387,0.6806970639640815,-0.6042351216339776,-1.0994593943457158,-1.0784062198800295,-0.6042351216339776,2.061975593165708,0.08263950787265828,1.5403799794043886
trained,clean,12,3,0.2603326602986298,0.7916707821436251,0.17052993605724964,0.08488766506823142,0.0634604966161132,0.8804300016591973,0.10202481810459885,-0.9780424769981799,-0.16405742168661952,0.10202481810459885,1.0287781633435418,0.08043347981470506,1.2112364612628457
trained,clean,12,4,0.6398669430555755,0.713213932954727,0.7018949068566009,1.1093728243077627,0.1092930750775869,0.4976944981189326,-0.4213404101047087,-0.6427860168584011,-1.233995486270884,-0.4213404101047087,1.7163603975042823,0.1781942797376186,1.4732142671371922
trained,clean,12,5,-0.08527612115292627,0.7152367822666807,2.220446049250313e-16,-2.220446049250313e-16,0.16108496690607504,0.4680450381952257,1.2016717551624518,-0.5128344812004682,-4.163336342344337e-17,1.2016717551624518,0.6291300051013005,0.11712617991328651,1.9479279401770389
trained,clean,12,6,1.0064160061404495,0.24258496716578315,1.3167790344394728,1.1094359664186217,0.07579769357820676,1.030065471892431,-0.9739951575053314,-1.063372347476418,-1.4052104324046213,-0.9739951575053314,2.2152991318892594,0.09719722786466622,1.3385012022485943
trained,clean,12,7,0.6292022078260942,0.1668578092701949,0.8871248039177578,0.7543516305824794,0.06074803308336363,0.6555677794058568,-0.24627547252832538,-0.6841571408310385,-0.958919505820342,-0.24627547252832538,1.4706674430717,0.04010817436266623,1.264500144906041
trained,clean,12,8,0.09997985692865896,0.692955936846926,0.5083364124527165,0.7741544921436254,0.013035284635557254,0.0768598448308202,-0.040377711094940594,-0.09809361077628218,-1.127513162075492,-0.040377711094940594,0.8640496216100029,0.07566543337652742,0.8993373438915897
trained,clean,12,9,0.5976556275920448,0.4159540412493229,0.5194613916583058,0.4534517391596503,0.10022413650778539,0.7606576666915468,-0.36357961451020726,-0.9107606476707107,-0.5381829294311368,-0.36357961451020726,1.3143335423589826,0.08412748339782627,1.0348814112466016
trained,clean,13,0,0.7471942279889879,0.5053238032111992,0.8008607195591471,0.6765533417843037,0.2624118536900324,0.9988568257157291,-0.595838639192992,-1.1124794993615896,-0.839092294577674,-0.595838639192992,1.9378220211900652,0.10180695682007057,1.4437903388171438
trained,clean,13,1,0.0,0.7504030554215393,0.317353870653885,0.6435819375194823,0.0037667103452528883,0.0,0.011457825494541662,0.0,-0.998887570110799,0.011457825494541662,0.6473486478647352,0.06886935596462529,0.7276758293239022
trained,clean,13,2,-0.08894492286549804,1.078306195673953,0.0,-0.10104121543606653,0.3035190786313833,0.7537353362949495,0.1918348666656362,-0.8302038878176052,0.0,0.1918348666656362,0.9562131994902663,0.15915738499084975,1.3072054511467521
trained,clean,13,3,0.867697623614227,0.3920423186349703,0.561422583083812,0.4523421008065529,0.1640417612750471,0.8087514748545241,-0.35529613627295875,-1.0926039570789547,-0.6320829481362935,-0.35529613627295875,1.4251353369361242,0.09647562011776101,1.1663148207809264
trained,clean,13,4,0.16213797908914862,0.9305200076390933,2.220446049250313e-16,0.0,0.027246083384031783,0.8151990066792696,0.15814224428366241,-0.9685587266409935,-1.1102230246251565e-16,0.15814224428366241,0.8424450900633014,0.12409926008724836,1.1246865944342122
trained,clean,13,5,0.21322755262973592,0.4123435219464955,0.6699305977031635,0.5444319638038341,0.09607992286238454,0.20762346744789917,-0.14943565516684187,-0.27109149941462163,-0.95411605130186,-0.14943565516684187,0.8481353541141178,0.07029412156291348,0.7689938205101894
trained,clean,13,6,0.718167000570696,0.375174172427205,0.5516374051373608,0.5165068357469397,0.09126455668545175,0.7534636950933886,-0.3668016546846937,-0.9699651679541617,-0.6057913907041437,-0.3668016546846937,1.3612350875257802,0.06922201947695661,1.063655452318043
trained,clean,13,7,0.3504359974506873,0.6319070591710525,0.5164791689282926,0.27277886851342714,0.3126569763716356,0.7811068842946477,-0.22449676630785786,-0.8404580247293192,-0.5343810679804891,-0.22449676630785786,1.3665427291797103,0.12398313284022422,1.2660290957120766
trained,clean,13,8,0.12342687027057475,0.7362096711638025,1.1102230246251565e-16,0.0,0.06287052539184879,0.645870583881538,0.26710636396661336,-0.78550962859335,0.0,0.26710636396661336,0.7087411092733867,0.07412691284102735,1.0499743860810273
trained,clean,13,9,0.7929950823050764,0.28090930462096786,0.42036909205275774,0.41334092468350825,0.008552461434021552,0.7188388761787503,0.5956075515712711,-1.027034810123393,-0.4197998351125798,0.5956075515712711,1.14073226229628,0.04743883374282931,1.7837786476103805
trained,clean,14,0,0.0,0.974366852220726,0.041220133721186714,0.7281540066672476,0.11088960515502921,0.0,0.1676114813166949,0.0,-0.9272427454572144,0.1676114813166949,0.8390436118222768,0.08834424048469847,1.09499933362367
trained,clean,14,1,0.6306987720964898,0.4227794532964704,0.3005405098532353,0.5758042277070935,0.29758668554537304,0.2948547031771265,-0.1653212243624278,-0.6748022164417408,-0.6536302526335039,-0.1653212243624278,1.168245616429593,0.025586266170950722,1.0285106582381158
trained,clean,14,2,0.4266535725631032,0.4522004392546951,0.5968781872150969,0.715046854126003,0.11903319691162317,0.34896216247280754,-0.25027459503944804,-0.43959691398385836,-0.9381702356399412,-0.25027459503944804,1.1830422135104337,0.0979650494090959,1.0307326678800814
trained,clean,14,3,0.5628177300680043,0.372445889117329,0.5536997386508586,0.4427973598154735,0.17424098559487222,0.6873415484159291,-0.21452911420433285,-0.8279288760545748,-0.5868466035210446,-0.21452911420433285,1.3043798938262747,0.07418787826057249,1.1640386578825144
trained,clean,14,4,-0.023614999364837685,0.9465105837882927,0.0,-0.004872893263644595,0.06062175871670861,0.7072262906136126,0.0722450755594326,-0.8376808894911467,0.0,0.0722450755594326,0.7629751560666767,0.08521469493230827,0.9204349265584175
trained,clean,14,5,0.2255907811665938,0.39756843018361354,-0.007084102276951221,0.2565223951274552,0.18599213624734112,0.0,0.5623239108815605,-0.2135572519940055,-0.2559366633257071,0.5623239108815605,0.44251453137479635,0.14658119375354356,1.1514196360099003
trained,clean,14,6,1.0837715513507196,0.3432302782723191,0.706863442157752,0.9551659973270198,0.24842840500521368,0.7200549882528887,-0.21874792284598854,-1.0984093184359378,-0.9797653114351554,-0.21874792284598854,1.9236493905851222,0.055690641909697636,1.7605921096488313
trained,clean,14,7,0.0,0.7131603129082993,0.017061262255117338,0.5336404552067429,0.09776854541277569,0.0,0.4414747669022121,0.0,-0.653733114760927,0.4414747669022121,0.6314090006195185,0.07648846040248969,1.1493722279242204
trained,clean,14,8,-0.07101818504784885,0.9144028893889652,0.0,-0.08149064064841727,0.17303582181222843,0.7114669238564393,0.2630919471774047,-0.80035298274066,0.0,0.2630919471774047,0.8030121050202504,0.04303172160045632,1.1091357737981116
trained,clean,14,9,1.2714070400730588,0.5759553829575184,0.4821510755747592,0.48015468990970445,0.03540938277916705,1.0232646864978676,-0.4670412614220587,-1.7523420738385063,-0.5121806852856274,-0.4670412614220587,1.5388287591867391,0.06499073948120282,1.1367782372458832
trained,clean,15,0,0.07685661051027015,1.1043036802366841,0.0,-2.220446049250313e-16,0.049876921375112016,0.8681938381294012,0.11065614421003889,-1.1022224239263072,0.0,0.11065614421003889,0.918070759504513,0.07893786682064707,1.107664770535199
trained,clean,15,1,0.5223225056646407,0.49104328975391964,0.3593624706862699,0.27260541025840435,0.08554825931338739,0.6509260969834724,-0.19548232841832558,-0.9026793963608799,-0.41997139089648194,-0.19548232841832558,1.009079766555264,0.05007747884746827,0.8636749169844067
trained,clean,15,2,0.7195405492946829,0.3285966990406419,0.5925544455940654,0.553570064525636,0.1395353018989467,0.7032331406579919,-0.35852075261539507,-0.8960467253796898,-0.6243617296520714,-0.35852075261539507,1.3963385070825747,0.12028323889762915,1.1581009933648088
trained,clean,15,3,0.17766174083815112,0.9196372588117812,0.0,0.0,0.030637951626801607,0.7930522309754624,0.2248243726744552,-1.0646299132723125,0.0,0.2248243726744552,0.823690182602264,0.03266908637761978,1.081183641654339
trained,clean,15,4,-0.10875807239327961,0.902918368317575,0.0,-0.0730365131742482,0.13658290926097294,0.58938023839646,0.21086478665715225,-0.7557657867668525,0.0,0.21086478665715225,0.6529266344831848,0.03839450915744291,0.9021859302977799
trained,clean,15,5,0.20746749775169981,0.8280330178672292,0.0,0.0,0.07764060436258524,0.6541961009516664,0.049327429867898065,-0.9323897767620228,0.0,0.049327429867898065,0.7318367053142516,0.10311073885690614,0.8842748740390558
trained,clean,15,6,-0.16247561713685843,1.048178072999646,0.0,-0.1118525910182182,0.15521940581606453,0.7063506866713737,0.5186830381283274,-0.8315532089191744,0.0,0.5186830381283274,0.74971750146922,0.054149246943613116,1.3225497865411604
trained,clean,15,7,0.09011624149036279,0.6595507223177639,0.0,-1.1102230246251565e-16,0.015476903159440503,0.5507003240827129,0.44557592576087357,-0.729138601141588,0.0,0.44557592576087357,0.5661772272421532,0.02052836266653868,1.0322815156695655
trained,clean,15,8,0.3330840190658787,0.4401073748384563,0.417500296187754,0.5679148657110913,0.14823411905101175,0.2430220735396671,-0.02508216967339605,-0.3645107034060476,-0.7431273246749179,-0.02508216967339605,0.9591710583017701,0.08305366201112352,1.0171425506394975
trained,clean,15,9,0.0,1.307619426243476,-0.25113919017479747,0.9037292336155607,0.3712127520574815,-0.23856663165854064,0.3401367780970297,0.0,-0.938312591184943,0.3401367780970297,1.0363753540145015,0.11816764488373543,1.4946797769952667
trained,clean,16,0,0.9716219331304934,0.6177155793013643,0.960048830752481,0.8285778146519545,0.09397003298789208,1.347254124850805,-0.5789703538553157,-1.4697461314831974,-0.9689372559537356,-0.5789703538553157,2.2698019724906517,0.11070295574740585,1.801534574382742
trained,clean,16,1,0.49016643034741003,0.43329522957145583,0.6187370061733479,0.4075452260230812,0.27653974453819985,0.7246127514543754,-0.2637076523888342,-0.8388466114302784,-0.6232228052797474,-0.2637076523888342,1.4086977220156565,0.08012924938218802,1.2251193190090102
trained,clean,16,2,0.36798023282529657,2.3142758007625694,-0.9685647718909545,1.258350073730953,1.5116072175254713,-0.9576652068966831,1.5543017121862328,-0.36551768693048137,-1.2616892207668573,1.5543017121862328,1.812292084359741,0.08648435399957277,3.453078150545547
trained,clean,16,3,0.08550002998383,1.0216195732175468,0.2368322543751611,0.9632220271123259,0.054591097451933246,0.008125305232724589,0.042491713187502,-0.09726730953025164,-1.1649539120603034,0.042491713187502,1.0259384297969838,0.08173063598598285,1.1501607789704686
trained,clean,16,4,0.38634468305084646,0.21543514432084776,0.5145237521453631,0.4898775700540263,0.08717238670428129,0.35620201803216744,-0.032546771901312166,-0.42138348417297833,-0.6615310860349839,-0.032546771901312166,0.9332519747904751,0.03338900930909505,0.934094212198258
trained,clean,16,5,-0.025463921514666366,0.8234997778062206,0.0,-1.1102230246251565e-16,0.06580489379998289,0.717557375464486,0.9410034677746992,-0.8386344524124775,0.0,0.9410034677746992,0.7833622692644687,-0.0405985961209232,1.6837671409182449
trained,clean,16,6,1.657505346451872,0.3624318102916395,0.883426094367757,0.9276539702400446,0.07478429193110303,1.1457317299263376,-0.8295569839450758,-1.8850552571029497,-0.9457529492616177,-0.8295569839450758,2.1481699920974853,0.07255504474670094,1.3911680528991104
trained,clean,16,7,0.0,1.0912708947036418,-0.20642316718329523,0.7399990651420629,0.2615257821943896,-0.18380021487422615,0.3429405651117774,0.0,-0.8338345031673665,0.3429405651117774,0.8177246324622263,0.05101322435298006,1.2116784219269836
trained,clean,16,8,-0.2321379924687602,1.2708412522001273,0.0,-0.21548693784117634,0.40366691380373987,0.8577121578362175,0.3798626159509033,-0.9558046739582309,-2.7755575615628914e-17,0.3798626159509033,1.045892133798781,0.08289858577313611,1.5086533355228204
trained,clean,16,9,1.1221478301185321,0.36674391566529485,0.8723949165922631,0.8023543989968229,0.12542306858083407,1.0214542195792882,-0.5752767225613269,-1.307431646722264,-0.9249377039139989,-0.5752767225613269,1.9492316871569453,0.1289173117398269,1.5028722763354452
trained,clean,17,0,0.44489126777202026,0.5145616643852148,0.45066702317950225,0.8314303556764113,0.03700344235186659,0.3801215452073502,-0.33077085242024573,-0.44489126777202026,-0.8867021796491299,-0.33077085242024573,1.248555343235628,0.07852650791558702,0.9963109987309693
trained,clean,17,1,-0.4697293530056821,1.2649781064965735,0.0,-0.45487494392701655,0.5045382686531339,0.701635759169756,0.5628713634796408,-0.7355392432042547,0.0,0.5628713634796408,0.7512990838958733,0.059709510286636736,1.373879957662151
trained,clean,17,2,0.06349758269667827,1.046933749216878,0.0,-2.220446049250313e-16,0.06542788764689833,0.876671852440462,0.5920986631189447,-1.024871291535181,0.0,0.5920986631189447,0.9420997400873601,0.08556004037837539,1.6197584435846801
trained,clean,17,3,0.49056083287743724,0.5633863048694441,0.4582071048555624,0.9107006801037822,0.1268032152072347,0.35615173878992135,-0.29835923996319114,-0.4905608328774373,-0.9270834534016483,-0.29835923996319114,1.3936556341009383,0.09450995632335801,1.1898063504611052
trained,clean,17,4,1.0034012983094092,1.2934968197566183,-0.2659957694777486,0.9081469093907186,1.1296108783663594,-0.22801834108755925,0.8263262651999579,-0.9899908638823134,-0.8936026468580769,0.8263262651999579,1.8097394466695191,0.14730883784788906,2.783374549717366
trained,clean,17,5,-0.2172779886327727,0.5208795305810354,0.0,-0.10347084661756689,0.11538811183073072,0.21965570713338622,0.8549782925323415,-0.23265657500344283,0.0,0.8549782925323415,0.23157297234655005,0.07094496694481989,1.1574962318237114
trained,clean,17,6,0.9239304295313299,0.1528554811039875,0.9698205779746005,0.9752349463924127,0.04656414091799044,0.9023239631554792,-0.6989517339158255,-0.9290898809334333,-1.0730079146321607,-0.6989517339158255,1.9241230504658824,0.044508693044324144,1.269680009594381
trained,clean,17,7,0.22340317276116695,0.9140097891208827,0.0,0.0,0.013220660344099189,0.8249664758592385,0.0903707303566137,-1.0505849855324692,0.0,0.0903707303566137,0.8381871362033377,0.0868279763495805,1.015385842909532
trained,clean,17,8,0.0,0.896937734749232,-0.2998913668053245,0.4817047210539973,0.39876113167843563,-0.3075165684365264,0.5856344471238355,0.0,-0.48636065069919626,0.5856344471238355,0.5729492842959065,0.11068571724471127,1.2692694486644533
trained,clean,17,9,0.6897218698462277,0.6860550016724843,0.4786221762968679,0.44566528893869983,0.04474224017350914,1.0657306894711263,-0.4028525795256508,-1.2752653084531747,-0.5059061298761369,-0.4028525795256508,1.5561382185833352,0.07322760948626827,1.2265132485439527
trained,clean,18,0,1.0809789032173958,0.3491812902689644,0.9037596351864492,1.0314079562141283,0.24344701217190412,0.8574141178807113,-0.7764011997497109,-1.1452607427509092,-1.1443196819944497,-0.7764011997497109,2.132269086266744,0.044339403927450505,1.4002072904444836
trained,clean,18,1,0.7052819868448241,0.3211534181482709,0.6983710675954646,0.6121228893089152,0.14297456640205075,0.7954498360421085,-0.19952887436917943,-0.9509434188543515,-0.7431728988622708,-0.19952887436917943,1.5505472917530745,0.03069015487193738,1.3817085722558324
trained,clean,18,2,0.31481116287389765,0.7599193601596986,0.36706910414836136,0.8925933497500469,0.11541790737304702,0.1890053232757154,-0.1582355108037108,-0.30122209053566507,-0.9807047052213878,-0.1582355108037108,1.1970165803988093,0.15987283142490472,1.1986539010200032
trained,clean,18,3,0.8512803022002313,0.2803379472521661,0.5178486679897575,0.502761959925796,0.020104998259384388,0.7757996887698463,-0.26163821068455784,-1.0790978277778855,-0.5249547431268167,-0.26163821068455784,1.2986666469550268,0.0454143465374528,1.0824427828079217
trained,clean,18,4,0.5211506799245572,0.4706442992502533,0.41749242108295226,0.32898093120617355,0.1746581337090498,0.6552682068289044,-0.20837528257799764,-0.8628180734187033,-0.5005327781637908,-0.20837528257799764,1.1589072717441278,0.04593654867526875,0.9964685378413989
trained,clean,18,5,0.8344958194032313,0.3041131609093216,0.3758860008220568,0.5479928109603818,0.17457466715779546,0.43961716329651357,-0.20333528706455362,-0.8653545318220305,-0.5822344395954536,-0.20333528706455362,1.1621846414146908,0.06690600971712568,1.0257553640672628
trained,clean,18,6,-0.06874256781311328,1.172687940292013,0.0,-0.04471379898234307,0.2411675736763722,0.8048531584530619,0.18362647477166183,-0.8980379531453991,0.0,0.18362647477166183,1.0013069331470912,0.20590741933350054,1.3908408272522537
trained,clean,18,7,0.2483433618953641,0.7984522598555415,0.18875897778799966,0.10347058368503426,0.027976455449011617,0.8890826603216273,0.19477749946563172,-0.9619464904693638,-0.18540387305444206,0.19477749946563172,1.0205296994556732,0.08820423601509941,1.3035114349364043
trained,clean,18,8,0.7317711544977418,0.271374746021264,0.5304765443169825,0.5244490162806503,0.014050979588930534,0.722128746533102,-0.32665502690095716,-0.9327778123851383,-0.5521719281153951,-0.32665502690095716,1.260628742402683,0.0486727043354549,0.9826464198371807
trained,clean,18,9,0.1371572955095205,0.3540933180917354,0.12114975653005056,0.08063286471920739,0.04442783973697706,0.36657296794004934,0.5945404472221849,-0.45303743192493495,-0.10425314808934827,0.5945404472221849,0.4916336723962338,0.055109790117023216,1.141283909735442
trained,clean,19,0,0.5924132937774331,0.6992312313967399,0.1355143739054938,0.08840398191189269,0.038739193771958114,0.7897507852244592,-0.09367310017205677,-1.207598441092831,-0.13889239658243602,-0.09367310017205677,0.91689396090831,0.08066806140439975,0.903888922140653
trained,clean,19,1,1.751382064593785,0.13883821728418333,1.5249689463317702,1.5214656432056182,0.027206179317786905,1.608359150979003,-1.444572667432182,-1.8473821130710348,-1.5283298313181262,-1.444572667432182,3.1570309735024082,0.03947728382057747,1.7519355898908038
trained,clean,19,2,0.09761698368075844,0.6977361468816863,0.24022246353352872,0.08796633542923693,0.21301533760347402,0.5820211921218784,0.32948646374226453,-0.7184867699606108,-0.234989614670976,0.32948646374226453,0.8830028651545894,0.08209920946438665,1.2945885383612405
trained,clean,19,3,0.21379000982344087,1.615771842055902,0.28351648367692617,0.0591575146850527,0.18259502518012605,1.5710210415365604,-0.006404605084540549,-1.681286297815372,-0.28427564847763076,-0.006404605084540549,1.8127735814017392,0.14751638926326605,1.9538853655804647
trained,clean,19,4,1.01866162550745,0.891637554209824,1.156575445265344,0.9640791770812571,0.2386790526956717,1.7992770356600332,-0.6915826884863412,-1.8176539029853669,-1.1505155639981222,-0.6915826884863412,3.002035265436962,0.09870515799912893,2.4091577349497495
trained,clean,19,5,1.7268967293876332,0.3736392065303997,1.0473117280774695,1.0497334913440854,0.011017459278668262,1.3885624225115132,-1.0426460357903182,-2.011221016609622,-1.0473117280774695,-1.0426460357903182,2.4493133731342667,0.08931491930841062,1.495982256652359
trained,clean,19,6,0.8486324920853195,0.598009294818802,0.7766076384965135,1.2117407490327177,0.1938443931195053,0.7161974206199844,-0.6940683309915467,-0.8612774814225362,-1.2794640199036902,-0.6940683309915467,2.121782562772207,0.08250792407440821,1.5102221558550686
trained,clean,19,7,0.7561046755968084,1.7705691161447588,1.4503723276839542,0.7463999837180069,0.8541316721385077,2.3193594122728918,-0.5554426690368377,-2.3492391362073777,-1.4523155463257142,-0.5554426690368377,3.9198910681294064,0.17549143689242963,3.539939835984998
trained,clean,19,8,-0.13255145289385206,1.1127655228337583,0.0,-0.0959349252866224,0.13836654368545287,0.8788888531323868,0.8117099897929037,-0.9718253645574626,0.0,0.8117099897929037,0.9213204715312173,0.008388705382443629,1.7414191667065646
trained,clean,19,9,0.8464263795166689,0.3310557886302286,0.7124617809814708,0.7267940904100774,0.16365164301441126,0.8010159790755524,-0.48028506269858706,-0.9819008023180333,-0.8267398804195923,-0.48028506269858706,1.691461712500041,0.08130326639074259,1.2924799161921965
trained,clean,20,0,0.14300368583929313,1.068200314779058,0.0,0.0,0.008527442321119683,1.072374605702045,1.5078933290391987,-1.1977529754967948,0.0,1.5078933290391987,1.0809020480231646,0.01345102512155627,2.6022464021839196
trained,clean,20,1,0.14562041482324162,1.1523188176929147,-0.3065698992148014,0.6960243426715171,0.484978120389544,-0.2502339491806218,1.0595060582851223,-0.12876391812379984,-0.7086628833696862,1.0595060582851223,0.9307685138804394,0.15394253180786888,2.1442171039734306
trained,clean,20,2,0.33310161538608396,1.1711494255053572,0.7212532468071768,1.5247251902548014,0.012515729881527493,0.32714162968916405,0.34641872953854413,-0.32985979112847563,-1.8401809451936875,0.34641872953854413,1.864382549825493,0.055463551376454756,2.2662648307404916
trained,clean,20,3,0.03480094265196354,0.7920197136442058,0.0,0.0,0.005433005700655857,0.6909323952708314,0.6224870390521344,-0.838003630976266,0.0,0.6224870390521344,0.6963654009714872,-0.011182974680096658,1.307669465343525
trained,clean,20,4,-0.7519795459894145,1.879120559510322,0.13527387189673457,-0.7380951721752353,0.9630783180784834,0.9565762388642254,1.096648118686784,-0.9631469490296343,-0.13325053081314242,1.096648118686784,1.1815593847674735,0.16601740557486533,2.444224909029123
trained,clean,20,5,0.9219765096949045,0.45946261235417296,0.5848205042446946,0.5676222703453344,0.043871180058376424,0.9754614316163746,-0.38026335974971337,-1.2777304127720606,-0.6083752408920795,-0.38026335974971337,1.5869548820200854,0.08015397262963186,1.2868454949000039
trained,clean,20,6,-1.964012178352473,3.0646235521636536,0.04775859531211779,-1.9505836496747817,2.12657903938698,0.9942020774700597,2.7522388741726593,-0.9948125749851837,-0.04755974393620313,2.7522388741726593,1.170197467182258,0.1059976502019114,4.028433991556828
trained,clean,20,7,0.0,0.6838664042096021,0.4200143642503895,0.6802265493703799,0.016050367471412974,0.0,0.23762733616484755,0.0,-1.0202730925149177,0.23762733616484755,0.6962769168417928,0.0836076759450739,1.0175119289517143
trained,clean,20,8,0.0,0.9991959952696661,0.16815508397467305,0.8916161022631017,0.04524176146127479,0.0,0.28654920767931724,0.0,-1.0960851405227607,0.28654920767931724,0.9368578637243765,0.07126593872157838,1.2946730101252721
trained,clean,20,9,-0.2508892048672715,1.4428150497344852,0.0,-0.24272159232311208,0.3290814839912657,0.9787638194148205,0.43237521559451464,-1.08660914023132,0.0,0.43237521559451464,1.065123711082974,0.1053167046358936,1.6028156313133823
trained,clean,21,0,1.1464454571213873,0.19237657786241158,0.6898602762413382,0.6906160374671426,0.05353205642009229,0.7841339283355893,-0.3783362508619712,-1.1879733145826676,-0.7258998126265408,-0.3783362508619712,1.5282820222228242,0.11480918401592866,1.2647549553767816
trained,clean,21,1,0.7312826953261058,0.35307768702788495,0.6381053242585533,0.6164707823643908,0.1736529185162966,0.7191731071084715,-0.4523412751154128,-0.8973000262907042,-0.7838611122036956,-0.4523412751154128,1.5092968079891589,0.0413045681181442,1.0982601009918902
trained,clean,21,2,0.46716757527138686,0.41942341975839437,0.8112391134645875,0.7945187579469977,0.059885833011016576,0.43587286771867695,-0.10016570474617348,-0.4779030805981487,-1.1302310458135225,-0.10016570474617348,1.2902774586766912,0.08969598208269769,1.2798077360132154
trained,clean,21,3,0.2693506554299292,0.48226114924088914,0.4782951297807051,0.7445152410971516,0.004668299494703154,0.24000664614135925,0.5627165968782455,-0.2584258909663173,-0.901223048793363,0.5627165968782455,0.989190186733214,0.07025799469184313,1.6221647783033026
trained,clean,21,4,0.6353977970751803,0.47094621943842796,0.39262163064706224,0.6555990759792305,0.3515532689887928,0.3387979043727829,-0.1508973967371947,-0.6849515628625125,-0.7154231901228856,-0.1508973967371947,1.3459502493408062,0.09859089417527245,1.293643746778884
trained,clean,21,5,0.5737185177908113,0.3079697090179163,0.7021171073992402,0.5530018163242507,0.17818386396453884,0.6855437532094575,-0.4403050277925584,-0.7807195336708472,-0.7791392923915265,-0.4403050277925584,1.416729433498247,0.02394650814559418,1.0003709138512829
trained,clean,21,6,0.0,0.4182013825084647,0.3071831466219297,0.5477121260739446,0.0015844516664058617,0.0,0.8435261589142016,0.0,-0.6983053997076976,0.8435261589142016,0.5492965777403505,0.027079129422696857,1.4199018660772489
trained,clean,21,7,0.0,1.2040247877001393,0.01467161147541507,1.018701310965831,0.07691662211846362,-0.014601576877002032,0.26599965558056127,0.0,-1.1480382009123167,0.26599965558056127,1.0810163562072925,0.07065819826323771,1.4176742100510915
trained,clean,21,8,0.0,0.4421953555752922,-0.03813039994252376,0.33954738444046795,0.09847334110002715,-0.05603664809946152,0.6423792771376062,0.0,-0.37696239305290047,0.6423792771376062,0.3819840774410336,0.027102562579867984,1.051465917158508
trained,clean,21,9,0.0,0.9165824706491932,0.18307859085933909,0.7756187227232922,0.0387391887319799,0.0,0.10116863048877534,0.0,-0.9772842332930989,0.10116863048877534,0.8143579114552721,0.12237682821543339,1.0379033701594809
trained,clean,22,0,0.40848552000228366,0.24021826965302306,0.27275423042275665,0.4559797219341559,0.11780494405650677,0.2556239521260748,0.5002814472728883,-0.38678187201326875,-0.4627300702645316,0.5002814472728883,0.8294086181167375,0.07194607780026296,1.4016361431898887
trained,clean,22,1,0.23836539541374968,0.8427141894499658,0.09146992133079412,0.014933854597160012,0.034744710987802296,0.8251906278177614,0.33239916566867445,-1.0002930251732243,-0.08602146131891497,0.33239916566867445,0.8748691934027237,0.08623501970237046,1.2935033787737686
trained,clean,22,2,0.6094520265976888,0.43746206826783096,0.7193238202334628,0.5283888980095477,0.22963110964214017,0.8333840129179979,-0.4298073820502921,-0.9136004864402949,-0.7422073767317898,-0.4298073820502921,1.5914040205696858,0.11043005192689792,1.2720266904462916
trained,clean,22,3,-0.08555082846669526,1.702305414258077,0.0,-0.08202413612199333,0.12834966010292348,1.3813028239824543,0.17573758038719944,-1.4630374857092152,0.0,0.17573758038719944,1.4276283479633844,0.15371710008216644,1.7570830284327503
trained,clean,22,4,0.7031069969990709,0.20687770706460484,0.8704648851919676,0.7570803702962983,0.08100045808432466,0.6833394143397782,-0.23812632645030352,-0.7506601556374511,-0.9446366394193626,-0.23812632645030352,1.521420242720401,0.08515279419882948,1.368446710468927
trained,clean,22,5,0.14352933054996675,0.8593946000080985,0.5132757927657188,0.1398691054053025,0.37958882045095144,0.9569282837422787,0.4200666501237236,-0.9730507243938532,-0.5078248467372602,0.4200666501237236,1.4763862095985325,0.0353241521926706,1.9317770119149267
trained,clean,22,6,0.8166408549531902,0.1866137979069642,0.7763234849686687,0.712229244365082,0.01761645952429114,0.8548629341033693,0.04322425312093481,-0.9640160406052756,-0.7770953626276718,0.04322425312093481,1.5847086379927424,0.038466734595875796,1.666399625709553
trained,clean,22,7,0.0496320789201905,0.5890128008568829,1.2197687095743155,0.6605654126556169,0.011851108353075013,0.05984525684789688,-0.08178923899896118,-0.05984525684789688,-1.7299697852736546,-0.08178923899896118,0.7322617778565887,0.06859854722983738,0.719071086087465
trained,clean,22,8,0.5833603493452684,0.9861289493161856,0.3461315907206717,1.12285228597409,0.40594612707721733,0.271181676210587,-0.2665065644033433,-0.5860092867456329,-1.199053948489831,-0.2665065644033433,1.7999800892618942,0.13055765414666154,1.6640311790052125
trained,clean,22,9,0.0,1.651305156499888,-0.3515385575365484,1.224840530839749,0.3746194169266903,-0.36691269552428163,0.7378541781095702,0.0,-1.2555679755134803,0.7378541781095702,1.2325472522421577,0.04419862344985925,2.014600053801587
trained,clean,23,0,0.7737937038491427,0.40941250504820625,0.8294662720348009,0.6534506759560121,0.26408544339630113,0.8937421188799166,-0.5687590263953561,-1.0296581114801664,-0.8746246586705106,-0.5687590263953561,1.8112782382322299,0.10838971078147286,1.3509089226183466
trained,clean,23,1,0.8206253130282195,0.39757148054988223,0.8452182650159459,0.6891649729268772,0.2478427898908735,0.9400723479090507,-0.579748464244096,-1.0728105594079191,-0.8746828846719733,-0.579748464244096,1.8770801107268014,0.11592161451415539,1.4132532609968607
trained,clean,23,2,0.021441234089521588,0.9787233385261905,0.0,0.0,0.14993941967853064,0.7632885294761286,0.22671494054785857,-0.861200662174473,0.0,0.22671494054785857,0.9132279491546592,0.138963910441239,1.278906800143757
trained,clean,23,3,0.49113238373678914,0.4779488908223115,0.5073964344569755,0.6794399949423847,0.20733936388874508,0.35939954049854683,-0.2726265457140391,-0.5396806897065701,-0.8144679172009341,-0.2726265457140391,1.2461788993296765,0.12232910210857184,1.0958814557242094
trained,clean,23,4,-0.33491344749855445,1.1789241545820024,0.0,-0.3364450243101622,0.37085600061961377,0.7485714539076471,0.3777120362661037,-0.7975967063088488,0.0,0.3777120362661037,0.7829824302170987,0.04641400077459912,1.2071084672578016
trained,clean,23,5,0.1326847180542523,0.9889884818774612,0.7011891159234649,0.13209994256789614,0.548888022579116,1.0608242751284782,1.1592604341953616,-1.064730578372679,-0.690107426598975,1.1592604341953616,1.7418122402754903,0.06802431088352445,2.9690969853543763
trained,clean,23,6,0.5970744108631192,0.33700098115110144,0.7874949441131598,0.7036917593007568,0.132113671778483,0.5936870203312128,-0.3884553426568491,-0.7031675102357187,-0.9395322855052775,-0.3884553426568491,1.4294924514104526,0.0788705403863843,1.1199076491399877
trained,clean,23,7,0.026262247978311226,0.7922760928051364,0.08612218670407401,0.0,0.16774290733160058,0.6704240361411538,0.2500841570551027,-0.7130931608708759,-0.08749589829483967,0.2500841570551027,0.8381669434727543,0.10407146832180608,1.192322568849663
trained,clean,23,8,0.3702020729938391,0.874398925608677,2.220446049250313e-16,0.0,0.00670827426698084,0.9122535968026164,0.44948029711936144,-1.1875548094228807,-5.551115123125783e-17,0.44948029711936144,0.9189618710695973,0.05704618917963561,1.4254883573685944
trained,clean,23,9,0.526179176147521,0.45379778676486704,0.7099061349875906,0.4648736438761597,0.29393666515498007,0.7264296703447258,-0.40659334715147155,-0.8275320528064499,-0.7490121652721153,-0.40659334715147155,1.4852399793758657,0.11333887982141333,1.1919855120458074
trained,clean,24,0,0.0551323200707321,0.8500369503711251,0.0,-2.220446049250313e-16,0.04015359198069679,0.6745287855869546,0.43477972229869755,-0.8726518434590977,0.0,0.43477972229869755,0.7146823775676512,0.0325174269827595,1.1819795268491082
trained,clean,24,1,0.861548126818201,0.22804118439553278,0.6043798094380901,0.5606558066445534,0.037917982421876384,0.7571440843520949,0.12361707109470643,-0.9980015831195758,-0.6111463607592393,0.12361707109470643,1.3557178734185247,0.08482117677300882,1.5641561212862398
trained,clean,24,2,-0.2247269134229528,1.4561087044542218,2.220446049250313e-16,-0.17696578494638393,0.4011709823618572,1.013115062336128,0.5174693062203253,-1.0802489889191942,-1.1102230246251565e-16,0.5174693062203253,1.2373202597516013,0.15113280211207492,1.9059223680840014
trained,clean,24,3,0.5743868606958937,0.6924174961769589,1.048055025542594,0.5350296873355269,0.5190022018345977,1.1404588033746925,-0.49163069635607926,-1.1704097600518764,-1.059951631457893,-0.49163069635607926,2.194490692544817,0.08449799090567733,1.7873579870944152
trained,clean,24,4,0.1248707892555192,1.3071288684200917,0.870905764942135,0.10291609342827446,0.7991946153787253,1.265545644853659,-0.07659054564461387,-1.2744053019860682,-0.8669566042710327,-0.07659054564461387,2.167656353660659,0.16154351636064523,2.2526093243766905
trained,clean,24,5,-0.29116703015068346,1.0367719336840544,0.0,-0.27789905364461465,0.2935750666494159,0.5899840152489957,0.4425150380449425,-0.6929945548915829,0.0,0.4425150380449425,0.605660028253797,0.05261034864178804,1.1007854149405274
trained,clean,24,6,0.5712202731552564,0.5972987380096533,0.6133168570532499,1.0960448358106782,0.025379551642337628,0.48721377113954245,1.9554155859036002,-0.5542848888686118,-1.1921620028733384,1.9554155859036002,1.6086381585925582,0.03538897647620942,3.599442720972368
trained,clean,24,7,0.09464932506509016,0.9419951190902407,0.6268372416055119,0.08792004593497404,0.6186369145048538,0.915529277463048,-0.0699560195631932,-0.9468974245632953,-0.6324403956930895,-0.0699560195631932,1.622086237902876,0.08414386550445796,1.6362740838441407
trained,clean,24,8,0.4914697893916269,0.41016338382759643,0.2210473145381069,0.19497718751852977,0.0021881602820064128,0.6423630579681778,0.5356572179141845,-0.8293504358833763,-0.20826226530816316,0.5356572179141845,0.839528405768714,0.08506778656579073,1.4602534102486893
trained,clean,24,9,-0.04442693996518399,1.2089837686062395,0.0,-0.022354319115971855,0.1927560134531514,1.0078951903028446,1.8891080002394705,-1.056633591356953,0.0,1.8891080002394705,1.1782968846400241,0.10792323728410258,3.1753281221635974
trained,clean,25,0,-0.5185447908279743,1.2754140341953542,0.0,-0.48669847867019733,0.49364635482648556,0.7046732145163117,0.6986459398579912,-0.7266077924703556,0.0,0.6986459398579912,0.7116210906725999,0.030261450897024256,1.4405284814276154
trained,clean,25,1,0.30418463633600323,1.1987965439345454,1.3450386581650027,0.30773370282704504,1.105371574842752,1.4101202817605265,-0.1556500231042781,-1.4123461698704614,-1.3469973049413895,-0.1556500231042781,2.8232255594303233,0.08867636362370024,2.7562518999497456
trained,clean,25,2,0.4405575667024588,1.0687375321138979,0.15662437477325253,0.9949857903212866,0.410550137447798,0.048637225236563,0.09185595812941161,-0.4405575667024588,-1.069728537020618,0.09185595812941161,1.4541731530056476,0.15563336986653242,1.7016624810015917
trained,clean,25,3,0.5945246724757449,0.44716400743879636,0.9548583901039275,0.5832179346156254,0.33674804047615225,0.8789549387564723,-0.2054167123304138,-0.9416082746221284,-0.9853021823512392,-0.2054167123304138,1.79892091384825,0.06963661304510127,1.6631408145629374
trained,clean,25,4,-0.4116242685686047,1.5769087661592236,0.0,-0.39143570871914757,0.45544904104146844,1.077147195091393,0.8180987876895993,-1.0981590045491136,0.0,0.8180987876895993,1.1411605274137138,0.06712549304150528,2.0263848081448184
trained,clean,25,5,0.17724892912383972,0.9416587640769452,0.14408803599071307,0.8588995306063395,0.24362262903352794,0.0,0.025613635343766816,-0.18568385162186107,-0.9545702523634745,0.025613635343766816,1.1025221596398675,0.12274162520616239,1.2508774201897968
trained,clean,25,6,0.319602023877415,0.5455726415834625,0.8521040115561804,0.810539298228412,0.052175171716073665,0.31220249617737084,-0.01308450190009669,-0.3142836180838613,-1.2558685069111322,-0.01308450190009669,1.1749169661218564,0.14712655202206437,1.308959016243824
trained,clean,25,7,-0.09668208478651807,1.0773967720141806,0.0,-0.10844054696592331,0.1260853419401431,0.710295506352996,0.18723434252054894,-0.8688849611831978,0.0,0.18723434252054894,0.7279403013272158,0.11182972604446473,1.0270043698922295
trained,clean,25,8,0.298620871464383,0.9867367540838912,0.0,0.0,0.0032407490534120953,0.9689379182376849,0.09076659212514104,-1.182254541155455,0.0,0.09076659212514104,0.972178667291097,0.10310308439281912,1.1660483438090572
trained,clean,25,9,1.0204705781955905,0.1728010832607656,1.3219589983872475,1.0532378489950975,0.03975922698957812,1.022995450150269,-0.4555350668042415,-1.0659415208776442,-1.3756088827414374,-0.4555350668042415,2.115992526134945,0.07368025622452201,1.7341377155552253
trained,clean,26,0,0.028665792622651454,1.2959454393505427,0.004548324477968713,-4.440892098500626e-16,0.15040200919648217,1.068666905847644,0.5010779527894811,-1.151796294953263,-1.1102230246251565e-16,0.5010779527894811,1.2190689150441256,0.17736326149789983,1.8975101293315064
trained,clean,26,1,0.46521488331549654,0.8512467683530225,0.5866131090782902,0.3655890147077965,0.16521887528505486,1.1638784782257672,0.37424560894535475,-1.23136228642246,-0.586934494122016,0.37424560894535475,1.6946863682186186,0.08477798020233318,2.1537099573663063
trained,clean,26,2,0.21044254254132388,0.8823694054090212,0.16745662824969076,0.8052232062752203,0.19439109453484038,0.0168312343790471,0.0840301493740836,-0.2056477197722626,-0.9367010766742254,0.0840301493740836,1.0164455351891077,0.11791977975354784,1.2183954643167392
trained,clean,26,3,0.15382149760703867,1.066919114703217,-0.03991991002841222,0.8344722357088915,0.30841296515374816,-2.220446049250313e-16,0.16859507925594697,-0.1574441061049765,-0.8859896170446255,0.16859507925594697,1.1428852008626393,0.13738697913224152,1.4488672592508278
trained,clean,26,4,0.0,1.0191881903482787,0.0,-2.220446049250313e-16,0.1312741041376142,0.758700051619155,0.026042928239485397,-0.9036886573174335,0.0,0.026042928239485397,0.889974155756769,0.11549953303084515,1.0315166170270995
trained,clean,26,5,0.7567166150326377,0.5846450365558866,0.4299844481146382,0.3789514771418512,0.016522970622297795,0.8691621089358215,-0.34326338090394914,-1.2192781004636526,-0.4330152450680107,-0.34326338090394914,1.2646365566999704,0.11905275417149919,1.0404259299675205
trained,clean,26,6,0.43249951128640607,0.7716479153440796,1.1691672137520763,0.4251666164678922,0.6620726249781199,1.1693882953148103,1.4205320718430912,-1.1551460050151394,-1.159191420772663,1.4205320718430912,2.2566275367608224,0.05897721459475935,3.736136823198673
trained,clean,26,7,-0.7775909099621481,1.7070206171148126,2.220446049250313e-16,-0.7891888259391835,0.9464407387818533,0.7608518822144024,0.802905295630564,-0.7838677512284545,-1.1102230246251565e-16,0.802905295630564,0.9181037950570722,0.14556195592421006,1.8665710466118461
trained,clean,26,8,0.43173636483190925,0.276351408053189,0.613238886235676,0.5051261579047959,0.12079160863192107,0.44070528433503764,-0.19705711040089113,-0.49073417720243695,-0.7654437482615407,-0.19705711040089113,1.0666230508717547,0.06514873365679674,0.9347146741276603
trained,clean,26,9,0.715732212920011,0.43450487596247855,0.7731413164864489,1.0576174175483297,0.05212079931918323,0.6374393919121011,0.16098657990663323,-0.7143025525926548,-1.1532946890897158,0.16098657990663323,1.747177608779614,0.055781163686567936,1.9639453523728152
trained,clean,27,0,0.7337504035200308,0.5479996968852383,0.36467259477399405,0.30628939817450473,0.03950142316445815,0.787298663662462,-0.2662707891689653,-1.1415105808905592,-0.38649332707749795,-0.2662707891689653,1.1330894850014248,0.11841878721120613,0.9852374830436657
trained,clean,27,1,0.0,1.0152974265874923,-0.25868516524720664,0.7082528334236378,0.23560721182469058,-0.1914743717682923,0.7798918120161,0.0,-0.7373913566328679,0.7798918120161,0.752385673480036,0.019220904707417774,1.551498390203554
trained,clean,27,2,0.4523457285066037,0.2562211293636958,1.0983718796789996,0.5543240396528694,0.10270684720536982,0.5519806595839528,-0.39436465927362274,-0.5662192698599491,-1.186715607240233,-0.39436465927362274,1.209011546442192,0.05400386044911709,0.8686507476176863
trained,clean,27,3,1.6953427205721818,0.4209233090600095,0.6512229439826012,0.6821024840546233,0.01759911881879006,1.0958823843277663,-0.5042487560220521,-2.030975063296652,-0.6871839364280388,-0.5042487560220521,1.7955839872011796,0.04932997389010163,1.3406652050692291
trained,clean,27,4,-0.31533888713254044,1.3552521493416387,0.0,-0.3161373695017402,0.327388299533266,0.9604953691870213,1.4084956913925417,-1.033583883866685,0.0,1.4084956913925417,0.971746299218547,0.0063293783424132055,2.3865713689535024
trained,clean,27,5,0.06519103429405804,0.6010531514116659,0.47373450183530363,0.5411730344950314,0.016230418020453552,0.059098178240070354,0.02285484254737713,-0.07731759400081062,-0.8967670899720408,0.02285484254737713,0.6165016307555553,0.16589400356817618,0.8052504768711086
trained,clean,27,6,0.0,1.1966101417198145,-0.2575072323009131,0.819184222238315,0.2969416909486282,-0.26353865436142376,0.2784262008457703,0.0,-0.9178199665932364,0.2784262008457703,0.8525872588255194,0.021282942825665008,1.1522964024969546
trained,clean,27,7,0.1799779798450305,0.5244603289605596,0.0,0.0,0.021375496203652977,0.4424292365853034,0.3621068560355585,-0.6774948498335387,0.0,0.3621068560355585,0.4638047327889564,0.026943458972051415,0.8528550477965663
trained,clean,27,8,0.391844875546982,0.7495096825981508,0.4695080694346674,0.29469327747393625,0.1524906026781856,0.9922529363339723,-0.20947708855855618,-1.0541013389535203,-0.46697779419783647,-0.20947708855855618,1.439436816486094,0.08978349442844336,1.319743222355981
trained,clean,27,9,0.22225097636473112,1.2738620052260772,0.0,0.0,0.040077832520488244,1.1910393243369892,0.0014239861797946674,-1.4515188491240387,0.0,0.0014239861797946674,1.2311171568574775,0.044594132466769576,1.2771352755040417
trained,clean,28,0,0.19441457026598696,0.6006915563239074,0.24508150881409074,0.056518742908238995,0.14455742241708236,0.6173984983168954,0.19080783361648113,-0.6867823796342009,-0.24249319811043074,0.19080783361648113,0.8184746636422168,0.11091205765935336,1.1201945549180514
trained,clean,28,1,0.3110849186861222,0.9057308308246445,0.3018376861446692,0.9735402776634905,0.19102333734810673,0.1672502955775298,-0.0031078100263757236,-0.3110849186861221,-1.1247122382073553,-0.0031078100263757236,1.3318139105891271,0.08285627876195845,1.4115623793247098
trained,clean,28,2,0.1618083169142146,1.6156491916115556,-0.4170481678500615,0.9982612743974904,0.7100180796520772,-0.44841493351966144,0.5659200098399522,-0.15915234711108006,-1.0188147022116492,0.5659200098399522,1.259864420529906,0.1824422913529795,2.0082267217228376
trained,clean,28,3,0.5765030951974455,0.4331344739846904,0.4988664601813465,0.40243906058541956,0.1750499943995396,0.7092227400651948,-0.2903281300878131,-0.885660393785597,-0.5382028747073299,-0.2903281300878131,1.286711795050154,0.08464076087055528,1.0810244258328963
trained,clean,28,4,0.9877404474207538,0.2693146429428792,0.6990435946600261,0.7147030726523331,0.10063489907525502,0.7851033920932664,-0.5074384944610308,-1.1029541406073442,-0.7909044082058325,-0.5074384944610308,1.6004413638208546,0.0622401362104823,1.155243005570306
trained,clean,28,5,-0.28311937208079657,0.7077148736416619,0.0,-0.2632642279644948,0.30053917816931275,0.32654017594052875,0.6245321383864333,-0.3426739589688157,0.0,0.6245321383864333,0.3638151261453467,0.08192154259204959,1.0702688071238295
trained,clean,28,6,0.78104146514594,0.38418075992909984,0.5159137494674823,0.4895007102064324,0.16697550658179194,0.6748252837025939,-0.28098234254516474,-1.0137967532025016,-0.5711208759947863,-0.28098234254516474,1.3313015004908182,0.0962183453452341,1.1465375032908875
trained,clean,28,7,0.7982796698805279,0.29502695921527833,0.9266697844107697,0.7769432104774552,0.15403426441332502,0.8376288842706783,-0.54329237684881,-0.9176426372856206,-1.017011179169042,-0.54329237684881,1.7686063591614585,0.08532259705191336,1.3106365793645618
trained,clean,28,8,0.6253936798069445,0.36723327286200114,0.6572305616954505,0.6187213082733635,0.19781373949980186,0.623203032848894,-0.43362832053708456,-0.777540580036204,-0.8049752156372187,-0.43362832053708456,1.4397380806220594,0.06734171869097338,1.0734514787759482
trained,clean,28,9,0.7521590948113024,0.3497876843907135,0.5006999926858172,0.44974794229334436,0.09067756851847308,0.7321277102903023,-0.33406140365521253,-0.9827279965231104,-0.6116368429313905,-0.33406140365521253,1.2725532211021198,0.008281932433332306,0.9467737498802395
trained,clean,29,0,0.9931919507021976,0.42703709430645453,0.9821494831953688,1.2773938011646115,0.16817690987783535,0.8570090205248404,-0.35202846288878886,-1.0048943959161445,-1.3587011420758275,-0.35202846288878886,2.3025797315672873,0.038782990212048674,1.9893342588905472
trained,clean,29,1,0.3640190318251134,0.43121268857146955,1.0803669481681561,0.4526094110550565,0.33235211344081694,0.7216248740053346,-0.32603295485823836,-0.7362695869905194,-1.1121840819101831,-0.32603295485823836,1.506586398501208,0.027144999664036717,1.2076984433070064
trained,clean,29,2,0.717418331652528,0.6868260213565978,0.0,0.0,0.0077586180783275616,0.7550109160188769,0.4571039484525117,-1.3805843119489358,0.0,0.4571039484525117,0.7627695340972045,0.02366004106018993,1.243533523609906
trained,clean,29,3,0.0,0.5741051366513923,-0.035858463875191315,0.36632324138432404,0.06728200246555605,-0.022472512677834455,0.4695749263430562,0.0,-0.4326755451293638,0.4695749263430562,0.41113273117204563,0.10557112764683718,0.986278785161939
trained,clean,29,4,0.009946257798179259,0.6675299025869711,0.07410807130802044,0.0,0.19237775826987802,0.5188940101773443,0.18288863888808438,-0.5746381567670701,-0.0629957161678496,0.18288863888808438,0.7112717684472223,0.1139503587582511,1.0081107660935578
trained,clean,29,5,0.4494182609412588,0.6922387052744566,0.19814711506407712,0.7605321530957321,0.34522883505941127,0.1183211409453252,0.003135975202916308,-0.44875121001061724,-0.8218696079557595,0.003135975202916308,1.2240821291004687,0.06918326331341595,1.296401367616801
trained,clean,29,6,0.37766514692656816,0.5351937903860104,0.9588459396860685,0.40532062948394393,0.44698626947212916,0.8325708918575351,0.0047029510014646725,-0.868600675574962,-0.9588459396860685,0.0047029510014646725,1.6848777908136081,0.0442582617376166,1.7338390035526894
trained,clean,29,7,0.013870212799285131,0.6601449324584467,0.008258065742100529,0.5685841639682092,0.08574653957600153,0.0,0.6459287506096159,0.0,-0.5950945607259744,0.6459287506096159,0.6543307035442107,0.08717865027385796,1.3874381044276847
trained,clean,29,8,0.34448134743500924,1.1761086850721187,-0.21032963796848825,0.7111315298683338,0.7684637425343324,-0.21360512841889934,0.2955544893768933,-0.3487960473963354,-0.7544409386265731,0.2955544893768933,1.2659901439837669,0.2070234085157312,1.7685680418763914
trained,clean,29,9,-0.7198943872435604,1.7739217848206779,0.0,-0.772125743130025,0.8092972026457281,1.0071463958783131,0.8921878034490209,-1.0334471499846951,0.0,0.8921878034490209,1.0443178553940162,0.020580247592422385,1.9570859064354595
trained,clean,30,0,0.002482184113547392,0.9365226982461823,0.0,-0.0061897627479488015,0.032648684933273664,0.7364844100738639,0.30304469793287336,-0.9071512005199258,0.0,0.30304469793287336,0.7629433322591888,0.03185368183980386,1.097841712031866
trained,clean,30,1,0.06493998365628384,0.31670230041594993,0.18398112720454263,0.024882256039462147,0.1584592879697755,0.309980522708037,0.490848725945753,-0.3259887069834674,-0.1729456202862143,0.490848725945753,0.49332206671727463,0.06668908400709472,1.0508598766701223
trained,clean,30,2,-0.07404890024907473,0.8295938097588208,0.0,-4.440892098500626e-16,0.07738000592413563,0.6255750491805288,0.6160913364162564,-0.7117464169821247,0.0,0.6160913364162564,0.7029550551046639,0.04379849252762136,1.3628448840485416
trained,clean,30,3,1.0376512690240456,0.36502241189552564,0.6411143315105053,0.7201215753684747,0.23061137795574949,0.7186683122834703,-0.5332057227031926,-1.1265693189103674,-0.8136335263043628,-0.5332057227031926,1.6694012656076944,0.1035851672153465,1.2397807101198484
trained,clean,30,4,0.07849746817494474,1.060346639113647,0.0,-2.220446049250313e-16,0.06826566430027525,0.8996192217298254,0.28257328326946407,-1.1376711816509049,0.0,0.28257328326946407,0.9678848860301005,0.0011729256376866726,1.2516310949372513
trained,clean,30,5,0.0,1.1307693449628418,-0.061689220292316715,0.856566029121628,0.20278144865016134,-0.055346697091152475,0.173652573793861,0.0,-0.9994323195238201,0.173652573793861,1.004000780680637,0.06964780514670499,1.2473011596212031
trained,clean,30,6,0.8140297912749517,0.38256959760824105,0.6000700843619603,0.5419789354950804,0.1204213624233561,0.8153037733695234,-0.4479198880681421,-1.0483861158275725,-0.6712287585935113,-0.4479198880681421,1.4777040712879599,0.07705459882406918,1.106838782043887
trained,clean,30,7,0.5466021860091272,0.9163949089753511,0.0,0.0,0.005487174886633639,0.8690449053479712,0.001799770843874171,-1.4279102742098042,0.0,0.001799770843874171,0.8745320802346048,0.03508682077467418,0.9114186718531532
trained,clean,30,8,-0.024285931835491992,1.0859070282085277,0.0,-0.014933347871533886,0.09553490278213483,0.9270010732749387,0.372198919262102,-0.9838988077977041,0.0,0.372198919262102,1.0076026281855397,0.07772228857533159,1.4575238360229732
trained,clean,30,9,0.8121038949608557,0.7427518889323198,0.003893470304778157,4.440892098500626e-16,0.01364513091691233,0.7809823084419214,0.16107391907798174,-1.4412454141755129,-1.1102230246251565e-16,0.16107391907798174,0.7946274393588342,0.11750384002244074,1.0732051984592568
untrained,clean,1,0,2.5863606456730355,1.253162191896065,2.06814122212479,2.041529338690279,0.35595980279536166,3.0083489966130856,-1.6820275961860567,-3.414949852661487,-2.076167053000306,-1.6820275961860567,5.405838138098726,0.4165471540320973,4.1403576959447665
untrained,clean,1,1,2.458093651641461,1.5452998830171158,3.1459412679312497,2.4541627272003788,1.2247059435233005,3.488399717868851,-2.4144666697623958,-3.5071935623327484,-3.161210558884985,-2.4144666697623958,7.167268388592531,0.4809306813720937,5.2337324002022285
untrained,clean,1,2,1.7087075301976897,0.5845279224430096,1.7321926110153036,1.6739878401707848,0.2232041413456387,2.0511255195211007,-1.4701725387793845,-2.157460916506163,-1.7393533278575364,-1.4701725387793845,3.948317501037524,0.12861381929230364,2.606758781550443
untrained,clean,1,3,2.5031181104972613,1.0250305356688978,3.1209057937920974,2.4891498066452726,0.8966842999741376,3.2259815126210385,-2.479548329672088,-3.255295106633789,-3.135698827930061,-2.479548329672088,6.611815619240449,0.25806050539440584,4.390327794962767
untrained,clean,1,4,2.1606784308303806,1.324597124972922,2.442173903640078,2.054064662906472,0.5645095355345586,3.259250269591418,-1.4235025876974952,-3.346306143415577,-2.4575223582568397,-1.4235025876974952,5.877824468032449,0.12362095777096371,4.577942838105917
untrained,clean,1,5,1.9716721396036387,0.8393205120622835,3.430229170704936,2.7496069210339993,0.008380235976895634,1.9616491823037174,-1.9430115198695166,-1.9723326006020458,-4.15298220484013,-1.9430115198695166,4.719636339314612,0.11590701692868244,2.892531836373778
untrained,clean,1,6,2.648265135509932,0.720017104180521,3.034162712568988,2.5994085301047343,0.48060925555634304,3.1550829056644814,-2.3843347730332427,-3.21178469850263,-3.0401351082393147,-2.3843347730332427,6.235100691325559,0.1505251455174963,4.001291063809813
untrained,clean,1,7,2.56420557675489,0.850476872672413,3.1381523407311835,2.611591805869785,0.7021193184576093,3.276544840179976,-2.486800993703433,-3.299152673967072,-3.151350326170132,-2.486800993703433,6.590255964507371,0.10233179002128301,4.205786760825221
untrained,clean,1,8,2.226104870047305,1.0462191855263265,1.913155293297402,2.770191293106336,0.562491049327122,1.8454076891817675,-1.6141955680539244,-2.2326618428709892,-2.802761728122533,-1.6141955680539244,5.178090031615225,0.1500557778775118,3.7139502414388126
untrained,clean,1,9,2.183433389415487,1.4886374583581174,2.2195537984840534,2.026842828371033,0.40005750394248096,3.272384272465051,-1.89719089365847,-3.4438713123176905,-2.221814349136193,-1.89719089365847,5.6992846047785655,0.22593898480377383,4.028032695923869
untrained,clean,2,0,-0.5953560763879815,2.504376340305927,0.0,-0.5832121635140122,0.7072895423911407,1.7820198309625834,0.8565623659263455,-1.8011192483119256,0.0,0.8565623659263455,1.906097209839712,0.10790101560602006,2.8705605913720773
untrained,clean,2,1,1.0415576112870222,1.586471713817364,1.0722519210240902,0.9440018114959972,0.14542030135120054,2.317773084771149,-0.7101137494838472,-2.4718674946568013,-1.0705878391517556,-0.7101137494838472,3.4071951976183468,0.15782591231991927,2.854907360454419
untrained,clean,2,2,-0.6928620013805533,2.4354021190348987,0.0,-0.6881660406643353,0.7424911328007857,1.6421293146752163,0.8843977813052573,-1.662867958198268,0.0,0.8843977813052573,1.6964544068116667,0.07967215945607742,2.660524347573001
untrained,clean,2,3,0.1298698210934499,1.5599529944201305,0.0,-0.0005079385238131451,0.15070067326589442,1.477019970543852,0.5753630854818224,-1.556541918540025,0.0,0.5753630854818224,1.6272127052859333,0.13328089697355527,2.3358566877413107
untrained,clean,2,4,0.82556791495136,2.1399987727249092,1.1246579159203205,0.7347590873211254,0.4848840695054695,2.6715905421730803,-0.7013657953335111,-2.801297414842371,-1.1347225858951582,-0.7013657953335111,3.891233698999675,0.15420460285906046,3.3440725065252246
untrained,clean,2,5,0.9664059798410123,0.6677698524273588,2.266642979574466,0.9048702326948197,0.7038904930637404,1.585762763681422,-0.6904998423176698,-1.585762763681422,-2.271064875340775,-0.6904998423176698,3.194523489439982,0.043991172820640134,2.5480148199429524
untrained,clean,2,6,-0.21637700067964882,2.2507043884292,0.0,-0.23037490922735948,0.4273448942759104,1.7007249709110601,0.22470240616050408,-1.838014159846048,0.0,0.22470240616050408,1.897694955959611,0.19631322790350336,2.3187105900236187
untrained,clean,2,7,2.660775561041538,1.5887417158022217,2.505729790386312,2.368004092013884,0.7474044830289444,3.415398884883804,-2.3566095429106877,-3.7562854517280035,-2.5129612664912395,-2.3566095429106877,6.530807459926633,0.486000349010828,4.660198266026773
untrained,clean,2,8,2.2362182172764227,1.928990616771566,1.7410603814899148,1.6289002697523456,0.652470481878364,2.958480075611234,-1.6797533403717289,-3.5499202947602626,-1.7416048675331424,-1.6797533403717289,5.239850827241943,0.614744053244499,4.174841540114713
untrained,clean,2,9,1.1264125834085235,1.553412161330725,0.5575149167982287,0.5306281765276473,0.013311835106340375,2.019153204039866,-0.5181779723644926,-2.5697310197397942,-0.5572308805141686,-0.5181779723644926,2.5630932156738537,0.1103777612835144,2.1552930045928758
untrained,clean,3,0,0.0,1.53995811638867,-0.2950552355644729,1.1469042202605317,0.4498212376680424,-0.31062407283547344,0.6702982745451131,0.0,-1.1598787666199502,0.6702982745451131,1.2861013850931007,0.08502411420424694,2.0414237738424608
untrained,clean,3,1,1.193661966385187,1.193141375809414,1.2649382966821003,1.1003130565191945,0.393874148253591,2.1619013346863407,-0.907753254712155,-2.274099339969982,-1.2820265521121903,-0.907753254712155,3.6560885394591263,0.09561574679452889,2.8439510315415
untrained,clean,3,2,0.2051115153562495,1.4061199741169206,1.2174648483538055,0.20403807747626956,1.0922584797598969,1.5040862382635278,0.1340465790286176,-1.511185942166831,-1.2174648483538055,0.1340465790286176,2.8003827954996945,0.10004554730633908,3.034474921834651
untrained,clean,3,3,0.8987413075303041,1.2181464357660725,0.7685797555089273,0.7329642983259554,0.06970050627150837,1.8897139188894707,-0.18556716049337219,-1.9602267461513732,-0.7578722901174388,-0.18556716049337219,2.6923787234869345,0.16736846253649196,2.6741800255300543
untrained,clean,3,4,0.3124162433188271,2.030901943185409,0.1966288629702735,0.08490217042337411,0.1627155198955741,2.033171801867044,0.1552374801696299,-2.212812401045416,-0.19249637267460362,0.1552374801696299,2.2807894921859924,0.13463827575448994,2.570665248110112
untrained,clean,3,5,0.02878345558999662,2.3735161374617175,0.5501357462032581,0.0,0.7543932084651745,2.205311842180739,0.044103163001501855,-2.259732933867581,-0.5510656659641616,0.044103163001501855,2.9597050506459137,0.1416367394232293,3.145444953070645
untrained,clean,3,6,2.0770925943814587,0.7005273840144848,2.1043597376918957,1.921980253031741,0.21904815724847593,2.4547906264992903,-1.6946293193452986,-2.6418770599332646,-2.1074108131459113,-1.6946293193452986,4.595819036779507,0.1326918430086632,3.0338815604428717
untrained,clean,3,7,1.0964826369658611,0.30038527439453855,1.0286980797555798,1.1295159170843192,0.15296490474201607,0.9591884726776283,-0.7153535013141412,-1.1162093411305136,-1.2364016734423693,-0.7153535013141412,2.2416692945039633,0.07295497654309635,1.5992707697329185
untrained,clean,3,8,0.6501876903429711,2.2159162897671676,0.42575921794416116,0.412513292817807,0.0543132611125543,2.5690655848086266,-0.16636066270400107,-2.8309266945291176,-0.42469293643791195,-0.16636066270400107,3.035892138738988,0.03624356708727028,2.905775043122257
untrained,clean,3,9,0.9701850299821793,1.0019438103159157,1.0865186025361946,0.9587601057762347,0.2615814825943943,1.7307513298810786,-0.5677182354676065,-1.829841598437473,-1.0932642355691158,-0.5677182354676065,2.9510929182517076,0.13554160882770105,2.518916291611802
untrained,clean,4,0,-0.4961483237296469,2.5554133207566188,0.0,-0.5033401149167394,0.5814458301398138,1.9038571953447299,0.5053114691339982,-1.9976825578929858,0.0,0.5053114691339982,1.9819629105678043,0.06158243913398609,2.5488568188357887
untrained,clean,4,1,-0.04876111401221894,1.0518748006627439,0.0,-0.02132874574894572,0.06901613534573992,0.7989904422608411,0.3936690326719998,-1.0574811072001133,0.0,0.3936690326719998,0.8466778318576353,-0.05436742054958854,1.1859794439800466
untrained,clean,4,2,-0.32973273201095665,2.362085366804643,0.0,-0.3278211277225789,0.4583298733821306,1.912618336642453,0.38975900186470724,-2.0215281701188275,0.0,0.38975900186470724,2.0431270823020045,0.01082446467485898,2.4437105488415707
untrained,clean,4,3,-0.4156064119219347,1.8178048361245218,0.35676505594039387,-0.37656336229314147,0.8681194037672122,1.2471718323389083,0.8456932393972867,-1.2578095657467643,-0.35392900938734884,0.8456932393972867,1.738727873812979,0.14722490500886787,2.7316460182191338
untrained,clean,4,4,-0.330277318387977,1.905076594012796,0.0,-0.3230625983886053,0.3382832187101421,1.4497989316069373,0.43987254941759035,-1.5410839338084357,0.0,0.43987254941759035,1.465019551928474,0.03371534181638336,1.9386074431624478
untrained,clean,4,5,0.5106424661104811,0.39578946109478297,0.5484597549824883,0.44547063751293003,0.15594247996059307,0.8141165756692628,-0.02461991082064552,-0.8666725796158641,-0.5724555789930218,-0.02461991082064552,1.4155296931427859,0.015763523578866567,1.4066733059010068
untrained,clean,4,6,-0.5665148860930032,1.6793784184116234,0.11603856299088022,-0.5828113702499023,0.8210228569585731,1.0197386875438805,0.8955534452847242,-1.0338258339777073,-0.11603856299087989,0.8955534452847242,1.2579501742525514,0.07903769834091323,2.2325413178781885
untrained,clean,4,7,0.37827086981915325,1.0463089349718473,0.00012528490438379336,4.440892098500626e-16,0.004790204099578643,1.0897608074998268,0.2380096827459277,-1.4207927014676471,-1.1102230246251565e-16,0.2380096827459277,1.094551011599406,0.003912388227737096,1.3364730825730708
untrained,clean,4,8,-0.3812226512771706,2.054738754157536,0.19172314198787666,-0.3573310138178005,0.7505247508848198,1.464303391272925,0.7137891135829806,-1.4760592031846453,-0.18936380373857,0.7137891135829806,1.8574971283399444,0.19981623794502665,2.7711024798679516
untrained,clean,4,9,2.7601063423649537,0.5247178214997525,1.1523621366220627,1.2043643946439895,0.26205096127075933,1.5285699817902083,-1.0704562179340016,-3.0183028520271766,-1.2080055715593856,-1.0704562179340016,2.994985337704957,0.2108778769002062,2.1354069966711617
untrained,clean,5,0,-1.2166288163817298,3.2241574928792325,0.09634264225671485,-1.2518854066234901,1.5542840013383885,1.8393022767162495,1.530689703570772,-1.8430522076928515,-0.09634264225671452,1.530689703570772,2.141700871431148,0.1644764688046515,3.8368670438065715
untrained,clean,5,1,2.8262724876331795,0.16149120810392636,1.0339799970513128,1.1296749497619705,0.07552669764078246,1.1394330167932811,-0.953006785744404,-2.8691342012323338,-1.1269235243572,-0.953006785744404,2.3446346641960343,0.025685967198884718,1.417313845650515
untrained,clean,5,2,1.9086750958224772,1.573335740326189,0.8035105112269334,2.14900706649846,1.284495889656922,0.7805887660160398,-0.7649636111663263,-1.9096253969054766,-2.1679373314616437,-0.7649636111663263,4.214091722171422,0.20795861900847923,3.657086730013575
untrained,clean,5,3,2.6124060362787818,0.4982789671483667,1.9535037896343612,2.285519966133995,0.41245720524990936,1.9786434377149913,-1.4986191318671356,-2.647194309831416,-2.2991576073235547,-1.4986191318671356,4.6766206090988955,0.11783687590653891,3.295838353138299
untrained,clean,5,4,2.3458685132611485,0.34744217677186096,1.512947861312342,1.705002282266042,0.25417591656629046,1.6738358092799603,-0.8862443370589244,-2.388714546504065,-1.7108699668370375,-0.8862443370589244,3.633014008112293,0.10667403800424924,2.8534437090576175
untrained,clean,5,5,2.6609261285661097,0.6781123574007708,2.8034453283655867,2.5270307357261284,0.4076187362478243,3.056409953139786,-2.4518806372924287,-3.156649611449253,-2.810859559311134,-2.4518806372924287,5.991059425113739,0.1749746435720798,3.71415343139339
untrained,clean,5,6,1.7326608676546567,0.6888501418498771,1.0556895691987687,1.0544592872905967,0.04954061139535737,1.7067613182656824,-0.7940431018677092,-2.3729054956556315,-1.0595754704892895,-0.7940431018677092,2.8107612169516365,0.04471961255838153,2.061437727642309
untrained,clean,5,7,0.9346023598633759,1.3725601443359299,0.7533535417824062,0.7103701229468125,0.08196836137854424,2.0791298359956514,-0.5623488048156737,-2.2134993095941633,-0.7533535417824062,-0.5623488048156737,2.871468320321008,0.0936631946051425,2.402782710110477
untrained,clean,5,8,2.4521934893025494,0.33117986034608793,1.4382750469706895,1.6442452487348973,0.23556860789040668,1.5263704922100838,-0.9852993897765225,-2.488935592777252,-1.6532865660512854,-0.9852993897765225,3.406184348835388,0.0794262377907895,2.5003111968496547
untrained,clean,5,9,2.496152864086084,0.5641067959134909,1.768630720085318,2.1878761318266498,0.4807371819739825,1.8187613284609667,-1.3753140280513012,-2.5103788132546168,-2.2079793180043863,-1.3753140280513012,4.487374642261599,0.11053224882588975,3.222592863036188
untrained,clean,6,0,2.932327281461998,0.32999666454497456,2.4865466991590677,2.4913641406020677,0.11413594676344596,2.7188738935808736,-2.357613588375343,-3.11619382941642,-2.5344523354025776,-2.357613588375343,5.324373980946387,0.09822448034704223,3.064984872918086
untrained,clean,6,1,1.5109352268745824,1.6354401519768968,1.5425946331353226,1.3959604251111954,0.28472273144782756,2.8599715403174013,-1.2583954952770977,-2.99160724635697,-1.545437574696543,-1.2583954952770977,4.540654696876424,0.15192519093328904,3.4341843925326154
untrained,clean,6,2,-0.5772673432746545,2.5469703311820884,0.5559415886459322,-0.5768921262449451,1.258002767801445,1.8535374528822137,0.674051837074904,-1.8690216293961401,-0.5628783361093517,0.674051837074904,2.5346480944387135,0.09374461104787435,3.302444542561492
untrained,clean,6,3,-0.4391248637553886,2.8728048145404084,0.8064420251236859,-0.4121298130995088,1.2183236604617842,2.381522383036663,0.9191454123508258,-2.3934999804066157,-0.8064420251236866,0.9191454123508258,3.1877162303989386,0.040179970378403373,4.147041613128168
untrained,clean,6,4,1.2056623858644988,1.2862012287747588,2.183487640429166,1.198205936002993,1.0992136777877088,2.3860696960272323,-1.0638306725876499,-2.3860696960272323,-2.1845154337619674,-1.0638306725876499,4.683489309817935,0.10476612527922446,3.7244247625095093
untrained,clean,6,5,0.971621592678131,1.9654134675379193,1.2813482307876891,0.9101494867738602,0.5614025067832169,2.816300580366362,-0.6171349058211106,-2.87268151708075,-1.2813482307876891,-0.6171349058211106,4.287852573923439,0.06435354313530062,3.7350712112376296
untrained,clean,6,6,1.6970486212631481,1.1883609708426062,0.8564103645246006,0.8383928674440853,0.02398503605793678,2.0371665246886517,-0.38153850415064205,-2.81119487495594,-0.8568275248096842,-0.38153850415064205,2.8995444281906737,0.07379755686473066,2.5918034809047623
untrained,clean,6,7,1.1203656125359425,1.368712691592783,1.693427544361596,1.098137425926578,0.634267564111159,2.349603959081211,-1.032084733256454,-2.385798241740351,-1.7015604313067634,-1.032084733256454,4.082008949118948,0.09514717544320694,3.145071391305701
untrained,clean,6,8,0.023641481297301148,2.124899310650607,0.4823563782218683,-2.220446049250313e-16,0.5954298257047221,1.9563983457034135,0.4209801535640052,-1.98601497671923,-0.4823563782218683,0.4209801535640052,2.5518281714081352,0.16252581522867815,3.1353341402008184
untrained,clean,6,9,-0.38649700414342725,2.5001056681288913,0.0,-0.384217057825639,0.5240821637744317,1.8708416637344556,0.5177358470199662,-1.8859104309932082,0.0,0.5177358470199662,2.0107067696832486,0.2276982329922559,2.7561408496954707
untrained,clean,7,0,3.295575008907271,0.8311846236401399,2.1491732789617903,2.84384649774665,0.7934176311932117,2.180914649170532,-1.9735984591734201,-3.3019196731044023,-2.8627382041567477,-1.9735984591734201,5.8181787781103935,0.11127503424805152,3.955855353185025
untrained,clean,7,1,0.6574236999338523,1.8947049082310077,1.3519273290769356,0.6148109981884962,0.8409665563588442,2.401975817507647,-0.3552999888078592,-2.4487257745766646,-1.3519273290769356,-0.3552999888078592,3.8577533720549875,0.10340283358819558,3.605856216835324
untrained,clean,7,2,2.53109791383912,0.9757121172584506,1.4573074187816264,2.3353000673083404,0.9142178513863688,1.5016189557202222,-1.3578880163971707,-2.542078969095727,-2.3359447360205707,-1.3578880163971707,4.751136874414931,0.08609374476289933,3.47934260278066
untrained,clean,7,3,-1.0048994462837015,2.3402548102790925,0.0,-1.0266702292043126,1.081623889909065,1.2356409831822814,1.5098567085336159,-1.2428709185832563,-5.551115123125783e-17,1.5098567085336159,1.290594643887034,0.09248444541213469,2.8929357978327843
untrained,clean,7,4,1.692359527018896,0.42632703113264414,1.9674251791320918,1.9031824154025987,0.16550458666696954,1.689797071432899,-1.5603635202974475,-1.7262109246972126,-2.1983702507575638,-1.5603635202974475,3.7584840735024674,0.16153056182885583,2.3596511150338757
untrained,clean,7,5,2.5802857992124935,0.4485053092466105,3.177399507226177,2.589387672928382,0.40937937297902716,2.807637762447691,-2.5134590287164986,-2.831074552583136,-3.2124958421060303,-2.5134590287164986,5.8064048083551,0.16262022099611473,3.455566000634716
untrained,clean,7,6,-0.7680160237531699,3.259146687372867,0.7249484679271738,-0.7839766636447139,1.6576648800645484,2.348198477640464,0.9199392285478876,-2.3571527292194268,-0.7249484679271738,0.9199392285478876,3.2218866940602986,0.13397793440027028,4.275803857008457
untrained,clean,7,7,2.5835002978173205,1.8767950660495027,2.052831145367348,3.4273404062503894,1.0679541804054753,2.0028533305662983,-1.6501838696708546,-2.5879866176710875,-3.4866725765090294,-1.6501838696708546,6.498147917222163,0.4384673150540541,5.286431362605362
untrained,clean,7,8,-1.9053109642131254,3.2497581611101274,0.0,-1.895374277028024,1.984555491159427,1.1939653957087697,2.1448259565765424,-1.1952727782741839,-5.551115123125783e-17,2.1448259565765424,1.2831466098401727,0.14917441862281805,3.577146985039533
untrained,clean,7,9,2.583562009364722,1.8098075052770644,2.0976420278150956,3.417961517558491,1.0123501158593706,2.050756810492008,-1.6624778873477908,-2.590243689574153,-3.4472297953066695,-1.6624778873477908,6.481068443909869,0.4535380575760599,5.272128614138138
untrained,clean,8,0,-0.2811741421219276,2.164813716396396,4.440892098500626e-16,-0.24260706708745783,0.41312767144453577,1.6831874035764915,0.44285486200923074,-1.7212119546836004,-2.220446049250313e-16,0.44285486200923074,1.8537080079335695,0.16242761959086827,2.4589904895336687
untrained,clean,8,1,0.6638281374784376,1.7333765523917386,0.3582899168981357,0.30357212781604215,0.1129849342078928,1.8994724247908823,-0.2424994331796464,-2.2318966950508843,-0.3582899168981355,-0.2424994331796464,2.3160294868148172,0.16530799481929237,2.238838048454463
untrained,clean,8,2,1.6243322260501094,0.2879762499638381,2.047054107079602,1.8584125192767746,0.02969734835193405,1.602061389736931,-0.9963262971799276,-1.6320477417981198,-2.2916274594560604,-0.9963262971799276,3.4901712573656396,0.035687381839368815,2.529532342025081
untrained,clean,8,3,0.05111122012484448,1.4046958652404014,0.08762510730293283,0.0,0.18043742831972853,1.214760931246983,0.4049905269932639,-1.2981398911703408,-0.08238222935118167,0.4049905269932639,1.3951983595667115,0.1629100721466562,1.9630989587066314
untrained,clean,8,4,0.11073496448166753,1.2889987478366085,0.19248216616973712,0.0,0.3303109404698805,1.203575276936136,0.1188599240744952,-1.2898129142398755,-0.19946618820268958,0.1188599240744952,1.5338862174060166,0.10293677604544804,1.7556829175259598
untrained,clean,8,5,0.044220300177658656,1.2323635409495013,0.484813411030665,0.0004751463713532633,0.5601384543701222,1.0942453961970215,0.06121989511437986,-1.1202451957090354,-0.484813411030665,0.06121989511437986,1.654858996938497,0.1563386454181246,1.8724175374710015
untrained,clean,8,6,1.2443182815198923,1.7540203433747414,0.009481586138560427,4.440892098500626e-16,0.00144224704001239,1.8002617829969387,0.06155397743036506,-2.8553414806128563,-0.009482767480578413,0.06155397743036506,1.8017040300369516,0.14299596293975947,2.006253970407076
untrained,clean,8,7,0.03139528872302266,1.5157015861035863,0.36838092147965984,0.0,0.5410501597958566,1.380291603023496,0.316917850347342,-1.4459320931661983,-0.35847646382016496,0.316917850347342,1.9213417628193525,0.11106923931990553,2.3493288524866003
untrained,clean,8,8,-1.3055748260056272,2.432030655245044,0.0,-1.2949620543507636,1.315103053984749,1.1184427283952956,1.3341443745121309,-1.138713757438743,0.0,1.3341443745121309,1.138583728029281,-0.01225792819932603,2.4604701743420856
untrained,clean,8,9,-1.0095667538723228,2.1532330672614846,0.0,-1.0188093190452083,1.030536985439043,1.136434235284185,1.4406198556269192,-1.1574808603076474,0.0,1.4406198556269192,1.1481619016780196,-0.013814546918485604,2.574967210386453
untrained,clean,9,0,1.2859522007110933,1.3820313693893178,1.401025635709833,1.2088872883562547,0.246653508698643,2.5127139922862614,-0.879001725518072,-2.580274855015802,-1.4011271733365018,-0.879001725518072,3.968254789341159,0.08760717745794011,3.176860241281027
untrained,clean,9,1,3.4145172234081156,0.67434490457698,2.3903050831317314,2.3661546899697807,0.06049043127925602,2.99365189047454,-2.3266539416352483,-3.9073418076798894,-2.4320193214123864,-2.3266539416352483,5.4202970117235765,0.1398060820245508,3.233449152112879
untrained,clean,9,2,0.4622383553100309,1.9434418989351432,1.2237382788896998,0.427090190885584,0.8974450358094579,2.3401634242656417,-0.17090613635527419,-2.359394334916108,-1.2215353082333553,-0.17090613635527419,3.6646986509606836,0.048488889985410344,3.5422814045908195
untrained,clean,9,3,2.5889586224638994,0.33002639633638475,2.823317904043912,2.605812676602649,0.23724500414417005,2.699154727803609,-2.180905437858523,-2.7465416089032555,-2.8497125640176066,-2.180905437858523,5.542212408550428,0.14604874992333405,3.5073557206152395
untrained,clean,9,4,3.584203563014568,0.9082415158085366,2.766751343500173,2.726150045859839,0.13844683160955462,3.486760762033321,-2.722962274598336,-4.201087174123557,-2.767912885922904,-2.722962274598336,6.351357639502715,0.29019636227681733,3.9185917271811963
untrained,clean,9,5,2.4956074511846307,1.4305073770324481,1.9196274591951965,1.879812271318,0.5428281328940181,2.6728904592113447,-1.8520220625789428,-3.3618709564977585,-1.9213055304154791,-1.8520220625789428,5.095530863423363,0.5625658004990381,3.8060746013434583
untrained,clean,9,6,2.76853250127573,1.1908231705782706,2.356283758449254,2.3104130412536077,0.35401047262301333,3.2040752207552172,-2.3051943585468457,-3.633556699611657,-2.3694167367561496,-2.3051943585468457,5.868498734631839,0.3126659939354477,3.8759703700204406
untrained,clean,9,7,3.5675706579503625,0.5356420216803275,2.4768765099799506,2.4924742060234264,0.22330744495781296,2.789894016595247,-2.402380749417045,-3.815045632283631,-2.550798752735016,-2.402380749417045,5.505675667576487,0.21424480459199424,3.317539722751436
untrained,clean,9,8,3.6684617514653715,1.1839831008852149,1.4859661087475433,2.5473404756546807,1.1770837756942027,1.4891195055003714,-1.461243522538525,-3.6861165095922717,-2.5501522391384883,-1.461243522538525,5.213543756849255,0.10214221236737053,3.8544424466781004
untrained,clean,9,9,2.044814514621207,0.4608792420129717,0.7227691072761129,0.7339933704160511,0.13576117579778613,1.0360667944571793,-0.5153078284595569,-2.351212081289482,-0.7317935546496763,-0.5153078284595569,1.9058213406710165,0.14545722797113325,1.5359707401825928
untrained,clean,10,0,-0.08002612295752964,2.857571383390965,0.2748773880201143,-0.10873739377521119,0.57337982270995,2.6746981475376383,0.8881029558308127,-2.6881416553045514,-0.2748773880201142,0.8881029558308127,3.139340576472377,0.0894036051288839,4.116847137432074
untrained,clean,10,1,1.6757395207129706,0.9948520749931764,1.527907359942749,1.48551992345005,0.04962205538456743,2.4688374701000733,-0.6204465139294335,-2.606515869028744,-1.527907359942749,-0.6204465139294335,4.0039794489346905,0.0640757266774028,3.4476086616826596
untrained,clean,10,2,0.19751095130335994,2.7643086537850134,0.43858543591633214,0.13072101558961924,0.4211026765343977,2.777453920435961,0.5400676810387566,-2.824358007978246,-0.43858543591633237,0.5400676810387566,3.329277612559978,0.13746159711012695,4.006806890708861
untrained,clean,10,3,0.5670917108388109,2.5432257323964196,0.7327956862482292,0.46691230371417713,0.3875532761245113,2.952735647418807,0.2593984165900256,-3.017866866114148,-0.732795686248229,0.2593984165900256,3.8072012272574955,0.09245057712108262,4.159050220968604
untrained,clean,10,4,1.966164971437899,0.3257572560311299,3.175728911063904,2.100669539111416,0.2228475254136928,2.039686813929854,-1.8904461671142343,-2.062032492722909,-3.314989304481157,-1.8904461671142343,4.3632038784549625,0.0906293413288668,2.563387052669595
untrained,clean,10,5,0.8834568598038937,2.455628285145059,0.8105610296067756,0.6990264948232259,0.17064010245788008,3.0839147256568413,-0.25726690313984335,-3.2391643107524777,-0.8102765287937399,-0.25726690313984335,3.9535813229379473,0.10020533500951112,3.796519754807615
untrained,clean,10,6,0.6680779906733509,2.661854539514043,0.698188721854331,0.5349010793925162,0.23379655206859518,3.1209393765731757,-0.2997932948095672,-3.2573990513672655,-0.6981887218543315,-0.2997932948095672,3.889637008034287,0.07253347882012795,3.662377192044848
untrained,clean,10,7,-0.12362412013881752,2.912110475323904,0.35954491252743104,-0.1410858456320132,0.5725766056012144,2.7113878931170614,0.9018669377332085,-2.72999383556267,-0.35954491252743137,0.9018669377332085,3.1428786530862625,0.058492519622416084,4.103238110441887
untrained,clean,10,8,0.014427432149611619,2.744625452324068,0.10993027066397287,0.0,0.19218740988447092,2.5864820600229894,0.7588133671241897,-2.671404779642954,-0.10851104771508746,0.7588133671241897,2.7786694699074603,0.08906732777961102,3.626550164811261
untrained,clean,10,9,0.983634928544463,1.8999615411209323,4.440892098500626e-16,4.440892098500626e-16,0.00115367171776537,1.959133178154636,0.35441344830885235,-2.8478958866563766,0.0,0.35441344830885235,1.9602868498724018,0.03570058300901913,2.3504008811902732
untrained,clean,11,0,1.0064103087854455,1.4582797253059936,0.0,0.0,0.032524530036206034,1.4441794075768453,0.17103598763606076,-2.3206208825059025,0.0,0.17103598763606076,1.4767039376130513,0.14406915158553657,1.7918090768346486
untrained,clean,11,1,0.0,1.562505161268044,-0.2955516604824897,1.12023944801783,0.2925295374807204,-0.2896583737367493,0.3112115336260466,0.0,-1.1749085670809787,0.3112115336260466,1.123110611761801,0.09204493370457567,1.5263670790924233
untrained,clean,11,2,0.3614068750471453,1.155276789541572,1.0667483082273255,1.4722284955111244,0.024662925519590484,0.3517302543520544,-0.3320194504395646,-0.3617462350789129,-2.150565380293996,-0.3320194504395646,1.8486216753827693,0.07112035744313383,1.5877225823863386
untrained,clean,11,3,0.31542349901716493,0.8627157964304217,0.4338338748798325,1.0658244366693939,0.16867327614868133,0.24218304468987117,-0.024158347218685705,-0.31542349901716493,-1.1923412694262658,-0.024158347218685705,1.4766807575079464,0.10420840188398839,1.556730812173249
untrained,clean,11,4,-0.05754953252153161,1.1604354471815985,0.0,-0.058214179305131175,0.07285460979900482,0.9106618383142678,0.49505471082146446,-1.0434832588946201,0.0,0.49505471082146446,0.9253022688081415,0.05940265576544679,1.4797596353950526
untrained,clean,11,5,-0.16263031215384638,2.141809622754071,0.0,-0.1594622814820854,0.3125085014644191,1.830575439904307,0.6588189832745988,-1.9501470814696904,0.0,0.6588189832745988,1.9836216598866407,0.02903222913053405,2.6714728722917735
untrained,clean,11,6,1.298336281551442,1.1477042009847644,0.0,0.0,0.02883937317076457,1.123333980409289,0.31137122393299776,-2.413501896362782,0.0,0.31137122393299776,1.1521733535800536,0.032538586173424644,1.496083163686476
untrained,clean,11,7,-0.6536471700278863,1.7670252170232117,0.0,-0.6634870120965419,0.7087194862766624,1.0728099087780427,0.7835195677071982,-1.103829637972328,0.0,0.7835195677071982,1.1180423829581632,0.009548409022997362,1.9111103596883587
untrained,clean,11,8,0.0,1.6300304696178016,-0.5739668360638202,0.9853498045996436,0.5614512040369581,-0.539359927301458,0.8291127122356907,0.0,-1.0098316658775648,0.8291127122356907,1.0074410813351438,0.046231967676416685,1.8827857612472512
untrained,clean,11,9,0.0,1.8082950984835937,0.3341434436912376,1.7304841815009362,0.008410686942276424,0.0,0.059381207845766504,0.0,-2.045199464666773,0.059381207845766504,1.7388948684432126,0.09723907750805871,1.8955151537970378
untrained,clean,12,0,1.7661377650313486,1.8104734756417962,1.6382476144498854,1.4962861199675435,0.10640707139032202,3.1674590784814565,-1.1810228752687317,-3.423665743113851,-1.6382476144498854,-1.1810228752687317,4.770152269839322,0.1529454975592932,3.7420748921298834
untrained,clean,12,1,1.3190995893472408,0.6507172405396995,2.7622061942292384,1.9047469178633332,0.05888094441265146,1.3246420769603464,-0.926468078937499,-1.3246420769603464,-3.2842806966619866,-0.926468078937499,3.288269939236331,0.1231002504938461,2.484902110792678
untrained,clean,12,2,0.6928907415640038,1.7780901110915557,1.9689884459040137,0.691700261927072,1.376538538354931,2.333311498271618,-0.1628656887162494,-2.333883305866669,-1.9659667942686962,-0.1628656887162494,4.401550298553621,0.14011919842420784,4.37880380826158
untrained,clean,12,3,-0.009109474631852965,1.9208521245410766,0.0,-0.01460853019903352,0.1689990982649885,1.5827143676886317,0.10561297578262296,-1.8284380766106862,0.0,0.10561297578262296,1.7371049357545867,0.08330457329853735,1.926022484835747
untrained,clean,12,4,1.5100625855900396,2.174521122077656,1.8085575319892762,1.4553788370870473,0.7620708824102387,3.1314012538837614,-1.3686243171508172,-3.2269654832096095,-1.8109964229721842,-1.3686243171508172,5.348850973381047,0.45517933347517747,4.435405989705408
untrained,clean,12,5,0.8457421269034118,1.5239471094657457,0.0026235525068731835,0.007148613148271643,0.03171110359944729,1.5487157054418081,0.01529099873457529,-2.257584114206962,-0.007148613148272087,0.01529099873457529,1.587575422189527,0.10758006152079602,1.7104464824448984
untrained,clean,12,6,1.2352642146643933,2.2665726629263467,1.9468677840708861,1.2087048423186433,1.0129137354899265,3.206471316699475,-1.1498569816613253,-3.237707030522802,-1.9490678585752477,-1.1498569816613253,5.4280898945080445,0.2619297725635765,4.540162685410296
untrained,clean,12,7,0.20719459174195087,2.361692966694031,0.0,0.0,0.044075887527295965,2.199011611455086,0.2506569853540328,-2.469521024807142,0.0,0.2506569853540328,2.243087498982382,0.09936653362884007,2.593111017965255
untrained,clean,12,8,-0.0457585172658761,2.918698549638568,1.051008240960936,-0.054302280479709086,1.2904306974297093,2.5118649754070734,0.1052312272248983,-2.544953036831658,-1.0513114167818967,0.1052312272248983,3.7479933923570736,0.3276838197200731,4.180908439302045
untrained,clean,12,9,0.6827169895636445,2.44140643757569,1.239179106525258,0.6787042904148892,0.8512026075890713,2.743978666827835,-0.6405321232692218,-2.8065645017492376,-1.243425108959898,-0.6405321232692218,4.2738855648317955,0.313312922955457,3.9466663645180304
untrained,clean,13,0,-0.7820645402886433,2.3352135579866706,4.440892098500626e-16,-0.7732029307904291,0.9690057790925639,1.4132629511404797,0.9160052060918265,-1.4370754802916732,-1.942890293094024e-16,0.9160052060918265,1.6090657994426145,0.11607353740635443,2.6411445429407956
untrained,clean,13,1,0.7551344315352027,0.5101968978712317,1.435198203538996,0.7589094839153001,0.500405399851577,1.1539486044813745,-0.6835121131147455,-1.1645694271938107,-1.437093012082494,-0.6835121131147455,2.4132634882482513,0.0988670936691256,1.8286184688026315
untrained,clean,13,2,-0.15805237162515118,2.0550536434737556,2.220446049250313e-16,-0.17941899333586475,0.323270415875035,1.6697461899559003,0.5207323398008983,-1.7421819148924182,-1.1102230246251565e-16,0.5207323398008983,1.8135976124950706,0.15481935695618632,2.489149309252155
untrained,clean,13,3,-0.013312546203585462,1.4176658123790822,0.9114528324324211,-0.015482779215317155,0.9678650160365148,1.3045257232553946,0.07731434897378486,-1.3180564584950352,-0.9092317586280191,0.07731434897378486,2.2569079600765924,0.08851788148486339,2.4227401905352406
untrained,clean,13,4,1.1878530119326887,1.8118316300130486,0.4757960289026686,0.4757960289026686,0.15194214914280435,2.183202647631692,-0.4651549423097334,-2.7895282261975023,-0.4757960289026686,-0.4651549423097334,2.810940825677165,0.21015641574823496,2.5559422991156664
untrained,clean,13,5,1.6175830042887513,1.2378068724808924,1.4463247997884656,1.3049688568905065,0.054304360223486725,2.5719715056548984,-1.0869062897354933,-2.7953713229795802,-1.4463247997884656,-1.0869062897354933,3.9312447227688914,0.06001855379006371,2.904356986823462
untrained,clean,13,6,-0.024996772080838836,1.7731554585948504,0.0,-0.023605787009722157,0.0901313509187176,1.5561180303608992,0.3421405187126543,-1.7262157092032855,0.0,0.3421405187126543,1.6226435942698947,0.02194297731072603,1.986727090293275
untrained,clean,13,7,1.635218064307713,1.7829075635938572,1.5809602324902654,1.455793068685915,0.2972726562800547,3.0450334811668442,-1.4336451983374383,-3.261651204018319,-1.5819019028071368,-1.4336451983374383,4.7980992061328145,0.15553275356637908,3.5199867613617553
untrained,clean,13,8,-0.33840039089748486,1.6674915073893963,1.0992924913251043,-0.36145251790028143,1.4344625176701173,1.1609118473378297,0.39682001893208874,-1.1636850586774368,-1.1045468878308586,0.39682001893208874,2.2339218471076654,0.16015166130872016,2.7908935273484743
untrained,clean,13,9,-0.9766021722852272,2.676701386897302,0.0,-0.977601136422499,1.0637115050767323,1.6184038418954718,0.994385319850295,-1.6290966832419151,0.0,0.994385319850295,1.704514210549705,0.07100253137015988,2.76990206177016
untrained,clean,14,0,-2.480091369233077,3.344769764519496,0.21158764565528276,-2.483188902534896,2.787627012338646,0.8472117473144998,2.7986576793578433,-0.8472117473144998,-0.19358272551089006,2.7986576793578433,1.15164985711825,0.035471568116312135,3.9857791045924054
untrained,clean,14,1,0.1610605338776243,1.6317076422274854,0.7354337131267654,0.07686136427474155,0.6900534236391682,1.6225945362078469,0.13508011985545032,-1.6374845196021566,-0.7499986712379829,0.13508011985545032,2.3895093241217564,0.14071869839173545,2.665308142368942
untrained,clean,14,2,1.6525881101692472,1.0744487353792138,1.1252901927584773,1.1227763622010123,0.13308424993490497,2.0251569743882945,-0.43633681625860365,-2.526670724290307,-1.1245542923019485,-0.43633681625860365,3.2810175865242117,0.20110202171468283,3.045782791980291
untrained,clean,14,3,-0.9711800061944591,2.50968950182912,0.8874423727327763,-0.9886401349909124,1.9741802801034614,1.481759212781818,1.0904560973728623,-1.4848659261378414,-0.887442372732776,1.0904560973728623,2.467299357894367,0.05364356949681959,3.611399024764049
untrained,clean,14,4,-0.5681077071899732,1.8739425165435912,2.001397761366892,-0.5670651756466418,1.8403202418191817,1.1724144360386086,0.5734600748246379,-1.1731541046661453,-2.0001797192265665,0.5734600748246379,2.4456695022111488,0.13389874682779812,3.153028323863585
untrained,clean,14,5,-0.6278346905243857,2.3646030659598885,0.6213634991380825,-0.6072356762303259,1.2517689446447768,1.617724676090889,0.9031130983031299,-1.617724676090889,-0.6183042246020787,0.9031130983031299,2.2622579445053397,0.12210297388061764,3.287474016689087
untrained,clean,14,6,-1.5478249369862056,3.0341708225726376,0.0,-1.552522678050182,1.5870239897230112,1.435086849077593,2.2268847470834876,-1.4578399214189504,0.0,2.2268847470834876,1.4695881607504222,0.028505964167481634,3.724978872001391
untrained,clean,14,7,1.6900178639085106,0.38993943046318025,1.4207335095137188,1.4041848667165313,0.06266006184654493,1.7606461822602644,-0.9633913906810463,-1.9891462130960862,-1.431566198927621,-0.9633913906810463,3.2274911108233404,0.0799783918617023,2.3440781120039964
untrained,clean,14,8,1.6950668464108636,0.2981506015630364,1.2086205533091072,1.20278405471372,0.09066494548065118,1.460028884156009,-0.670945046681803,-1.8716670727249916,-1.2564151594747628,-0.670945046681803,2.75347788435038,0.07375576908325265,2.15628860675183
untrained,clean,14,9,-0.919420853253722,2.612975859464127,0.877402065898579,-0.9159833873989114,1.8554960178548396,1.5289371270016092,1.0548498891014084,-1.539765783951345,-0.8745355999610613,1.0548498891014084,2.4684497574575373,0.1566556881965777,3.6799553347555234
untrained,clean,15,0,0.057931897411075406,1.1894740531701427,0.4703274543692788,0.0,0.5454639162018784,1.0812552016400807,0.9205825524951421,-1.1268422378311833,-0.46582164684420463,0.9205825524951421,1.626719117841959,0.12506952027510893,2.6723711906122105
untrained,clean,15,1,0.8726093730851301,0.2720180492065599,1.8968065095598292,1.0067010376526686,0.14668125364728768,1.0005924567935525,-0.6765163833637393,-1.0050174299680452,-1.9902120912789736,-0.6765163833637393,2.1539747480935088,0.04620441060450031,1.5236627753342697
untrained,clean,15,2,1.229986125341322,2.2387964060312338,0.8583435550109706,2.931713497732609,0.54083905871222,0.8263280030713314,-0.46854269268748716,-1.229986125341322,-2.961289228098392,-0.46854269268748716,4.29888055951616,0.1358507329438119,3.966188599772485
untrained,clean,15,3,0.9378440251773998,1.097471679861937,1.5633045503791143,0.9138016266328624,0.630627912110429,1.979157338383132,0.14782588781154082,-2.0023435793253266,-1.5633045503791143,0.14782588781154082,3.5235868771264234,0.032972125714010314,3.7043848906519745
untrained,clean,15,4,1.035934368430269,0.7891862424925276,1.805808832422926,1.593753336027735,0.21599365135156612,1.0370744876307758,-0.793591274480641,-1.0370744876307756,-2.368758700602295,-0.793591274480641,2.846821475010077,0.22509625511265252,2.2783264556420884
untrained,clean,15,5,2.078182224957903,1.513190803588929,2.1648876693291745,1.8785721289936865,0.4113799121069097,3.2447132636059983,-1.6080830251864189,-3.3648882055384632,-2.1709423608876293,-1.6080830251864189,5.534665304706595,0.2204301314499144,4.14701241097009
untrained,clean,15,6,-0.9915224920269596,2.2534307641048787,0.0,-0.9865410602272124,1.0806231229215277,1.1742269459552395,1.4403138033052634,-1.188424453623603,-5.551115123125783e-17,1.4403138033052634,1.2683090086495548,0.07348381845431601,2.782106630409134
untrained,clean,15,7,-0.29981551133100415,1.3922100392717076,0.0,-0.2982633620079451,0.38644074208713963,0.9559305744080938,0.7506147665873775,-1.0380974683787672,0.0,0.7506147665873775,1.0441079544872882,0.05429705956193631,1.849019780636602
untrained,clean,15,8,-0.8575156224021923,2.0395588634265875,0.0,-0.8210299490415853,0.8997068963910743,1.0544442819462934,1.3283130809698407,-1.0709140811831028,-2.7755575615628914e-17,1.3283130809698407,1.1331212292957824,0.11112915984129243,2.5725634701069153
untrained,clean,15,9,0.4106178724815641,1.8556287320411984,1.1973680662225816,0.3638492178202313,0.874638590927626,2.207502354217494,0.18341639663125786,-2.2175920801304145,-1.197368066222582,0.18341639663125786,3.445990162965351,0.0486545243923473,3.6780610839889563
untrained,clean,16,0,2.7134452854355935,0.4733859838146479,2.260107254444882,2.2710331658685994,0.13008027196658256,2.618130423390194,-2.1228951689914934,-3.0168922575219166,-2.285513093549646,-2.1228951689914934,5.019243861225376,0.14453317262356125,3.0408818648574436
untrained,clean,16,1,3.2457805267791136,0.5699297266498728,2.4212375040409353,2.904176378896773,0.5479639132510234,2.4308904789768278,-2.3648011703242133,-3.2575313143949325,-2.915107707426709,-2.3648011703242133,5.883030771124624,0.06430873564828055,3.5825383364486916
untrained,clean,16,2,2.2149526376412654,0.3463540233198741,1.4552942142434349,1.6312170684514218,0.23110273519405,1.5317098511794809,-1.2115179897819521,-2.2654679984816646,-1.6492582009430952,-1.2115179897819521,3.3940296548249527,0.10187467577981435,2.284386340822815
untrained,clean,16,3,2.327532463899427,0.7861271124002314,1.8127589050924708,2.464914047384723,0.5888172532162828,1.8095377929960879,-1.5434330766637032,-2.3362258691102307,-2.484578718867119,-1.5434330766637032,4.8632690935970935,0.10561389341477989,3.42544991034817
untrained,clean,16,4,2.5367852087425575,0.5960940914449573,2.2366872020883193,2.245532560468476,0.3659910273500411,2.549486375334072,-2.1107015680638916,-2.835016809563869,-2.303026416291769,-2.1107015680638916,5.161009963152589,0.2315232764201962,3.2818316715088933
untrained,clean,16,5,2.6696170638403585,0.4104528707778221,2.055237982634642,2.066750510327885,0.09723762829928706,2.3668709947896183,-1.65558876110601,-2.9448928144102475,-2.079363880600466,-1.65558876110601,4.53085913341679,0.1110512222421085,2.9863215945528885
untrained,clean,16,6,2.98545704731061,0.9032283508526628,3.2315491638920264,3.6248816568905067,0.22577771372890432,2.914639509758703,-2.8489399560910105,-3.061203197444443,-3.9414051470744735,-2.8489399560910105,6.765298880378114,0.1176262175363827,4.033985141823486
untrained,clean,16,7,1.6248409514484066,0.1808483472492619,1.7850902576983145,1.734814594119578,0.012761343267895686,1.598338090823865,-0.6862408181136699,-1.646278047259191,-1.9463249824317077,-0.6862408181136699,3.3459140282113387,-0.0018234732949156118,2.657849736802753
untrained,clean,16,8,1.638666362993503,1.0612271307039576,1.2775883278176992,1.2413189736005705,0.13363290795450267,2.218215453222927,-1.071655271011454,-2.559387088510548,-1.282556103877548,-1.071655271011454,3.593167334778,0.13553862912706416,2.6570506928936104
untrained,clean,16,9,0.7283098239173604,0.9769918123642212,0.9905941618817753,0.7389341036325208,0.29676352866884637,1.6268303194471434,-0.31913134753163064,-1.6612020118132327,-0.9952958402787053,-0.31913134753163064,2.6625279517485105,0.03939794607141889,2.382794550288299
untrained,clean,17,0,3.0398577825861395,0.8051861091586066,2.759311930854,2.701156814820876,0.3440575413250868,3.313492600723584,-2.542592265171523,-3.6338101631166593,-2.7651868311589265,-2.542592265171523,6.358706956869547,0.20535882832316066,4.021473520021185
untrained,clean,17,1,2.948960922968571,0.5673754688373411,2.7143007740281284,3.0682945224214935,0.4687756477069245,2.590044322036097,-2.1576630721810295,-2.9689606536203295,-3.1221003335922073,-2.1576630721810295,6.127114492164515,0.13957617862150373,4.109027598604989
untrained,clean,17,2,1.900790383906764,1.9524432431063037,2.9880436612544976,1.8789858880401487,1.4446499197316496,3.6146666484490715,-1.6323570532437177,-3.6340992762292745,-3.0044194402572186,-1.6323570532437177,6.938302456220869,0.20275857178107204,5.508703974758223
untrained,clean,17,3,2.251204273389369,1.4641428648219494,2.728259350079731,2.1832986842200923,0.9517206206794953,3.4551153738662146,-1.7539870993562126,-3.484845056271017,-2.733813305537706,-1.7539870993562126,6.590134678765802,0.22494812648232632,5.0610957058919155
untrained,clean,17,4,1.8429717782491473,2.393037026837245,2.0723823086317887,1.757235621035388,0.9701151250313309,3.5358747562735435,-1.598335891425064,-3.59918874073751,-2.0723823086317896,-1.598335891425064,6.263225502340262,0.6368200643488815,5.30170967526408
untrained,clean,17,5,2.4999302245492676,1.3064158774692887,2.616472236558734,2.382958380242658,0.5093871266309078,3.4945064527681793,-2.070534432979141,-3.6135304044658954,-2.619174536645518,-2.070534432979141,6.386851959641746,0.19011339746587685,4.506430924128482
untrained,clean,17,6,2.6065835640245876,1.6801892492927166,1.658484305327823,1.6647696816254567,0.5887609022390228,2.7704098228322778,-1.5348521925391516,-3.7184989776643853,-1.6675837738813644,-1.5348521925391516,5.023940406696758,0.5591743670993776,4.048262581256983
untrained,clean,17,7,1.0750729617486598,2.425724965255701,1.784545069502041,1.0172111563721855,0.9104809002101462,3.2833664604971133,-0.6221291134204439,-3.3165708841949386,-1.7845450695020413,-0.6221291134204439,5.2110585170794455,0.18422704280942193,4.773156446468423
untrained,clean,17,8,1.482057807557819,2.2627564411545347,2.095533450058689,1.4282233816728418,0.9826675494074637,3.372011070122641,-1.0928584118053184,-3.4049659508729255,-2.0983241149591243,-1.0928584118053184,5.782902001202947,0.3370576329389925,5.027101222336621
untrained,clean,17,9,2.1346604666150175,1.5058237636753589,2.726759139918125,2.1128741310591383,0.9145486219936032,3.450305347660973,-1.5915611076407465,-3.469803149002314,-2.726759139918125,-1.5915611076407465,6.477728100713715,0.17068108128806259,5.056848074361031
untrained,clean,18,0,2.3595195745251596,0.6749686147849987,3.0015918846238465,2.495881375236685,0.49506665545954043,2.4831500391754497,-2.3325790554193624,-2.506991365012807,-3.2348468739093548,-2.3325790554193624,5.474098069871675,0.2942418350118432,3.435760849464156
untrained,clean,18,1,0.4186322982920099,1.664075500773615,0.0,0.0,0.06453948741237303,1.683713032896827,0.4142933218552485,-1.9327505370821014,0.0,0.4142933218552485,1.7482525203092,0.14995726198352344,2.312503104147972
untrained,clean,18,2,1.0345001570477912,0.9619281623244409,1.3759852241233164,1.0257737603412216,0.4496252674037762,1.809024308956086,-0.7774046253492584,-1.911465008602796,-1.4088254336362351,-0.7774046253492584,3.2844233367010838,0.05212310125651731,2.5591418126083427
untrained,clean,18,3,2.9925358723493933,0.4362326534444616,3.346536997298083,3.4287158122706045,0.1442643853880594,3.006338153570902,-2.9949756648503723,-3.0308801575435673,-3.7251871576631896,-2.9949756648503723,6.579318351229566,0.019238207885181158,3.603580894264375
untrained,clean,18,4,0.01935011847353696,1.6511064992087277,0.9394018791912853,-0.04487375542989325,1.0678988124400655,1.5566206317245985,0.1282109660132722,-1.559053827974398,-0.9352786398249253,0.1282109660132722,2.5796456887347707,0.1155260290742266,2.8233826838222695
untrained,clean,18,5,2.626501287438338,0.6609820570342384,2.7537676947506076,2.949030120984534,0.2760630640726083,2.525561167837149,-2.1594769163943432,-2.6369231907812756,-3.2092650277680916,-2.1594769163943432,5.750654352894291,0.19506282067381653,3.786240257173764
untrained,clean,18,6,2.161411086899551,1.8597415203959942,1.6368763620111801,1.579146329614768,0.004088773826723013,3.404815520573461,-1.5698970831355137,-3.8935367844554665,-1.637881735501182,-1.5698970831355137,4.988050624014952,0.12661044935007681,3.544763990229515
untrained,clean,18,7,2.1039463695462373,0.42881505854843116,2.4527593484321772,2.102264318209614,0.36042160239082843,2.310205708113254,-1.6473909802623332,-2.3882506786006683,-2.4722432436514836,-1.6473909802623332,4.772891628713697,0.12502685427469373,3.250527502726057
untrained,clean,18,8,3.7398424627900946,0.22047252090531266,3.5387297004349687,3.4294452847100123,0.013220176389894256,3.649102340678333,-2.7409308405597557,-3.9268538851861465,-3.5506089867368043,-2.7409308405597557,7.091767801778239,0.021581812207425166,4.372418773425909
untrained,clean,18,9,2.7882708225162327,1.0951302084746355,2.889041561390719,3.5939012238444223,0.5199353533039877,2.655334024400889,-2.491899234531349,-2.827253909116134,-3.7421752947837974,-2.491899234531349,6.769170601549299,0.20301338848165562,4.480284755499605
untrained,clean,19,0,-0.15172552082633128,1.5631168526350288,0.8010048188785568,-0.1982352491293793,1.121942944932031,1.2984581661137313,0.7330644245638824,-1.2980078892547773,-0.7979840543421495,0.7330644245638824,2.222165861916383,0.1164042070903275,3.071634493570593
untrained,clean,19,1,0.3777539575077713,1.7045323496496854,0.0,0.0,0.0015638690885118045,1.6549553920165545,0.7853687191213643,-2.0044683971531034,0.0,0.7853687191213643,1.6565192611050663,0.07781791000435323,2.519705890230784
untrained,clean,19,2,1.3483475740368964,0.6555373473740655,1.043897240042659,1.612537875128131,0.33963186461530226,1.0235781388808247,-0.6303856033540676,-1.3483475740368964,-1.6258863654016715,-0.6303856033540676,2.975747878624258,0.07354822201505296,2.4189104972852435
untrained,clean,19,3,-0.4925698147848334,1.7048075973535455,0.04269841848567424,-0.5155214287236849,0.6475398197654374,1.078125139546729,0.5855890692563674,-1.0823248572995652,-0.038464601917719055,0.5855890692563674,1.2101435305884816,0.13414674183710207,1.929879341681951
untrained,clean,19,4,1.821492504459886,0.341657440073579,1.4605062636444748,1.6459731861360312,0.17122242879634397,1.5022144647375706,-1.448693355934311,-1.8485333694888775,-1.6736747803853902,-1.448693355934311,3.3194100796699457,0.1014480583036721,1.972164782039307
untrained,clean,19,5,1.8636204048295526,0.8025007192811455,1.753393897952572,1.6348347858496544,0.13725305610165384,2.367594088694894,-1.5313807191896753,-2.585873237664355,-1.758247621336631,-1.5313807191896753,4.139681930646202,0.07539416306228386,2.683695374518811
untrained,clean,19,6,1.1872917488443349,0.926570425458022,0.8022567103222149,0.7558015069652457,0.002343063962763292,1.6296700324287947,0.3851801327553339,-2.0373064078685497,-0.7974814091273617,0.3851801327553339,2.3878146033568037,0.08133106762866049,2.854325803740798
untrained,clean,19,7,0.5352504007897245,1.3111495804065183,1.2843875485503207,0.47304334406308013,0.9027605590552357,1.7880090367559887,0.1265261673379312,-1.8148238224647866,-1.2843875485503207,0.1265261673379312,3.1638129398743047,0.03157615873145647,3.3219152659436926
untrained,clean,19,8,0.9885317199283086,1.0622099498490511,1.131986737684156,0.8556254480140413,0.42509025676626333,1.7826372371297579,-0.8361260384461593,-1.876920979567148,-1.150918778069712,-0.8361260384461593,3.0633529419100625,0.15488864982465556,2.3821155532885587
untrained,clean,19,9,-0.5970605687625659,1.674781460129827,0.4724299694810057,-0.555290495808205,1.1964112294879288,0.9683090123153115,0.8163951291187148,-0.9719423266151985,-0.4724299694810057,0.8163951291187148,1.6094297459950353,0.1057785647520626,2.5316034398658127
untrained,clean,20,0,0.8079947931319498,0.673407974312338,0.9015373084230882,0.7477452306645365,0.29921350680956227,1.3252588455066114,-0.5334900044300461,-1.3607618056154553,-0.9015373084230882,-0.5334900044300461,2.37221758298071,0.12064096182883244,1.9593685403794963
untrained,clean,20,1,0.3842134605307468,0.9947494150908602,0.1809248804941035,0.16869465318776977,0.03717632311950636,1.1389546362759506,0.2978258053843188,-1.287075535506479,-0.19104559649165476,0.2978258053843188,1.3448256125832267,0.08176662411757685,1.7244180420851225
untrained,clean,20,2,0.0,2.4491136916629928,-1.408835327876158,0.962240680409358,1.4039462511485208,-1.3678341926365705,2.0800511526765817,0.0,-0.9635753710858257,2.0800511526765817,0.9983527389213083,0.076702992701009,3.155106884298899
untrained,clean,20,3,0.08960068827462253,2.427249130369618,4.440892098500626e-16,0.0,0.2374754904424754,2.268477520603987,0.24665918303464096,-2.404636790382609,-2.220446049250313e-16,0.24665918303464096,2.5059530110464623,0.1122130282616316,2.864825222342735
untrained,clean,20,4,1.7936716309428968,0.42817653583144466,1.597192074281585,1.5772545658489183,0.1805425151903277,1.8508971783969534,-1.5302309473302156,-2.0782890746894838,-1.624765242872038,-1.5302309473302156,3.6086942594361995,0.11598592349440473,2.1944492356003886
untrained,clean,20,5,0.22790465955623906,0.6699063171511108,0.6995524952994576,0.23320165352882194,0.5045566357376459,0.831770233678947,0.36186913847699786,-0.851058053729711,-0.714076041971591,0.36186913847699786,1.5695285229454148,0.032229376305505486,1.9636270377279181
untrained,clean,20,6,1.122997156757442,0.7758522127279099,0.4778578436877263,1.1357980011125832,0.5746387493172636,0.5478612876481619,-0.0023762801167963588,-1.1454802910608182,-1.1541544413610236,-0.0023762801167963588,2.2582980380780087,0.07707248075123618,2.3329942387124483
untrained,clean,20,7,1.416631486466585,0.3227145716041351,0.7669897359819702,0.8006961931295793,0.04666191844908241,1.1056508763382316,-0.7618719588941074,-1.61942465490305,-0.8186152307132545,-0.7618719588941074,1.9530089879168933,0.06829590843638578,1.2594329374591715
untrained,clean,20,8,1.9168249123505616,0.23075000257663802,1.0212612185780545,1.1025830547083257,0.14337229734338885,1.1126053991936955,-0.9940080053140541,-1.9786765891782228,-1.1165639813955988,-0.9940080053140541,2.35856075124541,0.07359556293143221,1.4381483088627882
untrained,clean,20,9,0.9165482103783829,1.5786503379875514,0.26091088378292504,0.25430228287399315,0.03633563542565721,1.825147275036576,-0.2593999129554536,-2.4247171851539284,-0.2658372970763182,-0.2593999129554536,2.1157851933362264,0.06555494991861266,1.9219402302993855
untrained,clean,21,0,3.144034518065573,0.8389778459756179,2.426933674006142,3.036809320550216,0.6503579136918134,2.4120659603633445,-2.2319321927365756,-3.185877831482176,-3.0668811610379394,-2.2319321927365756,6.0992331946053735,0.15718704552721752,4.024488047396016
untrained,clean,21,1,1.9721586229306993,1.8927348265229726,2.1303195465477085,3.5715130715706884,0.2488970389405063,1.898645043849882,-1.475000317902719,-1.9721586229306993,-3.784634434130743,-1.475000317902719,5.719055154361077,0.23841993893993818,4.4824747753982965
untrained,clean,21,2,1.4733487545795239,2.427400696503785,1.033171961958665,1.006143806696321,0.37618306148947545,3.086412509021742,-1.0023344507658072,-3.508999042769781,-1.033171961958665,-1.0023344507658072,4.468739377207538,0.3917504083135279,3.858155334755259
untrained,clean,21,3,2.7726370437981527,1.0782690213104766,1.3978787851779453,2.3090151743330436,1.0427536082519016,1.4024860430095556,-1.2863430994107912,-2.7825003502165533,-2.3180720864095257,-1.2863430994107912,4.754254825594501,0.1482124136604952,3.6161241398442048
untrained,clean,21,4,1.7258143902071983,2.2436641145921032,1.9535127525380975,1.6665552622137172,0.5721946157747713,3.6847200302800704,-1.3604474898495535,-3.73627199634518,-1.9535127525380978,-1.3604474898495535,5.923469908268559,0.23320650845412128,4.796228926873127
untrained,clean,21,5,2.858642581805994,1.6245977664085443,1.8938802108720851,1.879578212069264,0.33595654582376877,3.2180539563800363,-1.8535985360045562,-4.11646482936851,-1.8962169942302816,-1.8535985360045562,5.433588714273069,0.3644387354878318,3.944428913756345
untrained,clean,21,6,3.3681451978420807,1.3160269510336384,2.5592332760348317,2.5381637976271696,0.5919492096777059,3.3377486327538444,-2.347944550476152,-4.2902618095449085,-2.56523504839602,-2.347944550476152,6.46786164005872,0.38790856696962184,4.50782565655219
untrained,clean,21,7,2.820969704204486,0.7422660334899556,3.4144085339851156,3.491239273101884,0.02045160434892246,2.797950828690831,-2.503009235718034,-2.820969704204486,-4.060125249352431,-2.503009235718034,6.309641706141637,0.0965493181226389,3.9031817885462416
untrained,clean,21,8,1.4669768468491622,1.5880318955585722,0.0,0.0,0.02047186570946513,1.548437126047812,0.06681392248539719,-3.0695643376448114,0.0,0.06681392248539719,1.5689089917572772,-0.014555595237077057,1.6211673190055973
untrained,clean,21,9,2.3281452669653673,0.7692318945366461,2.958132281275215,3.058723529947395,0.03295848715431937,2.307002596110312,-2.2967858336296674,-2.3281452669653673,-3.6382131081249045,-2.2967858336296674,5.398684613212026,0.08915106768695713,3.191049847269316
untrained,clean,22,0,0.22960118405689833,2.6515022231035243,-1.5389273292414352,1.0380587023843915,1.8897515790759374,-1.5751170018625673,1.7348051623886063,-0.2202843140427333,-1.0456656874771424,1.7348051623886063,1.3526932795977615,0.07622607639911183,3.1637245183854796
untrained,clean,22,1,3.561324634783564,0.5753301843545282,1.1557549452576026,1.3028959362682508,0.27688829080465904,1.4520185182023835,-1.1716352902586653,-3.7517125933315625,-1.305436473963555,-1.1716352902586653,3.0318027452752934,0.23526069710057773,2.095428152117206
untrained,clean,22,2,-0.7936296668755056,3.0518883773666365,0.5549962472509646,-0.7720208127712304,1.322321227872557,2.097480116458315,0.9185382787334824,-2.151239149910875,-0.5549962472509643,0.9185382787334824,2.6477805315596417,0.10701956058025608,3.67333837087338
untrained,clean,22,3,3.592532967626975,0.4548544766678444,1.6574397302597317,1.7460506068705195,0.1263335375652055,2.0580867135979113,-1.6276641420903548,-3.829402065003447,-1.762350022291279,-1.6276641420903548,3.9304708580336363,0.11307508725982518,2.4158818032031064
untrained,clean,22,4,0.4456727862012131,1.9829599768805788,-0.09678780906298456,1.724981640165168,0.728448260515627,-0.11326547536981924,0.19747663902463852,-0.43718830911607953,-1.7910969686432188,0.19747663902463852,2.340164425310976,0.10355967625950901,2.6412007405951234
untrained,clean,22,5,1.39567025462734,0.7143859316531782,1.5859535540632048,1.2911668858658232,0.4911390458064133,1.8772442079008207,-1.2393483934414444,-1.9472678902884706,-1.6323159476196603,-1.2393483934414444,3.6595501395730574,0.11642590243559248,2.5366276485672055
untrained,clean,22,6,3.271842555067302,0.6525227352452645,0.8580708857909554,1.029139051352741,0.38341733173894355,1.2784528028278181,-0.8627929613271519,-3.472893246678715,-1.029139051352741,-0.8627929613271519,2.6910091859195027,0.2804038780720659,2.1086201026644167
untrained,clean,22,7,1.3788826395828515,1.4822485428199936,1.0654877094517596,1.0424323882541864,0.08336682382211746,2.368623050549544,-0.8950458510405239,-2.7275642934387916,-1.0654877094517596,-0.8950458510405239,3.494422262625848,0.13356688896405355,2.7329433005493775
untrained,clean,22,8,0.34447910670400317,1.5946170070786176,0.0435267868597089,2.220446049250313e-16,0.02789482835522783,1.563954216948817,0.12657545579388785,-1.8114846650071645,-0.03876777756674987,0.12657545579388785,1.591849045304045,0.1323704580684153,1.8507949591663482
untrained,clean,22,9,1.0623473926052949,1.8487895102415397,1.190838034694817,0.9970513121094005,0.4305903174166681,2.6071138953879087,-1.011099842501559,-2.7654518403338604,-1.1929736659877181,-1.011099842501559,4.034755524913978,0.14354943122007313,3.167205113632492
untrained,clean,23,0,3.105414524608948,1.0598092926157143,1.8476344591870317,2.7495530004573947,1.0130535682429613,1.8315146287595998,-1.700874964109926,-3.11047648766318,-2.7609964322248643,-1.700874964109926,5.594121197459955,0.1413853565236498,4.03463158987368
untrained,clean,23,1,2.503461285148589,1.1639682761711745,2.335931580796777,2.1650813781617826,0.3440447230582562,3.1567165554251284,-2.051000283136702,-3.4744262462135636,-2.341479432849996,-2.051000283136702,5.665842656645167,0.18745546305298122,3.8022978365614466
untrained,clean,23,2,2.403429227327153,1.348256417635021,2.1620804754143372,2.1103959384184408,0.3806610150880769,3.224435676844034,-1.9868869417238777,-3.477156627214204,-2.18694564391934,-1.9868869417238777,5.7154926303505516,0.24966384924296703,3.978269537869641
untrained,clean,23,3,3.10773416386921,0.710261022437261,2.5971091282728445,3.152818823202405,0.4451129672504135,2.5127825806591253,-2.303555281707009,-3.1079896088183934,-3.219772805395886,-2.303555281707009,6.110714371111944,0.08734190036503575,3.8945009897699703
untrained,clean,23,4,1.9559741841014193,1.6669919078235012,2.183767308993685,1.8638434356653604,0.4671214018601946,3.2766946703747326,-1.6703921780904594,-3.3707698034751137,-2.1843890200705314,-1.6703921780904594,5.607659507900287,0.2515745773729603,4.188841907182788
untrained,clean,23,5,2.7413506128516056,0.33228199179502216,2.8165525241504357,2.70231031779487,0.21738179714793837,2.8178035932432066,-2.442424154441854,-2.91955031403669,-2.8581975758773934,-2.442424154441854,5.737495708186016,0.11243723888297996,3.4075087926271417
untrained,clean,23,6,3.1742953534090157,0.9023737023961718,2.111852963015892,2.8401737403535745,0.8523729725184004,2.099732174283404,-1.9439296481485737,-3.1877286050376923,-2.876825446597697,-1.9439296481485737,5.792278887155379,0.1239679671856897,3.972317206192495
untrained,clean,23,7,2.537726091054393,1.3758194919011277,2.2824622800035748,2.18838795120702,0.39740338883503634,3.259610146508014,-2.106246825151974,-3.5449474732015083,-2.305753193462724,-2.106246825151974,5.84540148655007,0.34530719629486395,4.08446185769296
untrained,clean,23,8,2.3469603146450657,1.3189882867252813,1.3272765639393924,2.458456126399139,1.135961253701478,1.3273667665784163,-1.2747482590264871,-2.36638780126856,-2.4966299385373976,-1.2747482590264871,4.921784146679034,0.1302074255037824,3.777243313156329
untrained,clean,23,9,2.6729057355846426,0.9558391724782416,2.7442505935893884,3.250276495641046,0.2926626994882815,2.4628355611934794,-2.2983703388506225,-2.6899814985667483,-3.3915828755828534,-2.2983703388506225,6.005774756322807,0.2914311275026713,3.9988355449748556
untrained,clean,24,0,-0.5738437696412166,2.6058788758312468,0.5271526248933469,-0.5777908175646704,1.3243638530200972,1.9093159887408182,0.6004181687226122,-1.930604369176157,-0.5203650290383913,0.6004181687226122,2.655889024196245,0.10821833286882876,3.3645255257876863
untrained,clean,24,1,0.5905214503910567,1.5120501947134621,0.0,0.0,0.023081098233646458,1.4467170102849085,0.1514268072148921,-1.876694964249122,0.0,0.1514268072148921,1.469798108518555,0.22587668085539692,1.847101596588844
untrained,clean,24,2,-1.3034414520091617,3.1273349232013428,0.7555795576601145,-1.3001108347987742,2.2712565237499183,1.6719478254627358,1.308253036440017,-1.6789222618894222,-0.7564764683726639,1.308253036440017,2.64309351441388,0.1440742985902097,4.095420849444107
untrained,clean,24,3,1.5960693684138074,0.6755849406685197,1.151159136020143,1.141493960282134,0.013334932965471946,1.7858651972765585,-0.7861782692592421,-2.17243947763943,-1.1614181230224068,-0.7861782692592421,2.9406940905241643,0.08895584444063331,2.2434716657055556
untrained,clean,24,4,1.2288111822378005,0.26815037733444136,1.0215098509528076,1.0121016317563112,0.08043470087170057,1.140664191805847,-0.9421470755466768,-1.3883158215179738,-1.0518714499618391,-0.9421470755466768,2.233200524433859,0.07828413904523646,1.3693375879324188
untrained,clean,24,5,-0.38749266227426604,1.6552425987981523,0.0,-0.36557844655111427,0.4095493895345932,1.0721825859574428,0.503009714694397,-1.1465177683917527,0.0,0.503009714694397,1.1161535289409217,0.12123216813213356,1.7403954117674523
untrained,clean,24,6,-0.7602326993364776,2.0430490122099196,0.0,-0.719327460938934,0.7728086106310652,1.0792791892827522,1.107566519549163,-1.1056973019815015,0.0,1.107566519549163,1.1327603389748835,0.1771190108919405,2.417445869415987
untrained,clean,24,7,0.0,1.7279033279604064,-0.4015183450232833,1.0972498022881634,0.5605032068823106,-0.41688640246501607,0.4992641712195742,-1.1102230246251565e-16,-1.1355252748706401,0.4992641712195742,1.240866606705458,0.19085970806648267,1.9309904859915148
untrained,clean,24,8,0.19301902549295635,0.7681075729136686,0.0,0.0,0.015430919782348784,0.6785543340660187,0.19971274700860464,-0.9558988035208684,0.0,0.19971274700860464,0.6939852538483675,0.0052277948857565315,0.8989257957427287
untrained,clean,24,9,1.0621748775854516,0.9417050837243398,0.5122729548150753,1.364960201812243,0.5171035530278928,0.5439586459005683,-0.09294706393540064,-1.0586945963622232,-1.3856999455037835,-0.09294706393540064,2.4260224007407043,0.07175837425885989,2.4048337110641635
untrained,clean,25,0,0.7567926582438878,1.8139745619986671,1.9887441974522975,0.7509609121055836,1.3853145368451343,2.3820161060635905,-0.7319316696033047,-2.4009208194885416,-1.9949003197207429,-0.7319316696033047,4.518291555014308,0.16369027848556805,3.950050163896571
untrained,clean,25,1,0.2992758714933603,2.700059239168056,0.3196330303167332,0.13602124304615204,0.28444582251400474,2.5899194215442156,-0.1293785210321552,-2.681497318535836,-0.3196330303167332,-0.1293785210321552,3.0103864871043724,0.31783779212558017,3.1988457581977974
untrained,clean,25,2,1.9120804006385148,1.3621050962021908,1.7449906722689776,1.62018357941436,0.03305592140643121,2.914950737295907,-1.609907127314159,-3.1532966746188533,-1.7449906722689776,-1.609907127314159,4.568190238116698,0.12088882222185249,3.0791719330243916
untrained,clean,25,3,2.273066660534012,0.43997874628573186,2.517546053930224,2.354426710360387,0.2495897806648446,2.320226450010317,-2.1122950608929143,-2.389477034359324,-2.673305740591745,-2.1122950608929143,4.924242941035549,0.1678086857988994,2.9797565659415337
untrained,clean,25,4,1.661047535306688,1.1231408326563246,1.8187385083899699,2.608210078135237,0.12486994324353429,1.6261714164469496,-1.5011837401424097,-1.6654920724006503,-2.8288465643643654,-1.5011837401424097,4.359251437825721,0.10858823958796648,2.9666559372712777
untrained,clean,25,5,2.770119810401817,0.9569677690659102,2.1889398862338854,2.8197531700261513,0.730589782919886,2.1510098165584597,-2.078105932979753,-2.809046320450865,-2.843680112238461,-2.078105932979753,5.701352769504497,0.263301033012286,3.8865478695370306
untrained,clean,25,6,2.747771838672379,0.7309048944201475,2.331064583704099,2.912550858645549,0.5253707620965136,2.3193217851667214,-2.270254952736419,-2.756862976291932,-2.9490280409193392,-2.270254952736419,5.757243405908784,0.10385029958535386,3.5908387527577186
untrained,clean,25,7,0.9708337722163907,1.2281363508570817,0.24962647841282815,1.3854136662768437,0.804209195249034,0.2399387860415838,-0.14423163757464597,-0.9709362908928527,-1.400025801930119,-0.14423163757464597,2.4295616475674615,0.07763450866332877,2.3629645186561445
untrained,clean,25,8,2.400031580071193,1.2875804312706025,1.8896929451475537,2.9485365944515967,0.7428188029514908,1.8292116806412677,-1.5389663199771277,-2.4186155458663166,-3.0553702938771945,-1.5389663199771277,5.520567078044355,0.10331911674583871,4.084919874813066
untrained,clean,25,9,0.8579610393643042,1.7226179496885892,1.4683934190079309,0.8532268852151783,0.7793194790047533,2.4113326263551027,-0.6909695988408897,-2.461868415001899,-1.4691896096545993,-0.6909695988408897,4.043878990575035,0.11791438340432592,3.470823775138471
untrained,clean,26,0,0.5259215625795302,1.315117922129704,0.11675082097185463,0.028585594749771737,0.0769096412062189,1.4105668472873472,-0.00293040041011583,-1.7351331991362176,-0.11675082097185463,-0.00293040041011583,1.5160620832433378,0.10590628557301662,1.6190379684062386
untrained,clean,26,1,-0.17859856708052035,2.2452133969689836,0.3363934440152031,-0.1842170303097801,0.615949243832695,1.8970157212163836,0.19888097960341966,-1.9825102514974091,-0.34018911020216425,0.19888097960341966,2.3287479347392983,0.08030891220409286,2.6079378265468107
untrained,clean,26,2,-0.6355843190124506,1.4278616322939102,0.0,-0.5322616648990726,0.6057993183267114,0.6759818759439624,1.4128399224550972,-0.6889111008211176,0.0,1.4128399224550972,0.7495195293716013,0.10336621246034194,2.2657256642870403
untrained,clean,26,3,1.1090058740464062,0.8622550091993326,0.43171011049286845,0.4205066437388356,0.059820517838432785,1.2410187945722846,-0.4769437739020894,-1.751676439822336,-0.43606026696493894,-0.4769437739020894,1.721345956149553,0.2152342869513324,1.459636469198796
untrained,clean,26,4,0.020295208362241635,1.6441817150948728,0.27681559494970664,-4.440892098500626e-16,0.4498824865662838,1.4971587034794704,0.26992066768425005,-1.549633209966026,-0.27776134075050285,0.26992066768425005,1.9470411900457538,0.11389796769029226,2.330859825420296
untrained,clean,26,5,0.1879692498206056,1.3264889443391565,0.0,0.0,0.0023362786053051643,1.247868354964139,0.16324079310309436,-1.4959118525295716,0.0,0.16324079310309436,1.2502046335694441,0.018546341630190533,1.431991768302729
untrained,clean,26,6,-0.7951284027081538,2.663950937959235,0.14485928902719225,-0.7972113939930887,1.071637535410384,1.7183530294207552,0.7952380842273428,-1.7464573653737139,-0.14501727294535383,0.7952380842273428,1.9927791708380505,0.12220718595920554,2.9102244410245985
untrained,clean,26,7,0.512999067796251,1.310364612381647,-0.04374548700485925,1.1780301479585185,0.5738750047611005,0.023817885427117602,0.5302259575732258,-0.512999067796251,-1.1845145349238662,0.5302259575732258,1.7757230381467366,0.08210459045292162,2.3880535861728838
untrained,clean,26,8,1.3752047509309353,0.2758082191811244,2.3028628582325714,1.5890424061278683,0.06732358708099984,1.434695971477123,-1.3499325421453632,-1.4703998576600021,-2.397943662526589,-1.3499325421453632,3.0910619646859914,0.08553230815804014,1.8266617306986683
untrained,clean,26,9,0.22826829204823618,0.9640889310626687,0.2771732949284964,0.08062941695346981,0.14554675079749657,1.0088324543811233,0.5410012377581053,-1.0887144059659453,-0.2730949035678797,0.5410012377581053,1.2350086221320897,0.1077212085055762,1.8837310683957713
untrained,clean,27,0,-0.07580720250747985,2.6883300107251964,1.7670710624587516,-0.07496362475401508,1.985854064955486,2.5436040643965514,0.059320288971144386,-2.5472147824915146,-1.7670710624587513,0.059320288971144386,4.454494504598022,0.06530802572620176,4.579122819295368
untrained,clean,27,1,0.07607512624305668,1.8292177634656028,0.5929450353551884,0.003570434317428095,0.6665499766574983,1.8075125090808846,0.31590658743874833,-1.8475486621515014,-0.5906593663217676,0.31590658743874833,2.477632920055811,0.06002989659057878,2.853569404085138
untrained,clean,27,2,0.3199974161956334,1.8920130433982447,1.0889802436998468,0.2479023312729427,0.956760489498107,2.1139911127425184,0.17841738081393732,-2.1386163645357383,-1.088980243699847,0.17841738081393732,3.318653933513568,0.07339409505813932,3.570465409385645
untrained,clean,27,3,2.1974053482521887,0.3526400871680515,2.2136145225970667,2.071678707031634,0.24597041247311235,2.106555044946938,-1.8212378272356906,-2.3549808688315825,-2.342815598739856,-1.8212378272356906,4.424204164451684,0.06586349044586859,2.668829827661862
untrained,clean,27,4,1.3461661243209115,1.7815239087268004,2.8823206415110474,1.3474198702885274,1.64166146384368,2.867471933646341,-1.2328008000723614,-2.867471933646341,-2.8840410127441145,-1.2328008000723614,5.856553267778548,0.2584977281683041,4.882250195874491
untrained,clean,27,5,1.2469204664751439,0.3717631913797095,1.6206397455285153,1.5622683663958274,0.14409693319649008,1.2481582600126158,-0.7099179210161992,-1.2721983629159017,-1.8291323876344279,-0.7099179210161992,2.954523559604933,0.13799265283303908,2.3825982914217727
untrained,clean,27,6,0.6176344610359097,0.52572384410455,0.9237188245862626,0.5984743494296814,0.3288908079232895,1.118235295740557,0.6933014270438456,-1.1208141443823572,-0.9237188245862626,0.6933014270438456,2.045600453093528,0.022544160758102283,2.7614460408954757
untrained,clean,27,7,1.4686833731594557,0.6658743773336031,1.1777191604807524,1.7174297763323774,0.37025787953487477,1.1713308820362949,-0.989173159636489,-1.4816385439753914,-1.7534763162866698,-0.989173159636489,3.259018537903547,0.07716205071175009,2.3470074289788077
untrained,clean,27,8,0.5270764798026257,1.5046256476416195,0.35233952832806326,1.5975179484976478,0.2814302269744249,0.24214153993875587,-0.12363512045307345,-0.5339726010551447,-1.6984242395378608,-0.12363512045307345,2.121089715410829,0.15164481517930328,2.1490994101370586
untrained,clean,27,9,2.917110820295958,0.8592362024545146,2.496400088106216,2.4425224164466255,0.06132198856691318,3.2619550153801256,-2.378777445358347,-3.6824893781835226,-2.5082500926242663,-2.378777445358347,5.765799420393664,0.08200764004889916,3.4690296150842164
untrained,clean,28,0,1.2956634564023348,0.806027395852178,0.5789512128110998,1.2448554311174969,0.6219874413380908,0.5551661172600468,0.10784858008740494,-1.2961288060152543,-1.2564987566501618,0.10784858008740494,2.4220089897156347,0.12801450240019663,2.6578720722032365
untrained,clean,28,1,0.9911587525612429,1.6750216816958043,-0.10474965093677246,1.414831723146888,1.1537736146847648,-0.11173044240395247,0.48479796709174483,-0.9916168609865459,-1.4256531379581785,0.48479796709174483,2.456874895427701,0.14416078437555013,3.085833646894996
untrained,clean,28,2,-0.42033196140473983,2.1744798945785355,0.18265889611379782,-0.43787329312577983,0.7818144548676906,1.5776278988023855,0.8156020303174265,-1.6205737518383458,-0.18265889611379788,0.8156020303174265,1.9215690605442963,0.1335741813354498,2.8707452721971722
untrained,clean,28,3,-1.1358261443261033,2.6771612000608664,0.1901726385239011,-1.1711150381244642,1.480833561481052,1.3287563249846248,1.3582175919553117,-1.342184542300326,-0.19641146672153695,1.3582175919553117,1.6384748483412126,0.19291168523680127,3.189604125533325
untrained,clean,28,4,0.9531032279047115,1.5325404639042852,-0.22904160423966435,1.0887103435049792,1.230083072994114,-0.26543196575742223,0.7138220255316741,-0.9531032279047115,-1.0988571831103495,0.7138220255316741,2.0533614507416713,0.20464167655427112,2.9718251528276163
untrained,clean,28,5,0.0839746853649801,1.2524807651406038,0.6503072413091422,0.06948393117212248,0.6172630274315591,1.1834763842946723,0.02724572719971885,-1.1971543521107053,-0.6500293177685527,0.02724572719971885,1.870223342898354,0.13957902193546812,2.0370480920335408
untrained,clean,28,6,-0.6274200520939557,2.377600141227545,0.0,-0.6243888122451664,0.7638547572781746,1.5434200586432816,0.9132323476628192,-1.608515622944219,0.0,0.9132323476628192,1.6828860036762898,0.14166446618937023,2.7377828175284793
untrained,clean,28,7,-1.2011634483645186,2.2084327979102536,0.0,-1.2281150657929787,1.2739952232738956,0.926852802727669,1.6212404072511455,-0.9340095306038745,0.0,1.6212404072511455,0.9727329602085859,0.07325981894186051,2.6672331864015915
untrained,clean,28,8,1.833906667064682,1.2646864354144411,0.3816643511607467,1.490791432769547,1.2033371038289413,0.3469683430653885,-0.15267882409458444,-1.839180500245138,-1.4975640258257836,-0.15267882409458444,3.041096879663877,0.14351292756894796,3.03193098313824
untrained,clean,28,9,-0.9246379450684112,2.0326683163012578,0.0,-0.9249697401181689,0.9888537837735343,1.0568741921464784,1.2583332915596186,-1.0743538466160927,0.0,1.2583332915596186,1.1207582358018437,0.033676524616753856,2.412768051978216
untrained,clean,29,0,0.8463099091041788,1.699559449666137,2.1340662034702467,0.834515340978299,1.2991416914618483,2.4450224503352356,-0.6101511707739364,-2.454903945692641,-2.1340662034702467,-0.6101511707739364,4.578679482775383,0.09096541307767447,4.059493725079122
untrained,clean,29,1,-0.851329608337243,2.882937202976262,0.35425554498564704,-0.8307179908709053,1.3544090098385082,1.9245072295770247,1.0107422434600677,-1.9391817290259392,-0.3507518249796243,1.0107422434600677,2.4481982485446276,0.09592958561910259,3.554870077623798
untrained,clean,29,2,1.5639047948135545,1.337118176777897,2.197817056731425,1.5350735571785878,0.9148984322589087,2.578528214128722,-1.2309546811875318,-2.6188703189270535,-2.210046769870546,-1.2309546811875318,5.028500203566218,0.2699229395252769,4.067468461903964
untrained,clean,29,3,0.3320913516029633,2.2307984907746246,1.056868949877373,0.32338582216201894,0.8482656444631425,2.4850792894351503,0.0678036498594734,-2.5020328440675526,-1.0577871461991137,0.0678036498594734,3.6567307560603117,0.05993880198829449,3.7844732079080794
untrained,clean,29,4,1.7094046501848226,1.3208614741476148,1.9931219075307016,1.6904460386057263,0.5106592750507608,2.8189119020654143,-1.6771605739927082,-2.8764708781053656,-1.9939484498703564,-1.6771605739927082,5.020017215721902,0.15296870388741657,3.49582534561661
untrained,clean,29,5,2.3777216149213345,1.702804703293173,0.49618806967085094,2.0729680348456503,1.6727884100908574,0.4737176296030672,-0.4181646480151491,-2.3791291151814766,-2.0773130226739194,-0.4181646480151491,4.2194740745395745,0.12027225002996245,3.921581676554388
untrained,clean,29,6,-0.02524112618200225,1.8607173040607423,1.9429548906687646,-0.022796867219661232,1.7800215507920596,1.7169168296665158,0.3056260124905785,-1.7169168296665158,-1.9452149817859103,0.3056260124905785,3.474141513238914,0.11629925709507871,3.896066782824571
untrained,clean,29,7,1.861774139433206,1.070147254313825,2.4393707523182018,1.8331583543269856,0.6529324984892453,2.7056870025173128,-1.7290576728574596,-2.8054516046872906,-2.4419250844599727,-1.7290576728574596,5.191777855333544,0.1239154569179699,3.586635639394054
untrained,clean,29,8,-0.5528266365070822,2.6849614846077405,0.699198713157708,-0.5482648761844948,1.401680594108873,1.994153280334344,0.6814991644483612,-2.00645531953003,-0.6991987131577078,0.6814991644483612,2.8475689982587222,0.1256795285706287,3.654747691277712
untrained,clean,29,9,1.1470018616144295,1.72358753790677,2.5354762985052766,1.160070724951877,1.5364209597623901,2.627964709465436,-1.0316153228914526,-2.63755248012336,-2.5386392953207255,-1.0316153228914526,5.324456394179704,0.22987392258239003,4.5227149938706415
untrained,clean,30,0,0.1146513285043107,1.6839663627369537,0.25654543218207215,1.560518162029627,0.09114565234412275,0.0,0.0886587850534335,-0.1146513285043107,-1.8276831889499534,0.0886587850534335,1.6516638143737497,0.11282860596907263,1.8531512053962558
untrained,clean,30,1,0.14153626048193324,1.3904875642033854,0.0,0.0,0.11839476599768384,1.2499807886939185,0.2720529693303746,-1.4179550466604827,0.0,0.2720529693303746,1.3683755546916023,0.11406877802483595,1.7544973020468129
untrained,clean,30,2,-0.39445885311410755,1.459192080448662,0.4499130839059,-0.38294577867575197,0.9458985075750102,0.9019453619029096,0.480465721013537,-0.919048719375116,-0.4592868956371865,0.480465721013537,1.4648980908021678,0.13631069622815195,2.081674508043857
untrained,clean,30,3,-0.9110888105402855,2.1597891019216497,0.0,-0.8640683470568311,0.884762752947267,1.1793132749703978,1.3015563193946766,-1.2009286828508536,0.0,1.3015563193946766,1.2000076808608338,0.047771608530510656,2.549335608786021
untrained,clean,30,4,1.3773937751476755,0.7133881097447432,0.8877820059863302,0.8901158656874628,0.0357289875347826,1.5019145389225694,-0.0343879815720447,-2.069354983883108,-0.8757316621247344,-0.0343879815720447,2.427759392144815,0.03347724487090642,2.426848655443677
untrained,clean,30,5,1.8046473943676526,0.2066471753741479,0.8150417168616435,0.8477733193922923,0.0003670057685827288,1.033318171272836,-0.33664737719258664,-1.925904891249326,-0.8541848061719715,-0.33664737719258664,1.881458496433711,0.04624658918214708,1.5910577084232715
untrained,clean,30,6,1.2743207657523414,1.8998594009870566,2.2821198327091556,1.2582946485266397,1.3263873884570359,3.010915790812684,-1.08954641687534,-3.035467605829944,-2.2821198327091556,-1.08954641687534,5.595597827796359,0.13871256090945394,4.644763971830473
untrained,clean,30,7,1.313055575692215,0.6714089551319469,1.576281028426791,1.3133629375445484,0.19692502305121407,1.891332011374443,-0.6296325694446567,-1.9230742468620736,-1.5765635276939154,-0.6296325694446567,3.4016199719702054,0.06110778469496392,2.8330951872205126
untrained,clean,30,8,1.6004481843917593,0.8387021902310732,2.089901812083039,1.585847164335887,0.66511587341415,2.2950689348491258,-1.3464773019715714,-2.3083080714660364,-2.09696292585202,-1.3464773019715714,4.546031972599163,0.1237811893878149,3.3233358600154066
untrained,clean,30,9,0.9638742033250443,0.8166241798317957,0.3267119477491405,0.2790814113709146,0.003544584290580355,1.207473617731505,0.8398399940485435,-1.7451194033483606,-0.3267119477491405,0.8398399940485435,1.490099613393,0.03537897980847915,2.365318587250023
trained,p20_pre,1,0,0.1623145818674313,0.6705829169987169,0.0,0.0,0.024147704201849196,0.6645483128821839,0.3649095686656272,-0.8046499057517806,0.0,0.3649095686656272,0.688696017084033,0.02824759311436753,1.0818531788640278
trained,p20_pre,1,1,0.1035733948152463,1.2376411180646962,-0.3226296608984023,0.7337674363299433,0.5395195291943506,-0.30717374811649967,0.40426629809269565,-0.0952812524934139,-0.8029852362147418,0.40426629809269565,0.9661132174077943,0.12031836327338441,1.4906978787738745
trained,p20_pre,1,2,0.0,0.8105039412046271,-0.2136473486185868,0.518317711144077,0.14593206705708672,-0.15878247146533042,1.0589110082040931,0.0,-0.53337231282691,1.0589110082040931,0.5054673067358333,0.06348427975913029,1.6278625946990566
trained,p20_pre,1,3,0.11206252503128422,0.9188341915938929,0.943930059870662,0.16222498049406764,0.7619779624742795,0.936460815769274,-0.09226932830228751,-0.9573118680233168,-0.9469611545945373,-0.09226932830228751,1.8606637587376211,0.07055375387798524,1.8389481843133189
trained,p20_pre,1,4,0.7410259949683615,0.1718025754975009,0.3707434716306368,0.47045030991459624,0.08972381693913467,0.37860010571811664,0.4723888294010181,-0.7381652013985069,-0.4559593908265261,0.4723888294010181,0.9387742325718476,0.08944744987146608,1.5006105118443318
trained,p20_pre,1,5,0.7555870191889251,0.3712502779904552,0.44564708929086005,0.39961071397130854,0.01953088812016146,0.7055177831458463,-0.04147323896919897,-1.0618990126453407,-0.4225985628283058,-0.04147323896919897,1.1246593852373163,0.08798681099659394,1.1711729572647114
trained,p20_pre,1,6,0.3147473783293584,0.5738271791025784,0.0,0.0,0.00751887199094925,0.6035308519145259,0.26983574813549804,-0.8181989739370958,0.0,0.26983574813549804,0.6110497239054752,0.07037558349484097,0.9512610555358142
trained,p20_pre,1,7,0.5139812669242168,0.3268680878675012,0.2263254329397552,0.3480020085613086,0.15604198732834318,0.40049377259145147,-0.06983039430854188,-0.6741456690657964,-0.4506052298154909,-0.06983039430854188,0.9045377684811032,-0.05757611114981409,0.7771312630227473
trained,p20_pre,1,8,0.0,1.2727782617766457,-0.4375988298086746,0.7214342255722435,0.5064480322844764,-0.43244745514916827,0.6669692356219457,0.0,-0.7896205699712833,0.6669692356219457,0.7954348027075516,0.045558861996687794,1.507962900326185
trained,p20_pre,1,9,0.607653239509248,0.403787367243685,0.5263342954887564,0.5033320650617283,0.06530780503864797,0.8178293987202094,-0.2311917792305649,-0.9512375396392037,-0.5442817087636511,-0.2311917792305649,1.3864692688205857,0.042255653838834784,1.1975331434288556
trained,p20_pre,2,0,0.028600005716471033,0.7107599379502471,0.7974191661307677,0.7971943892076512,0.002688639866962106,0.029833873330798566,-0.0066824742795592584,-0.035406056880089576,-1.3670492426712981,-0.0066824742795592584,0.8297169024054118,0.13432381024609819,0.9573582383719508
trained,p20_pre,2,1,0.7574128083191123,0.5177441189176544,0.16340385064515595,0.1355272133427543,0.013418443201216546,0.7225462283952271,0.19308075522046142,-1.1943609507293225,-0.16340385064515595,0.19308075522046142,0.8714918849391979,0.0807959765074443,1.1453686166671035
trained,p20_pre,2,2,0.17238815684630127,0.09436305448661408,0.35078514372619374,0.3087809519898148,0.030043423045334583,0.13991315218376832,0.4825322910234365,-0.17238815684630127,-0.4066344845989873,0.4825322910234365,0.4787375272189177,0.0385137136138205,0.9997835318561747
trained,p20_pre,2,3,0.1875731473148063,0.33825903294314585,0.5427086680392204,0.20852664519692626,0.18875091259277865,0.473688634359964,0.7808266392898202,-0.47368863435996394,-0.5089696659531997,0.7808266392898202,0.870966192149669,0.08588254798400885,1.737675379423498
trained,p20_pre,2,4,0.7619100186497159,0.48771464347820626,0.3771873658370086,0.7072664904166832,0.3694164878215822,0.362351958068751,-0.21038791482466213,-0.7694791908089408,-0.7836886984900892,-0.21038791482466213,1.4390349363070163,0.0736441386659008,1.302291160148255
trained,p20_pre,2,5,-0.12317408959635634,1.1777493535378334,0.0,-0.12526087790645324,0.26461084625004394,0.8499167546386266,0.2072244980348188,-0.9427987466000072,-2.7755575615628914e-17,0.2072244980348188,0.9892667229822173,0.11177651734146973,1.308267738358506
trained,p20_pre,2,6,0.1469516710732669,1.0205106589933564,0.0,-2.220446049250313e-16,0.05036197484694549,0.963827760099693,0.35221643340940023,-1.1126519998134665,0.0,0.35221643340940023,1.0141897349466382,0.05481033025315685,1.4212164986091953
trained,p20_pre,2,7,0.7232325225104603,0.9265214951397835,0.29694313417039053,0.20407091375484931,0.07347150869777286,1.1429269064519068,-0.1338159729141566,-1.4601468818549166,-0.30069592899326847,-0.1338159729141566,1.420469328904529,0.18585434097244935,1.4725076969628217
trained,p20_pre,2,8,0.13837306775939773,1.0674337036921298,0.0,0.0,0.0698786422780393,0.8829660536228653,0.22482689755662877,-1.1721002282406527,0.0,0.22482689755662877,0.9528446959009046,0.03370654321087474,1.2113781366684082
trained,p20_pre,2,9,0.09467896006164511,1.0687750105290499,0.0,0.0,0.02652437717056433,0.9140306705168096,0.15708144600839802,-1.107246521361868,0.0,0.15708144600839802,0.940555047687374,0.05620744922882692,1.1538439429245988
trained,p20_pre,3,0,0.5877721866892156,0.6076641896058395,0.6059794698523797,0.9326685190115558,0.1987542083282714,0.4525201905086258,-0.37556855970587644,-0.6045876384121405,-1.068728110179428,-0.37556855970587644,1.583942917848453,0.12810009755586638,1.336474455698443
trained,p20_pre,3,1,1.0826825268891538,0.50651213465986,0.4768154460851609,0.8925891082340092,0.4370169416312468,0.47236885700770204,-0.45407035683397057,-1.1026071565296984,-0.909255554538054,-0.45407035683397057,1.801974906872958,0.05414739656642242,1.4020519466054098
trained,p20_pre,3,2,0.0,0.7145331771250316,0.30316850105891113,0.5687805533621235,0.046853874362157155,0.0,0.4970018831047387,0.0,-0.9458869457830705,0.4970018831047387,0.6156344277242807,0.07181473240087222,1.1844510432298916
trained,p20_pre,3,3,0.03866161930570755,0.6860376432541799,0.4391528042174634,0.0,0.38889274224955817,0.6040129443585625,0.00896863038471385,-0.7125869486354774,-0.45282783253924697,0.00896863038471385,0.9929056866081206,-0.0015627143973735436,1.000311602595461
trained,p20_pre,3,4,-1.3157302065629697,2.414910131206802,0.5147163324861954,-1.3229274742240236,1.9218501832413302,0.9824061315013457,1.6275953737392292,-0.9778366364253056,-0.49521200916272523,1.6275953737392292,1.5813288405186523,0.1408476115419971,3.3497718257998783
trained,p20_pre,3,5,-0.7559585994284395,2.054488230028472,0.6893655328043358,-0.7666279007879007,1.4893238259195294,1.2176043690822445,1.9302879305043072,-1.2176043690822445,-0.6746685274726034,1.9302879305043072,1.9403002942138732,0.09562226684952035,3.966210491567701
trained,p20_pre,3,6,0.18294883497719283,0.6294121431930242,0.3493070059410295,0.7316575157620192,0.10793047510402831,0.09187423579946641,-0.07474633544267428,-0.17297767813885034,-0.8851435598041582,-0.07474633544267428,0.9314622266655139,0.103546746168238,0.9602626373910776
trained,p20_pre,3,7,1.293971104269439,0.27924224520917384,1.5111978681342952,1.3529362123766604,0.15746315627923146,1.3853377213433675,-1.1732572668418468,-1.4376388277909982,-1.631552315117839,-1.1732572668418468,2.895737089999259,0.015220074704071163,1.7376998978614835
trained,p20_pre,3,8,-0.8366459081397166,1.6981271128105642,2.220446049250313e-16,-0.8274030935209834,1.002517466872212,0.7121536440798975,0.8949912410853282,-0.7333127322128757,-1.1102230246251565e-16,0.8949912410853282,0.8872680174311262,0.12816847245797192,1.9104277309744262
trained,p20_pre,3,9,0.6108572308551268,0.5189043583658014,0.4975253337358925,0.36797045692137464,0.07680613498126121,0.8825779221791512,-0.08803093235139148,-1.0055884157807202,-0.4975253337358925,-0.08803093235139148,1.327354514081787,0.124173173440208,1.3634967551706036
trained,p20_pre,4,0,-0.06025542451355559,1.3452646973954308,0.0,-0.10264056472360994,0.17797781168435378,0.9975236202335614,0.31893136495108276,-1.1579859361882652,0.0,0.31893136495108276,1.0728608671943052,0.12702333669361,1.518815568838998
trained,p20_pre,4,1,-0.7184023943876592,1.8706153875736664,0.0,-0.7464230326322803,0.7363260972238859,1.111901060748095,2.077610392453076,-1.1273441596873888,0.0,2.077610392453076,1.1018041253397006,0.02486883349861846,3.2042833512913953
trained,p20_pre,4,2,0.4586673514923115,0.4154953575143977,0.7753519926113126,0.5986859734429133,0.1984683760810837,0.3625363749553576,-0.2866647695302649,-0.5425117484905521,-0.9729845693144837,-0.2866647695302649,1.1596907244793546,0.13401838381298614,1.0070443387620758
trained,p20_pre,4,3,0.3127731717078337,0.38183166902046484,0.27593965293593126,0.18588496207673622,0.13671294053732042,0.45698742363321965,-0.0038610625336823468,-0.5904201627093879,-0.28805072073160254,-0.0038610625336823468,0.7795853262472763,0.09207361022323934,0.8677978739368333
trained,p20_pre,4,4,-0.16983522391667982,1.1103557399809423,0.1022472660738234,-0.1592432808185935,0.4709038403247938,0.8265190937878242,0.3611172269216367,-0.8405062758527398,-0.10224726607382367,0.3611172269216367,1.1381796532940245,0.10001424021152233,1.5993111204271835
trained,p20_pre,4,5,0.23703883979969054,0.6631885673374827,0.0,0.0,0.01107194047461757,0.5057723927466866,0.061490237882995125,-0.8983287752838893,0.0,0.061490237882995125,0.5168443332213042,0.001898631853283872,0.5802332029575832
trained,p20_pre,4,6,0.18683092189984585,0.6627431000873678,0.06400230209265023,0.0,0.12583301581158213,0.5360320986300748,0.11959193279446989,-0.6922944077674973,-0.07342900211309988,0.11959193279446989,0.661865114441657,0.14785291419926672,0.9293099614353936
trained,p20_pre,4,7,0.020118994452323458,0.8414503461963572,0.0,-0.000532875169057534,0.05584399001956264,0.5826200151829155,0.22410733116918724,-0.7954407559740554,0.0,0.22410733116918724,0.6379311300334206,0.06612858467462523,0.9281670458772331
trained,p20_pre,4,8,0.25515161289582067,1.245688107292188,2.220446049250313e-16,0.0,0.07359396298106025,1.203724299647716,0.2902014855407211,-1.3896441376220277,0.0,0.2902014855407211,1.2773182626287762,0.11119558256598117,1.6787153307354785
trained,p20_pre,4,9,0.0,1.2061715441570982,-0.2597445488935862,0.7805614606919652,0.36233277565728295,-0.2725332137345742,0.4751888733478764,0.0,-0.8636489595059647,0.4751888733478764,0.8703610226146741,0.08277803575754727,1.4283279317200979
trained,p20_pre,5,0,0.11632361085385046,0.7106909250227329,0.0,0.0,0.06933584014392791,0.5846359380434709,0.06024323174344637,-0.7748269617774026,0.0,0.06024323174344637,0.6539717781873988,0.052187574099180734,0.7664025840300259
trained,p20_pre,5,1,0.4274357471673156,0.08727010289849835,0.20621370044933918,0.20621370044933918,0.0009169226705014744,0.32253444278448384,0.8251494955378029,-0.47886113718556533,-0.18742751910983418,0.8251494955378029,0.5296650659043245,0.05463089421975359,1.409445455661881
trained,p20_pre,5,2,0.13237408224259228,1.513365909829763,-0.5833026517408904,0.809974767363371,0.8527299882120944,-0.5591234675209095,0.9126460178097542,-0.1292806574141977,-0.8208071197815161,0.9126460178097542,1.103581288054556,0.11234956313575106,2.128576869000061
trained,p20_pre,5,3,0.21655443163463595,0.5414725229229187,0.46960164581859265,0.6268043612194909,0.10709153410197536,0.21803680703589534,-0.14104229765035536,-0.2619149065980245,-0.8576334465898405,-0.14104229765035536,0.9519327023573616,0.10808024718828213,0.9189706518952884
trained,p20_pre,5,4,0.16149408207938154,0.5677413719039018,0.23119786282914223,0.06562038922926683,0.2571716484687281,0.5158207778540871,-0.023537485643564615,-0.6121085835309389,-0.2504048734255069,-0.023537485643564615,0.838612815552082,0.09791985985597984,0.9129951897644972
trained,p20_pre,5,5,0.2793468992969309,0.6161488205039449,0.11375943223397611,0.041287981518425276,0.1418881796066085,0.5440994252185672,-0.012796611680888414,-0.7441392567690335,-0.16777340401408647,-0.012796611680888414,0.727275586343601,0.09734249125173189,0.8118214659144445
trained,p20_pre,5,6,0.41868099629305644,0.5324215639810204,0.20245694636985323,0.5556917648109925,0.3221446478046739,0.10950990234076219,0.07124203584121847,-0.4163359997763051,-0.6423025889674828,0.07124203584121847,0.9873463149564286,0.09492091790014201,1.153509268697789
trained,p20_pre,5,7,0.6784655783758751,0.34929047831281235,0.5793789775917128,0.5338171201627034,0.19062368080714753,0.6885523799539525,-0.4168932195153827,-0.8683426158564129,-0.6429010879944479,-0.4168932195153827,1.4129931809238034,0.09589133042953946,1.0919912918379602
trained,p20_pre,5,8,-0.47959215401990885,1.1473364969176687,0.0,-0.3989219398569547,0.420598176272878,0.6013185134889618,1.0448128253843216,-0.6175057118697667,0.0,1.0448128253843216,0.6229947499048851,0.0502386310279932,1.7180462063172
trained,p20_pre,5,9,0.772866473502364,0.4678535176934515,1.202389949828368,0.79508431220047,0.3411690434447494,1.1025613577163178,-0.742352028660517,-1.1419289128715082,-1.2461921500471353,-0.742352028660517,2.2388147133615375,0.054988878105540095,1.5514515628065606
trained,p20_pre,6,0,0.48712110856971647,1.318229576411024,0.2045905411597131,0.14853657798621978,0.025230148723875967,1.41696280603317,-0.14718220441257035,-1.6057007337792066,-0.20626984141141458,-0.14718220441257035,1.5907295327432658,0.19797065094983224,1.6415179792805277
trained,p20_pre,6,1,0.868863198746039,0.3328135041658222,0.828768888883777,0.9438136395802563,0.18414438403773348,0.7149347891982525,-0.5946044415163558,-0.9381149422464535,-1.056947781912289,-0.5946044415163558,1.8428928128162423,0.03538286763689569,1.2836712389367821
trained,p20_pre,6,2,0.6869120336665572,0.5810584536368013,0.6187445079328875,0.47835012399896626,0.09667277275960195,1.0701412117882807,-0.15212930807713265,-1.2036417985621746,-0.61074147550385,-0.15212930807713265,1.645164108546849,0.07233172117022146,1.5653665216399377
trained,p20_pre,6,3,-0.09588983763259251,0.488729043169674,0.0,-2.220446049250313e-16,0.13113933111966092,0.2522577700996125,0.6727245848421008,-0.26776185471481706,0.0,0.6727245848421008,0.3833971012192732,0.12507735082226445,1.1811990368836385
trained,p20_pre,6,4,0.024956144106473177,1.1567229567801471,0.0,-2.220446049250313e-16,0.010648518751593894,0.8728785453296388,0.03573230860515175,-1.1046884261035572,0.0,0.03573230860515175,0.8835270640812325,0.0769906747830631,0.9962500474694473
trained,p20_pre,6,5,-0.04167483142725792,0.7563784462185188,0.0,-2.220446049250313e-16,0.05928607228578109,0.5690255042794337,0.28106346928550185,-0.7274192364144476,0.0,0.28106346928550185,0.6283115765652145,-0.012715621623186735,0.8966594242275296
trained,p20_pre,6,6,0.8202703889733497,0.4558750685548385,0.9460332908637898,0.7048159865050377,0.2465084137384026,1.0861073817536637,-0.46537852412580705,-1.1893468677585628,-0.9631887028791462,-0.46537852412580705,2.037431781997104,0.0696431777542692,1.6416964356255663
trained,p20_pre,6,7,0.8846186153142839,0.29708906813402414,0.4444528117592108,0.5822900583524105,0.14856187920176978,0.6151765468261146,-0.43304645629278804,-0.9852081113641546,-0.6031110662013532,-0.43304645629278804,1.346028484380295,0.03784131764201093,0.9508233457295179
trained,p20_pre,6,8,0.23930084415627562,0.5553573133099892,0.3824792834053774,0.18864375888189677,0.1564364553829185,0.6980291927260267,0.409102495706652,-0.7358287848986318,-0.35958976542634535,0.409102495706652,1.043109406990842,0.08171889054666504,1.533930793244159
trained,p20_pre,6,9,-0.06157318345987606,0.9251424474799904,0.5791980196119846,-0.06576260194531958,0.7542518611461622,0.7358550354666109,0.39328424425190445,-0.7436601239336107,-0.5791980196119846,0.39328424425190445,1.4243442946674536,0.11990914008650377,1.9375376790058618
trained,p20_pre,7,0,0.2471703137526553,1.0085012573778829,0.6923915249310357,0.16641882403388664,0.553025187266748,1.0675629281905423,-0.03083739102031746,-1.1137791331178042,-0.6996494042930493,-0.03083739102031746,1.787006939491177,0.13463455865072038,1.8908041071215798
trained,p20_pre,7,1,0.3885268748753099,0.17182160017159143,0.35323133807295815,0.36012478000480375,0.09171314174463996,0.3162931580032535,0.1673413346764061,-0.4304976359557262,-0.4214052156769126,0.1673413346764061,0.7681310797526972,0.06167696148722068,0.997149375916324
trained,p20_pre,7,2,-0.9912704313953569,2.0890116023134135,0.0,-1.013963860498872,1.1086516826834305,0.9240005239463747,0.9983626646676544,-0.9343670656106999,-2.7755575615628914e-17,0.9983626646676544,1.018688346130933,0.16337410530735672,2.180425116105944
trained,p20_pre,7,3,0.030117834655513764,0.9643790226944499,0.4674073285549275,4.440892098500626e-16,0.4584328889990661,0.8777993633838341,0.2888689772095061,-0.8989905924213044,-0.4674073285549275,0.2888689772095061,1.3362322523829007,0.09550626492865921,1.720607494521066
trained,p20_pre,7,4,0.8663246551632515,0.089244052284432,0.9801514339550028,0.9264361186175281,0.006909047573514515,0.8283838670609154,0.4901451966674175,-0.8762716380660038,-1.0285490663620251,0.4901451966674175,1.761729033251958,0.030899436974657357,2.282773666894033
trained,p20_pre,7,5,0.1757849718324178,0.20609983613236083,0.42577294448708813,0.17485715597156637,0.11328559754371637,0.34026573566096685,0.28536136893999076,-0.34696065586376523,-0.40227949917871764,0.28536136893999076,0.6284084891762496,0.0584175974093839,0.9721874555256242
trained,p20_pre,7,6,0.0,0.7304926205906113,0.17656712603483427,0.6781448768862082,0.028408143555672893,0.0,0.3737938141261412,0.0,-0.8950127084104049,0.3737938141261412,0.7065530204418811,0.012047038215040606,1.0923938727830629
trained,p20_pre,7,7,1.1286496349385333,0.22120112275828685,1.2619404152665707,1.169555218318673,0.06946364169221542,1.1163309996590445,-0.8042174828777058,-1.18384937121536,-1.3481156896284527,-0.8042174828777058,2.355349859669933,0.07982611211957824,1.6309584889118054
trained,p20_pre,7,8,-0.3790546608639659,1.1975522321148009,0.0,-0.3817467936808736,0.4096692412425019,0.7328857784519905,0.44931762360205796,-0.7772579708477916,0.0,0.44931762360205796,0.7608082260136189,0.04123960040304342,1.2513654500187203
trained,p20_pre,7,9,0.059200270143406675,0.8793082967095742,0.02587395669614123,0.0,0.10102773063452375,0.7665452513299493,0.010400892443168885,-0.8213848495930436,-0.02587165459692875,0.010400892443168885,0.8675729819644731,0.11712601935914979,0.9950998937667918
trained,p20_pre,8,0,0.1500143668088152,0.8374371752576701,0.1889463110525439,0.0,0.21944373258952754,0.735498552844025,0.22025505109044152,-0.8239384261771276,-0.1847996396458813,0.22025505109044152,0.9549422854335525,0.16765978729602038,1.3428571238200144
trained,p20_pre,8,1,0.9295114556423485,0.3973526052421039,0.3446640184818286,0.4406925003179991,0.014270696200124111,0.6008238579490053,-0.23037798419669597,-1.1482226775860616,-0.4486532274832441,-0.23037798419669597,1.0557870544671286,0.07465217429697535,0.900061244567408
trained,p20_pre,8,2,0.20946673023039852,0.7909175847303787,0.7485378066574868,0.9906704262548531,0.017240271416427033,0.14534901172012926,-0.029980032027244974,-0.20465260910111877,-1.4526420975536611,-0.029980032027244974,1.1532597093914094,0.09162741496348414,1.2149070923276486
trained,p20_pre,8,3,0.6560952488997667,0.9006690542458708,0.0,0.0,0.0204312232570536,0.9476865104412768,0.03657633076794742,-1.4345388494056037,0.0,0.03657633076794742,0.9681177336983304,0.1222254537400338,1.1269195182063116
trained,p20_pre,8,4,1.0266441770281858,0.3232250255190916,0.39216406348669175,0.40752185881406233,0.0018984586970727246,0.676037831066175,-0.37774361101812515,-1.211994550209723,-0.40497372713205526,-0.37774361101812515,1.08545814857731,0.12506498869219107,0.832779526251376
trained,p20_pre,8,5,1.128561776399623,0.5512597889601283,0.025670290254216743,0.5119952387308162,0.5022364589206703,0.024216794935055574,-0.013123297884467089,-1.1283189147398482,-0.5100611628867485,-0.013123297884467089,1.038448492586542,0.06711177798737122,1.092436972689446
trained,p20_pre,8,6,1.7192108747182107,0.9995631962868665,0.07191288108931793,0.9874732326725215,0.9072898998775167,0.12081579971248235,-0.06614072344521915,-1.7244887901290586,-0.9963046808518883,-0.06614072344521915,2.0155789322625206,0.0698934811134484,2.01933168993075
trained,p20_pre,8,7,-0.5247567751312627,1.3401438950305045,0.0,-0.5227523811252891,0.5855445152940044,0.7306816352294834,0.7434363837421027,-0.7410163445503645,0.0,0.7434363837421027,0.7934737693981987,0.07437077534887726,1.6112809284891787
trained,p20_pre,8,8,0.42497647326270105,0.7749309288776329,0.23855288465355828,0.8933862568542643,0.33651527070617915,0.16829852186225058,-0.16127557076172305,-0.41927075301230743,-0.9047155577852053,-0.16127557076172305,1.398200049422694,0.11447397599637954,1.3513984546573505
trained,p20_pre,8,9,0.0,1.3819984311763243,-0.5343629504226173,0.7074422717205952,0.5734104181425599,-0.5616067511338563,0.5669979957819256,0.0,-0.7552448885916296,0.5669979957819256,0.7192459387292987,0.09239059216207735,1.3786345266733016
trained,p20_pre,9,0,0.48422024941189235,0.5889897628955382,0.5029879998686799,0.2819173142207816,0.1352471943890634,0.8402155312847133,-0.23832997148095414,-0.973869031149853,-0.506467615611945,-0.23832997148095414,1.2573800398945583,0.09586136541431256,1.1149114338279167
trained,p20_pre,9,1,0.20714986865393348,0.39863570034640894,0.7283557367682838,0.6745985942358286,0.0025813253988742346,0.22099350306556964,0.4570381663592551,-0.2085938084060277,-1.0939834463389948,0.4570381663592551,0.8981734227002725,0.03156405102360371,1.3867756400831313
trained,p20_pre,9,2,0.5330311332238786,0.42542641431819517,1.832353691861143,0.730404525262454,0.2557476846126745,0.7212196280954639,-0.5285291268554619,-0.7212196280954639,-1.9078792162674132,-0.5285291268554619,1.7073718379705924,0.16171239504033963,1.3405551061554701
trained,p20_pre,9,3,0.7489682810705198,0.6128923841214702,2.1491415570325274,1.3254328744530137,0.023791415501616342,0.773496356161854,-0.6796637229715463,-0.7749028576324388,-2.634351620379789,-0.6796637229715463,2.122720646116484,0.1017477442122896,1.5448046673572273
trained,p20_pre,9,4,-0.22790680625515458,1.6506473375088504,0.6524588894974923,-0.2155239993585396,0.8803182682200204,1.3089672486320825,1.0342274343023323,-1.3193508788895925,-0.6524588894974919,1.0342274343023323,1.9737615174935632,0.1033896523641038,3.1113786041599996
trained,p20_pre,9,5,-0.0560756873529471,1.029183049172247,0.0,-0.05657203702689473,0.13442362329663182,0.6993334383535119,0.10318046642262413,-0.8643694421435263,0.0,0.10318046642262413,0.777185024623249,0.10873791967577351,0.9891034107216466
trained,p20_pre,9,6,0.10462584620019733,0.283718671434269,0.0,0.0,0.02070960358331897,0.32272072386616424,1.2474434708822089,-0.36121633160673783,0.0,1.2474434708822089,0.3434303274494832,0.027128186027728485,1.6180019843594207
trained,p20_pre,9,7,-0.67763979235877,1.4642853135097162,2.1919667543787,-0.6298562377198318,1.404569996417809,0.7371397483034148,1.2500343444866644,-0.7279294608089085,-2.1919667543787003,1.2500343444866644,1.511853507001392,0.05871606034203758,2.8206039118300943
trained,p20_pre,9,8,-0.30403898765629944,1.432244617539984,0.0,-0.3231538815670564,0.3971222474279337,0.9849867013310556,0.44958927587135467,-1.0547575909162452,0.0,0.44958927587135467,1.058955067191933,0.07344803896743946,1.5819923820307271
trained,p20_pre,9,9,0.25835404522794847,0.522031317496275,0.9160636148760846,0.26959115181920335,0.4643497325484667,0.7434662510811809,0.3074265110289369,-0.7437185472470816,-0.9160636148760846,0.3074265110289369,1.477407135448851,0.03666681547714179,1.8215004619549298
trained,p20_pre,10,0,0.0,0.7786949975667299,0.0,0.4782231069135334,0.1274033060304367,0.0,0.32646187737658405,0.0,-0.630446016318034,0.32646187737658405,0.6056264129439701,0.1482489812486959,1.08033727156925
trained,p20_pre,10,1,0.42416279611188423,0.2805946187054307,0.3915529667629478,0.4142188937755831,0.1855295643602637,0.30830349199232226,-0.1314511512516856,-0.4410273227267773,-0.5205540606579186,-0.1314511512516856,0.908051950128169,0.13472899819556683,0.9113297970720502
trained,p20_pre,10,2,0.5440381867665629,0.42125721782192294,0.378787395887374,0.6641923332329582,0.24864012995833074,0.33716919599931305,-0.24976625057466606,-0.5510359555323565,-0.7272138382673847,-0.24976625057466606,1.250001659190602,0.06583300667611858,1.0660684152920545
trained,p20_pre,10,3,-0.014487174072556286,0.7566711409486666,0.0,-0.04268447390930852,0.09574978954241309,0.45408308666488734,0.21326098671358618,-0.6042505422358582,0.0,0.21326098671358618,0.507148402297992,0.13793342464025216,0.8583428136518303
trained,p20_pre,10,4,0.653759439146635,0.24891410656494672,0.43386821929480424,0.5180590693622148,0.11162956667855306,0.4662253659110849,-0.1497231431706414,-0.7199285200631321,-0.577812081016477,-0.1497231431706414,1.0959140019518527,0.038801163926776905,0.9849920227079882
trained,p20_pre,10,5,0.01278514410297249,0.9466764930830314,2.220446049250313e-16,0.0,0.18006652356489716,0.7408051174375875,0.371371709291906,-0.8493647113147238,-1.1102230246251565e-16,0.371371709291906,0.9208716410024846,0.11009692587128017,1.402340276165671
trained,p20_pre,10,6,0.6292757969105833,0.3939145385217932,0.6299262524892645,0.7144463043093494,0.22265212621570085,0.5146642769302636,-0.38774848661347194,-0.7076608957085466,-0.8824574738855685,-0.38774848661347194,1.4517627074553139,0.06299821832752583,1.1270124391693677
trained,p20_pre,10,7,0.33592727024558056,0.82693675776055,0.05975780998868552,1.1102230246251565e-16,0.10716568755878886,0.781534420668121,-0.006789021307565424,-1.0041232514376457,-0.06835218616342233,-0.006789021307565424,0.8887001082269099,0.15014640039374816,1.0320574873130925
trained,p20_pre,10,8,0.0,0.775845257611172,-0.2725790237506751,0.41093489461501154,0.38328326137706803,-0.2726982773903883,0.5677516361677379,0.0,-0.41713066613118266,0.5677516361677379,0.5215198786016912,0.08613556772931419,1.1754070824987433
trained,p20_pre,10,9,0.13422257341915067,0.8254294719557975,0.0,0.0,0.017663128758032443,0.6718359633461657,0.16276808120407482,-0.9904990009326893,0.0,0.16276808120407482,0.6894990921041981,-0.030846955557741085,0.8214202177505319
trained,p20_pre,11,0,0.31253695558405586,0.38904202374709995,0.6948778142472906,0.3457474168950119,0.26015238663130824,0.5586572959136362,-0.1434711184280939,-0.6214116116691369,-0.7197389804997343,-0.1434711184280939,1.1645570994399563,0.055306201409574984,1.0763921824214373
trained,p20_pre,11,1,-0.15021960895353037,1.3439231980590545,0.0,-0.10144084360660655,0.2623744896254572,0.9712322450577637,0.21799653846448086,-1.096359791728369,0.0,0.21799653846448086,1.1321658910766144,0.09734379737715515,1.4475062269182504
trained,p20_pre,11,2,0.21736972335090465,0.9897547176918429,0.45277129474895483,1.0269017253433632,0.08224063071752075,0.14965763125666864,-0.1261325146808332,-0.2299376083821385,-1.3067369149299015,-0.1261325146808332,1.2587999873175526,0.12322121247966233,1.2558886851163817
trained,p20_pre,11,3,0.08899897476416085,0.49858592201311835,0.4494324357187288,0.5522124178596254,0.057945220824396904,0.07642387218930846,0.053026464311929145,-0.10245838523767459,-0.8351359834853243,0.053026464311929145,0.6865815108733307,0.0994229637730093,0.8390309389582692
trained,p20_pre,11,4,0.108841602986673,1.090411878571767,0.017612176136395874,0.0,0.14944548774844812,0.8697076082446036,0.008670010707904074,-1.0981037916880754,-0.011732332281482183,0.008670010707904074,1.0191530959930517,0.10702953372527824,1.134852640426234
trained,p20_pre,11,5,0.0,0.3024480129356406,0.3539011632342295,0.253086319512666,0.033508013897349365,0.0,0.3256765477938044,0.0,-0.6021148051235717,0.3256765477938044,0.2865943334100154,0.05423437104629836,0.6665052522501181
trained,p20_pre,11,6,-0.7780439629742528,1.4352202610944294,0.0,-0.7670913451982262,0.8613170101669445,0.584184132581381,0.7670463822097324,-0.5948121750041282,-2.7755575615628914e-17,0.7670463822097324,0.6784097975500993,0.0623641231160483,1.50782030287588
trained,p20_pre,11,7,0.924293590893824,0.1711167480274831,0.6752426441272648,0.6603206085565254,0.04304880259524868,0.7905250651555424,0.02734302110631326,-1.0625656983407734,-0.6815106760001055,0.02734302110631326,1.4938944763073165,0.026576608707693072,1.5478141061213229
trained,p20_pre,11,8,0.0,1.0913002947271433,0.0,-2.220446049250313e-16,0.038117586945892734,0.8554412791511792,0.3383256017498981,-1.0415186098487477,0.0,0.3383256017498981,0.8935588660970717,0.04978168487839563,1.2816661527253654
trained,p20_pre,11,9,0.3643727609807066,0.26139896781235594,0.6093433438726792,0.3055625848933965,0.17791996896419884,0.5648253822344642,0.2623740071002132,-0.5644735586458028,-0.6057159993377814,0.2623740071002132,1.0483079360920595,0.06492551468215757,1.3756074578744304
trained,p20_pre,12,0,0.4482797788004671,0.300067860786978,0.7454843254148942,0.4597197380811794,0.16102203910177115,0.5822147229341166,-0.3192379353657384,-0.6164270162346227,-0.8031706431550294,-0.3192379353657384,1.2029565001170672,0.07423430561268718,0.957952870364016
trained,p20_pre,12,1,0.4864555706504894,0.5546156626770747,0.4863238357166457,0.33796660606231343,0.13710663607797002,0.8609787790818724,-0.31274459842535984,-0.9235416669972039,-0.49850814907738583,-0.31274459842535984,1.3360520212221558,0.10534525296962005,1.128652675766416
trained,p20_pre,12,2,1.0984521819092241,0.27825080750570375,0.7553064367306995,0.8855993279757759,0.1544980903294797,0.8083369709183614,-0.48073277393910363,-1.162073018740881,-0.9494162158771622,-0.48073277393910363,1.848434389223617,0.02052019152758411,1.3882218068120975
trained,p20_pre,12,3,0.37981874777183167,0.670597313547908,0.2379459047632263,0.158322445611214,0.08905870144498484,0.8143889092557056,0.05602245605006129,-0.9822662636275922,-0.2279805049828737,0.05602245605006129,1.0617700563119046,0.07811519747250029,1.1959077098344661
trained,p20_pre,12,4,0.6432801167153435,0.7629154218138698,0.5598538591572237,1.0848260904063336,0.21384224494417636,0.4309830334515985,-0.3474755459176073,-0.6428508757814133,-1.1508890221749544,-0.3474755459176073,1.7296513688021085,0.17230949973006937,1.5544853226145705
trained,p20_pre,12,5,-0.02438743654239539,0.2852791705268023,0.0,0.0,0.04935274344489027,0.1332247250638241,0.6437635680693674,-0.1369637678705804,0.0,0.6437635680693674,0.18257746850871437,0.1239279661138265,0.9502690026919083
trained,p20_pre,12,6,0.8454039070593471,0.592158340844301,0.8492880764359625,1.2378101142301627,0.17986041083103776,0.7145201599305255,-0.6732692750305871,-0.8454039070593471,-1.3126455965889925,-0.6732692750305871,2.132190684991726,0.12880082069127097,1.58772223065241
trained,p20_pre,12,7,0.686493641365015,0.19363138856177664,0.8877336499113267,0.7397967719087045,0.09227165044630636,0.7470645530942461,-0.28067717226878974,-0.8076811952403398,-0.9284408678229322,-0.28067717226878974,1.579132975449257,0.031736616774846405,1.3301924199553135
trained,p20_pre,12,8,0.17514651131035786,0.6191293430126577,0.6817681358863754,0.7850556120764066,0.00482363818492626,0.14410160697000585,-0.1250294867037809,-0.1709925245326156,-1.1985106277940716,-0.1250294867037809,0.9339808572313387,0.10654083788270374,0.9154922084102616
trained,p20_pre,12,9,0.7255025988245678,0.2990032534116258,0.6486378963192141,0.7859539861196689,0.14021995911128915,0.5719724688032727,-0.4505889174128104,-0.7733571659800943,-0.8662235686157,-0.4505889174128104,1.4981464140342307,0.033563013959613364,1.0811205105810338
trained,p20_pre,13,0,0.5667553753030705,0.5615262946063421,0.6256926387744546,0.5360922167568036,0.2634824992149176,0.8870020569313335,-0.4290797134308577,-1.0059135697648602,-0.6697163785564102,-0.4290797134308577,1.6865767729030547,0.07834436036259684,1.3358414198347939
trained,p20_pre,13,1,0.0,0.6935899904783327,0.5418652528271135,0.6680592164570955,0.012445811799711048,0.0,0.00011721743316650546,0.0,-1.140314329861082,0.00011721743316650546,0.6805050282568066,0.09514091344436415,0.7757631591343372
trained,p20_pre,13,2,1.0110975278591092,0.41998460353494016,0.6437824061821622,0.9072706230053948,0.30057495900415576,0.6491928940646856,-0.5102153995455336,-1.0273672563231337,-0.9379775232228897,-0.5102153995455336,1.8570384760742362,0.10951975803018832,1.456342834558891
trained,p20_pre,13,3,0.14665175448055912,0.566912663721626,0.2622102354722251,0.02147274157158796,0.2508191786074234,0.6015633350192622,0.37641716639702727,-0.6265185193278492,-0.24377024882284504,0.37641716639702727,0.8738552551982736,0.10548588552371596,1.3557583071190167
trained,p20_pre,13,4,0.0,0.5738405171886367,0.07372963645561081,0.47650496929797637,0.022135173458815327,0.0,0.44309978169698416,0.0,-0.6195176558720704,0.44309978169698416,0.4986401427567917,0.02805249777217711,0.969792422225953
trained,p20_pre,13,5,0.32978677783070687,0.40405625147440627,0.12667901515875005,0.12413884639657446,0.05630989072475612,0.40345351245550587,0.06548730914679601,-0.693564346915783,-0.1445451247785513,0.06548730914679601,0.5839022495768365,0.022412572769528905,0.6718021314931614
trained,p20_pre,13,6,0.8170839362967554,0.3900723383885214,0.6005631906833,0.613469023194231,0.1978843930731129,0.7489520481394265,-0.46500771114284145,-1.0296592164668785,-0.7477212561485278,-0.46500771114284145,1.5603054644067704,0.030338992753170313,1.1256367460170993
trained,p20_pre,13,7,0.8794115885546333,0.1708108444336398,0.6367115146225781,0.697311299818183,0.0723276458814861,0.6928417571943777,-0.3288976840954976,-0.9090971566302604,-0.7214848913317767,-0.3288976840954976,1.4624807028940467,0.05635189964881404,1.189934918447363
trained,p20_pre,13,8,0.33365733133388376,0.5633235081137002,0.004210993872604041,0.0,0.06587112722834054,0.47732818060050297,-0.0023191232325365796,-0.8042283288568626,-0.01995934412976219,-0.0023191232325365796,0.5431993078288435,0.07700416033356328,0.6178843449298702
trained,p20_pre,13,9,-0.15889307085833648,0.9446765783819708,0.0,-0.05994733843378497,0.1890156789678441,0.6309912974239085,0.4107593688009237,-0.6878514760653538,0.0,0.4107593688009237,0.7600596379579676,0.09793203145828056,1.2687510382171718
trained,p20_pre,14,0,-0.062060559609249166,0.9344848084229762,0.0,-0.04880665352501401,0.12987469946591323,0.6682572930124411,0.42833997805693524,-0.8833560869559641,0.0,0.42833997805693524,0.7493253389533403,-0.010931838142237083,1.1667334788680384
trained,p20_pre,14,1,0.8420127793407093,0.38509404062212027,0.6007736868955849,0.7332539446009907,0.22626315272659248,0.582793198827229,-0.32881257909882944,-0.9125517753777745,-0.85236430876244,-0.32881257909882944,1.5423102961548123,0.06296442271820002,1.2764621397741829
trained,p20_pre,14,2,0.56985855813687,0.46469386983516814,0.53577522766086,0.7037812392531249,0.2575282609605851,0.3850570768667273,-0.32200335588342854,-0.5837226569026794,-0.8469153629626174,-0.32200335588342854,1.3463665770804374,0.1396896357676014,1.1640528569646102
trained,p20_pre,14,3,0.3576827262388471,0.4540161223932986,0.47012208537332967,0.5425414844470513,0.1242492889319724,0.23491539325846578,-0.11915772191610907,-0.3950795527809229,-0.7985532820388879,-0.11915772191610907,0.9017061666374895,0.08818809918566461,0.870736543907045
trained,p20_pre,14,4,0.0,0.7831188654695835,0.0,-4.440892098500626e-16,0.04186983475070116,0.650933376351416,0.2750829622671809,-0.8021336245156245,0.0,0.2750829622671809,0.6928032111021167,-0.019014759046040997,0.9488714143232566
trained,p20_pre,14,5,0.0,0.5531098757610722,-0.03896924386776013,0.3705192227783971,0.08874144947797658,-0.06257498119322524,0.37954254533730425,0.0,-0.48237844737670055,0.37954254533730425,0.39668569106314844,0.0317621845166115,0.8079904209170642
trained,p20_pre,14,6,0.3174191365658814,1.1066036381640867,0.0,0.0,0.03747597827397575,1.0116851118251942,0.12750690311891422,-1.3277461196916156,-5.551115123125783e-17,0.12750690311891422,1.04916109009917,0.09627665503835242,1.2729446482564366
trained,p20_pre,14,7,0.2275603742143042,0.7050634780563889,0.22376839580534813,0.6507568746786558,0.2557693915417585,0.0614715685181344,-0.02328667240755955,-0.23864954141070882,-0.8050350122960193,-0.02328667240755955,0.9679978347385487,0.11270769436931327,1.0574188567003024
trained,p20_pre,14,8,0.7362814359270667,0.3248047619645449,0.618100554903345,0.5436635118808505,0.11841326362588367,0.7560661361695682,-0.4349722252255326,-0.9404891724577031,-0.666185764703432,-0.4349722252255326,1.4181429116763025,0.07251181563382147,1.0556825020845912
trained,p20_pre,14,9,0.5304343838435661,0.9861267855917977,0.05539407219426895,2.220446049250313e-16,0.0244359367358582,1.0417177936885942,0.15977309540574947,-1.365855345246572,-0.05539407219426895,0.15977309540574947,1.0661537304244526,0.15070582418879175,1.3766326500189938
trained,p20_pre,15,0,0.4086065935138832,0.8708311204603181,0.28297780258720684,0.16698570931075718,0.14519332521109396,0.9769295075135356,-0.16575898126100208,-1.1276561901884652,-0.28297780258720684,-0.16575898126100208,1.2891085420353867,0.15178152378573595,1.2751310845601207
trained,p20_pre,15,1,0.7440934550365093,0.4436665451318184,0.45125944253403827,0.3967118557487661,0.0693608902859022,0.6868998833494714,-0.2935903104435664,-0.9809750596710058,-0.5015265664235624,-0.2935903104435664,1.1529726293841396,0.15651781660779784,1.015900135548371
trained,p20_pre,15,2,0.2848329096101554,0.7118363832972557,0.08966340708721682,1.1102230246251565e-16,0.12482220871745647,0.5826019190657585,0.002837941303771352,-0.8487164285574647,-0.11285265061222599,0.002837941303771352,0.7074241277832152,0.12476362082493725,0.8350256899119237
trained,p20_pre,15,3,0.08551865951114301,0.6210569294306578,0.12168602507361614,0.5563226995578617,0.07707637330350825,0.0,0.3164203744006886,-0.07725103508015196,-0.6535406011028531,0.3164203744006886,0.63339907286137,0.09746997783241196,1.0472894250944704
trained,p20_pre,15,4,0.37312256807230637,0.4137410912583644,0.6251991267026433,0.5624918202243139,0.16384805879267283,0.2933630815292936,-0.1672601142322847,-0.4262737318549,-0.8656964726544601,-0.1672601142322847,1.0197029605462804,0.12009258152395408,0.9725354278379498
trained,p20_pre,15,5,0.3624721762331239,0.37726291824481795,0.15635759653089198,0.11817144687282055,0.054072360004619346,0.48352254241986464,-0.06053397012922135,-0.6533879608809796,-0.16863703825608506,-0.06053397012922135,0.6557663492973045,0.07406769187176915,0.6693000710398522
trained,p20_pre,15,6,0.2881418582080799,0.934233582247904,0.0,0.0,0.04367591489228084,0.7831704044603036,0.002795830508567576,-1.1266669695278244,0.0,0.002795830508567576,0.8268463193525845,0.09570847092815948,0.9253506207893115
trained,p20_pre,15,7,0.0,0.8477084517015082,0.23854779737330478,0.721437713237092,0.022571280874101873,0.0,0.12288860784369393,0.0,-0.9677072927204461,0.12288860784369393,0.7440089941111939,0.1185489563543668,0.9854465583092546
trained,p20_pre,15,8,0.008982512381170982,0.9283053704973292,0.0,-1.1102230246251565e-16,0.09420462858199075,0.680333035849789,0.22283919542247976,-0.8626653241114512,0.0,0.22283919542247976,0.7745376644317796,0.07462255876704893,1.0719994186213082
trained,p20_pre,15,9,0.0,1.2210250615232563,-0.11111013526153157,0.9503256615456694,0.18911076182767772,-0.13226939685155248,0.2004602399852078,0.0,-1.030366316558786,0.2004602399852078,1.0071670265217947,0.07954860970293876,1.2871758762099412
trained,p20_pre,16,0,0.23901558185853577,1.0122242532284758,0.42259095956595805,0.18996892587230274,0.26602736748611666,1.1020532573421153,0.1547243801099607,-1.1505316439546647,-0.42259095956595805,0.1547243801099607,1.5580495507005347,0.10070819113234686,1.8134821219428423
trained,p20_pre,16,1,1.34073180437878,0.2905528204319374,0.6959074191971504,0.8989250434102298,0.1998795482068827,0.7722821945383328,-0.5106559597823193,-1.407349112404795,-0.9152076116916055,-0.5106559597823193,1.8710867861554452,0.004635319911467262,1.3650661462845932
trained,p20_pre,16,2,-0.9166468790693065,2.262812882328502,0.36956643064306105,-0.8909145278768733,1.3307338858883941,1.2975124608243986,1.6624312385637197,-1.2975124608243986,-0.36795167702360393,1.6624312385637197,1.7373318188359195,0.050268296054254036,3.450031353453893
trained,p20_pre,16,3,0.0,1.3627883254421522,-0.44878044457328525,0.7584211246376293,0.5960517574100181,-0.47118894449905113,0.7342438966083069,0.0,-0.7924888891511901,0.7342438966083069,0.8832839375485964,0.12151899171767688,1.7390468258745801
trained,p20_pre,16,4,0.5255517764139079,0.38719974902185184,0.9869238644224685,0.8392172731051715,0.07836111472444118,0.5458176570022468,-0.45144057614265254,-0.5983175711283905,-1.227543114730638,-0.45144057614265254,1.4633960448318595,0.07381470399919965,1.0857701726884066
trained,p20_pre,16,5,0.0,1.3072453329023168,-0.311783407704914,0.8233121360174965,0.34726725018051274,-0.2991195229696991,0.374573675210629,0.0,-0.9421872693416234,0.374573675210629,0.87145986322831,0.053274655855779396,1.2993081942947184
trained,p20_pre,16,6,0.9305257655586299,0.3586441857548366,1.535641887582697,1.1023973398940372,0.14575719212131544,0.9639084775176119,-0.811769770904121,-1.0242833274992584,-1.6613331407009877,-0.811769770904121,2.2120630095329643,0.13919537069591748,1.5394886093247608
trained,p20_pre,16,7,0.0,0.5002934802384927,0.06306614001914446,0.42568944917018403,0.025913004406073026,0.0,0.7746833715380952,0.0,-0.5449999275936415,0.7746833715380952,0.45160245357625706,0.01835969266399573,1.244645517778348
trained,p20_pre,16,8,0.0707045465707914,1.0311494357121103,0.1889754094974434,0.0,0.3022001244023891,0.9237337917583087,0.19947592145927384,-1.010609417000695,-0.21086451629617747,0.19947592145927384,1.225933916160698,0.06935545848347263,1.4947652961034443
trained,p20_pre,16,9,0.8127074442026425,0.3680731764612406,0.9441018969801613,0.6534147880617667,0.2044818502192156,0.896860493423319,-0.45645711641229214,-1.0418354762400663,-0.9806212813982581,-0.45645711641229214,1.7547571317043014,0.10242576000572001,1.4007257752977291
trained,p20_pre,17,0,0.33033597641822354,0.3615717829822497,0.13820913910372878,0.099754021319715,0.003255149078563724,0.5523694126976698,0.3980644166900209,-0.6348229292325973,-0.1318730655174718,0.3980644166900209,0.6553785830959485,0.0634209037541329,1.1168639035401025
trained,p20_pre,17,1,-0.20820461259268264,1.4248938089806347,0.0,-0.22593683085201643,0.3523715689809903,1.0852719315231218,0.41766054443944345,-1.1745088206368703,-5.551115123125783e-17,0.41766054443944345,1.2117066696520957,0.042180375751081634,1.6715475898426209
trained,p20_pre,17,2,-0.16168144213364588,1.275193449043636,0.0,-0.04784840795343015,0.18549659555881193,0.9810553207839001,0.7253165256442968,-1.062115910028251,0.0,0.7253165256442968,1.1187035083892818,0.051396096881739295,1.895416130915318
trained,p20_pre,17,3,0.9605531807886745,0.9191142003309147,0.3857914539487972,0.35112205607871916,0.000369805552460134,1.2280009022642753,-0.34154949645886346,-1.766064405566161,-0.38775637107302163,-0.34154949645886346,1.5794927638954546,0.11163805842920405,1.3495813258657952
trained,p20_pre,17,4,1.0273176431382447,1.215756413385771,-0.30065910840545484,0.8349881118793356,1.0768862044584693,-0.27800631079636307,0.9267210081885533,-1.0186057860269946,-0.8302719849032952,0.9267210081885533,1.6338680055414418,0.09353717718827104,2.6541261909182663
trained,p20_pre,17,5,1.0036444034266832,0.563689310991552,0.6855890966941129,0.6457222360395687,0.03615891704361496,1.143166437161827,-0.3634162410168571,-1.4341843534428316,-0.6941129858680082,-0.3634162410168571,1.8250475902450107,0.12462547180150807,1.5862568210296617
trained,p20_pre,17,6,-0.13355436228686202,1.1650881252920495,0.0,-0.12401192221476087,0.1624778755150058,1.0356129804256344,0.12256113953036074,-1.0486377830774074,0.0,0.12256113953036074,1.0740789337258794,-0.017104020072219894,1.1795360531840202
trained,p20_pre,17,7,0.22539946124670496,0.5759839025298836,0.0,0.0,0.0180651511975789,0.4768668094692805,0.16285830801217482,-0.7492945957242239,0.0,0.16285830801217482,0.4949319606668594,0.05208876805236473,0.709879036731399
trained,p20_pre,17,8,1.193962997967451,0.2749355585891049,0.5128331459388833,0.5259676489036131,0.022110760014820485,0.7274586076101928,-0.5069770892403205,-1.3447808011989664,-0.526432589436554,-0.5069770892403205,1.2755370165286264,0.1105183118599189,0.8790782391482248
trained,p20_pre,17,9,0.8549093983223324,0.5240284196434936,0.3303498514448633,0.7742518208397993,0.4214504626262665,0.33564334968882203,-0.30372637993567286,-0.8552394305815337,-0.7850400888351041,-0.30372637993567286,1.5313456331548878,0.06900814999405125,1.2966274032132663
trained,p20_pre,18,0,0.5376894779607815,1.0729124267037595,0.0,0.0,0.006423707964788861,1.0252456356813102,0.09049659410155986,-1.536512065600109,0.0,0.09049659410155986,1.031669343646099,0.074089839064432,1.196255776812091
trained,p20_pre,18,1,0.3050760300487533,0.6491161747123201,0.4833996008982515,0.2361627507797388,0.42484910647321183,0.6785219081379894,-0.1560500574940913,-0.8047237484877033,-0.5225034797483514,-0.1560500574940913,1.33953376539094,0.1103645774232701,1.2938482853201188
trained,p20_pre,18,2,0.37575915496039114,0.7684144915210963,0.432993484130878,0.9557910576499669,0.13520228416734636,0.22484081302514514,-0.18184021132310546,-0.3717668367499134,-1.053643610575062,-0.18184021132310546,1.3158341548424584,0.15175668328739,1.285750626806743
trained,p20_pre,18,3,0.8477411155374442,0.18099525223414215,0.7293034854956423,0.7292628852677103,0.08109179519189569,0.7136592352290085,-0.4762732061289432,-0.9259912394396874,-0.8352505969585827,-0.4762732061289432,1.5240139156886146,-0.003201983131041586,1.0445387264286299
trained,p20_pre,18,4,0.48498442420866916,0.394925111816685,0.455728323143487,0.33239725099720785,0.15481696862906202,0.5394567724573668,-0.19679302395026932,-0.7292054231277727,-0.5446431328888435,-0.19679302395026932,1.0266709920836368,0.06178930315222497,0.8916672712855924
trained,p20_pre,18,5,0.3841505656542366,0.30914037620310575,0.14074022266142505,0.3553277460133417,0.21540066592800278,0.12499519914035145,0.05261561070964538,-0.4471334496542191,-0.37967406018354155,0.05261561070964538,0.695723611081696,0.007223654681006719,0.7555628764723481
trained,p20_pre,18,6,-0.17531473574784684,1.5653250592133199,0.0,-0.16988910209302954,0.33319649596136847,1.1458439988557083,0.3827746929934075,-1.2399660062632998,0.0,0.3827746929934075,1.3091513927240472,0.15004431720217326,1.841970402919628
trained,p20_pre,18,7,0.40736974805672554,0.26093144309838046,0.265842984603196,0.24640125873030505,0.03654999375913026,0.5000663784662174,-0.0035140509941542497,-0.6206022476212805,-0.2690240130372745,-0.0035140509941542497,0.7830176309556527,0.04451791509974701,0.8240214950612454
trained,p20_pre,18,8,0.6817421915453545,0.5797389451864339,0.22160880605988398,0.18851010797387668,0.05301913684018156,0.7364499587830904,-0.14991047120222456,-1.1545513563606287,-0.23502827587207498,-0.14991047120222456,0.9779792035971486,0.09351031055896875,0.9215790429538928
trained,p20_pre,18,9,0.08702275499558709,1.154546094581378,0.0,-2.220446049250313e-16,0.10597246835237151,0.9266389973206768,0.05395657948590138,-1.1294198120662347,-2.7755575615628914e-17,0.05395657948590138,1.032611465673048,0.11214903751073033,1.1987170826696798
trained,p20_pre,19,0,-0.11674954768174284,0.9876190271324008,0.0,-0.11145066600448328,0.15808585094789418,0.6652930518062783,0.3263842304654512,-0.8709877858374063,0.0,0.3263842304654512,0.7119282367496892,-0.00011830638674836802,1.0381941608283918
trained,p20_pre,19,1,0.652711046549737,2.182908651882216,0.3665384373310965,0.34845812219256356,0.13504047164315391,2.3651917352027856,-0.332144444501572,-2.667077392816489,-0.36718963181242725,-0.332144444501572,2.848690329038503,0.16789111113413324,2.6844369956710645
trained,p20_pre,19,2,0.735614619309383,0.41854881895469886,0.6803440616091478,0.5442084426256957,0.1473090930028046,0.9454639426379923,-0.15153201777225433,-1.0656934577869952,-0.7069941502616665,-0.15153201777225433,1.6369814782664927,0.06181989182456815,1.5472693523188066
trained,p20_pre,19,3,-0.13240515405890907,0.7660383418866858,0.0,-0.1272804900342568,0.12628784009760552,0.5251852514187676,0.5357947554236162,-0.5680888362878646,0.0,0.5357947554236162,0.5241926014821163,0.06554435153991223,1.1255317084456449
trained,p20_pre,19,4,-1.1965318513231233,2.6289296254115655,0.0,-1.2115763830347235,1.2303854162767291,1.4409083454484632,1.199633489893674,-1.4953743743847387,0.0,1.199633489893674,1.459717378690469,-0.06297660029629659,2.5963742682878466
trained,p20_pre,19,5,1.1231526026749856,0.12275029553398742,1.5103508607606075,1.2197590097669104,0.007442515681762796,1.1252367812119146,-1.0412854652140386,-1.1376714001895594,-1.59360099243382,-1.0412854652140386,2.352438306660588,0.024981366346201295,1.3361342077927505
trained,p20_pre,19,6,0.6478109375498723,0.21132844868990097,0.5233904401567606,0.41544142346528656,0.06915111163589072,0.5460890633833165,0.11359119736064427,-0.7350856850735095,-0.5336580670907978,0.11359119736064427,1.030681598484494,0.11378607423222653,1.2580588700773647
trained,p20_pre,19,7,0.7878559358390582,0.7767710249482955,1.7758115118591127,0.819939386802593,0.736301704698433,1.5464468349466025,-0.6605751391491186,-1.5343201437360792,-1.7758115118591127,-0.6605751391491186,3.1026879264476284,0.030306817051274804,2.472419604349785
trained,p20_pre,19,8,-0.2878806603588606,0.8441608115833321,0.0,-0.30291898277160656,0.34284261367587854,0.49018626681746824,0.7235195248866358,-0.5098285650072946,0.0,0.7235195248866358,0.5301098977217402,0.04645158621717693,1.3000810088255528
trained,p20_pre,19,9,0.6861136922049595,0.4860232302141362,0.4691503954476375,0.35690588450385397,0.03466882927060011,0.8299845277820421,-0.28957161595321956,-1.0466035028319305,-0.5005503074307309,-0.28957161595321956,1.2215592415564962,0.09413350760407191,1.0261211332073485
trained,p20_pre,20,0,-0.2652450574882108,1.729405415447256,0.0,-0.2913570320678551,0.4166015846838076,1.2424699975786617,1.1961896197784796,-1.2741431084110169,0.0,1.1961896197784796,1.3677145501946142,0.19001724954802834,2.753921419521122
trained,p20_pre,20,1,0.0,1.0188366448047783,-0.3909394010394278,0.513017533155335,0.3579023597469968,-0.2945113405789517,1.194140267915953,0.0,-0.5303279587027436,1.194140267915953,0.5764085523233802,0.09756928506260687,1.86811810530194
trained,p20_pre,20,2,1.2593040610102897,0.34608612806429906,2.156146888424442,1.454101593011535,0.12486659476242346,1.38007479669813,-1.2009688184388034,-1.397685599987362,-2.2826618773958236,-1.2009688184388034,2.9590429844720885,0.0811896001158452,1.8392637661491302
trained,p20_pre,20,3,0.17782665146060883,0.7623868674967698,0.0,0.0,0.015587385612328752,0.753791088969457,0.9350135722623523,-0.9229656789359227,0.0,0.9350135722623523,0.7693784745817858,0.01724784002145585,1.721639886865594
trained,p20_pre,20,4,-1.3975501165902666,2.334450676636224,0.0,-1.3589685100642475,1.482055060687749,0.826450742829071,1.535980519636424,-0.8371891915712435,-5.551115123125783e-17,1.535980519636424,0.9495372934525725,0.09971136847471368,2.5852291815637103
trained,p20_pre,20,5,1.2914457753608213,0.360289654311139,0.5286566774403368,0.7708050431429552,0.284343367723233,0.5675604580343119,-0.4869506839206541,-1.3211075721979848,-0.7947822805461957,-0.4869506839206541,1.6227088689005,0.06450225436811663,1.2002604393479626
trained,p20_pre,20,6,-1.6640826182897348,2.747414355230123,0.19703354642886284,-1.6754786788855578,2.06932680652191,0.9487051397371973,2.2810836974849473,-0.9487051397371971,-0.19703354642886267,2.2810836974849473,1.3425532673735494,0.13462659720319142,3.7582635620616878
trained,p20_pre,20,7,1.0813031951470309,0.2283713901262795,0.8296843076367011,0.909513070000783,0.08644640665672032,0.8767253142943443,-0.5226966937827537,-1.1821510864624813,-0.9319218697658639,-0.5226966937827537,1.8726847909518476,0.02528593668166612,1.37527403385076
trained,p20_pre,20,8,0.06006201248725851,0.8639225454920907,0.6985077495906269,0.05866420191330346,0.6649245136599942,0.7818652489727517,0.024909782604153552,-0.8138171540361695,-0.7007046019420591,0.024909782604153552,1.5054539645460494,0.1079705515917474,1.6383342987419502
trained,p20_pre,20,9,0.5524248508183568,0.7231128086139895,0.16780769967858689,0.09974331780748713,0.10322407254711807,0.7639220120746808,-0.020050868329617444,-1.1132374880405642,-0.17315105075681106,-0.020050868329617444,0.966889402429286,0.15695682031355804,1.1037953544132266
trained,p20_pre,21,0,0.0,0.8481350104386358,0.024944164109014677,0.7168499670673378,0.04379140451202446,0.0,0.2765721941046513,0.0,-0.8156376138604783,0.2765721941046513,0.7606413715793623,0.05744156068717221,1.094655126371186
trained,p20_pre,21,1,0.7639419486615744,0.40414987744276387,0.7083695491476929,0.6456131256657278,0.16339322994620398,0.7050163409195884,-0.419442165475457,-0.9045494991886753,-0.8732121919639162,-0.419442165475457,1.5140226965315202,0.09869968409943963,1.1932802151555029
trained,p20_pre,21,2,0.4243825786893305,0.4970091478107477,0.714583233165297,0.8119411188673242,0.049227733911914484,0.42118566355878495,-0.08798673727806683,-0.4402603198256334,-1.14080060493462,-0.08798673727806683,1.2823545163380237,0.05491403490512181,1.2492818139650785
trained,p20_pre,21,3,0.21595747218950523,0.6239491040481486,0.16274046592114588,0.684707785254626,0.12769734904916574,0.0030388585321028394,1.004024810089188,-0.2116339127364686,-0.7228153282155926,1.004024810089188,0.8154439928358945,0.06819780120673846,1.8876666041318209
trained,p20_pre,21,4,0.41594624815016923,0.3218038910159102,0.826230156865954,0.6215913032980009,0.1278855610833216,0.4727839545238708,-0.30789760640262553,-0.5718057878954724,-0.9575212035945438,-0.30789760640262553,1.2222608189051933,0.034653304542017205,0.949016517044585
trained,p20_pre,21,5,0.4023900887117784,0.5049009538485136,0.33701563493600595,0.6082631742313227,0.24992837463247852,0.25296209762972416,-0.10424959922268195,-0.4774339126941266,-0.7422504194930859,-0.10424959922268195,1.1111536464935254,0.02462234530908558,1.031526392579929
trained,p20_pre,21,6,0.4496326011768006,0.27066130947478917,0.4342009540968147,0.3802581857737639,0.13058871633231872,0.3622422287396873,-0.236580659580925,-0.49881141663465567,-0.5110583420664326,-0.236580659580925,0.87308913084577,0.14462510604731627,0.7811335773121613
trained,p20_pre,21,7,0.0,1.0541550809754745,0.022144802451233847,0.8698122138890847,0.07526515325881622,-0.03887035918357462,0.4273596557402324,0.0,-0.9601300140117963,0.4273596557402324,0.9062070079643263,0.11616986941491203,1.4497365331194707
trained,p20_pre,21,8,0.6085023757427328,0.22577377426822032,0.5863336808973734,0.5275803840738849,0.12353744598380278,0.6028482603436467,-0.2586816670430703,-0.7418253243232015,-0.6224505686923596,-0.2586816670430703,1.2539660904013343,0.05633393789276531,1.0516183612510295
trained,p20_pre,21,9,0.0,1.0192272749916589,-0.12272897496428425,0.683721883945946,0.19539426465825038,-0.14822215553988516,0.2307630791416848,0.0,-0.7686391522731268,0.2307630791416848,0.7308939930643112,0.12785914775424778,1.089516219960244
trained,p20_pre,22,0,0.20052197532526028,1.128276586135634,0.1469818920718564,1.0250643503250318,0.28686178255809236,0.04328510609102687,0.2470414402053791,-0.17706692286907766,-1.1381077471607066,0.2470414402053791,1.355211238974151,0.16060578350296661,1.7628584626824968
trained,p20_pre,22,1,1.0090689442469398,0.3235274712260756,0.9295443206957531,0.9925869497180821,0.22771182914213406,0.7751537946609073,-0.5167023308243683,-1.0591886072526497,-1.1109966143584908,-0.5167023308243683,1.9954525735211235,0.09195551455762807,1.5707057572543832
trained,p20_pre,22,2,0.5064648761085095,0.3540404390739369,0.40474289488988546,0.6166666616277829,0.22238719424785547,0.3400832099033225,-0.2853048600725212,-0.5249114112178928,-0.7066737278288262,-0.2853048600725212,1.1791370657789608,0.033663071025612945,0.9274952767320526
trained,p20_pre,22,3,0.44418388659064423,0.7079962620829836,1.0185996050677728,0.4707508422920954,0.5848997152716011,1.0776763308047934,-0.3586626556452073,-1.0917597647570858,-1.0185996050677724,-0.3586626556452073,2.13332688836849,0.06042038391654225,1.8350846166398251
trained,p20_pre,22,4,0.3894404423122111,0.3785905935709253,0.7747402337640206,0.39104466840880936,0.29039967498702257,0.7070753943054429,-0.08865083566057841,-0.7407568422272536,-0.7839643149287552,-0.08865083566057841,1.3885197377012748,0.018050112491148185,1.3179190145318445
trained,p20_pre,22,5,0.41903368242685335,0.6883864507288291,0.5698576012556122,0.4047709099593715,0.19370623338978143,1.0194983808776463,-0.1459216475702796,-1.102936620981299,-0.5698576012556122,-0.1459216475702796,1.6179755242267992,0.004483512174383364,1.476537388830903
trained,p20_pre,22,6,-0.04215512991189163,1.0885208160996849,0.0,-0.06122381437072055,0.11291698156394647,0.9230273804082356,1.1284321456288362,-0.9702994822545952,-2.7755575615628914e-17,1.1284321456288362,0.9747205476014615,0.07606620393319805,2.1792188971634956
trained,p20_pre,22,7,0.21090039676308026,0.40293252212487796,1.5024575541804026,0.6257880849810145,0.02484488803660989,0.2502529415943715,-0.1914790745384507,-0.256013210931199,-1.8018381856537604,-0.1914790745384507,0.9008859146119959,0.0584390764834013,0.7678459165569465
trained,p20_pre,22,8,0.6843327861025136,0.9636080128455132,0.11754570814536147,0.9194018838725391,0.6453966012300687,0.12735092770554113,-0.06552797543216027,-0.6868484900050442,-0.9244752697653547,-0.06552797543216027,1.692149412808149,0.1541627473229894,1.780784184698978
trained,p20_pre,22,9,0.0,1.5398904226223689,-0.35807481062886604,0.962468928230527,0.35640958680704404,-0.37230221750378245,0.5332751984240658,0.0,-1.0526166352950401,0.5332751984240658,0.9465762975337886,0.1291989766984627,1.609050472656317
trained,p20_pre,23,0,0.9200619120362918,0.3396316679007645,0.7406009730400086,0.739412714596259,0.2396218924756668,0.7299148065340428,-0.5397923133241362,-1.00808432454342,-0.8741823216363375,-0.5397923133241362,1.7089494136059686,0.11802790679730746,1.28718500707914
trained,p20_pre,23,1,0.6287038104079519,0.8112705915313461,0.6858437076102514,0.4529295262654358,0.26129473259032143,1.2042845622633571,-0.4017153199851107,-1.3095260696365787,-0.6947310201676475,-0.4017153199851107,1.9185088211191144,0.12156101974532296,1.6383545208793266
trained,p20_pre,23,2,0.13198064490355566,0.8927345962626344,0.5152593664010068,0.1073809410557881,0.41865981233928906,0.8305336461482851,0.18484951308299458,-0.8659624531194656,-0.5014724239153284,0.18484951308299458,1.3565743995433621,0.1725397305324029,1.7139636431587597
trained,p20_pre,23,3,0.15201510543858876,0.9982490603210055,0.0,0.0,0.027128049582826996,0.8124020955127618,0.10140437697906757,-1.0807053367557113,0.0,0.10140437697906757,0.8395301450955888,0.06955882900388288,1.0104933510785392
trained,p20_pre,23,4,0.42143466790357365,0.6741562197030326,0.5484286615706935,0.38175106840438644,0.24887606407386897,0.8827214600380571,0.2788650815193794,-0.9877273688604346,-0.5426265519643945,0.2788650815193794,1.5133485925163126,0.11366562835247074,1.9058793023881626
trained,p20_pre,23,5,1.3728453501044653,0.5824735619276445,0.7085573057758663,0.6814840221011782,0.018799350618843746,1.2755557915836748,0.8857554327723047,-1.9440534178439586,-0.7000162755216592,0.8857554327723047,1.9758391643036968,0.01980652444235842,2.8814011215183597
trained,p20_pre,23,6,-0.2966670070895736,0.9788490413382459,0.0,-0.2106520788541547,0.3708485227612601,0.6258519804200549,0.7737296850720776,-0.6670757920482492,0.0,0.7737296850720776,0.7860484243271603,0.015106242200423114,1.574884351599661
trained,p20_pre,23,7,1.3247133657184178,0.29860895556613176,0.7038995689377001,0.8032798927469997,0.11815180767598932,0.8834551717331017,-0.6155765517263756,-1.411879494917787,-0.8295484392254024,-0.6155765517263756,1.8048868721560907,0.08579395607905993,1.275104276508775
trained,p20_pre,23,8,0.6519856859963895,0.8433884219789174,0.17834720684759597,0.13100203537271593,0.006310239048128441,1.0572399595466133,0.2969459209257468,-1.4675406959587194,-0.17773691422296944,0.2969459209257468,1.1945522339674577,0.02844370464121404,1.5199418595344185
trained,p20_pre,23,9,-0.2164878726170505,1.0584229514942223,0.14557760729050528,-0.21475537574084574,0.4534300548045138,0.6191370504469911,0.28215509058220856,-0.6565832345967199,-0.15077607190844228,0.28215509058220856,0.8578117295106591,0.18015337966251493,1.3201201997553826
trained,p20_pre,24,0,0.2560749724496467,1.0965582064541504,0.0,0.0,0.011139835187907954,1.0095300013235424,0.9716885690660022,-1.2552725618445262,0.0,0.9716885690660022,1.0206698365114504,0.0973606170592709,2.0897190226367233
trained,p20_pre,24,1,0.9239459465526524,0.47258700884395166,0.5090305751646003,0.4500771608380143,0.01674383200861751,0.9690440383002692,0.09837492745897514,-1.322821113742455,-0.5074212154260613,0.09837492745897514,1.435865031146901,0.07532120139268805,1.6095611599985642
trained,p20_pre,24,2,0.003394024809409091,1.3272507444498445,0.20673974001902629,-1.1102230246251565e-16,0.3064139531820176,1.1638214878004545,0.5843683770091976,-1.2311362655556388,-0.2046358643275763,0.5843683770091976,1.470235440982472,0.10161237939506473,2.156216197386734
trained,p20_pre,24,3,-0.137566243172766,1.0893112072265678,0.0,-0.15445093249048103,0.17202795742250832,0.8188515784121513,0.4375045478372974,-0.9282108212987986,0.0,0.4375045478372974,0.8364286033441786,0.023534142755003207,1.2974672939364793
trained,p20_pre,24,4,0.0,1.0407012977063665,-0.09035019969186142,0.623578235603589,0.270862403324704,-0.05677248254246159,0.32724422263447783,0.0,-0.7634884879070104,0.32724422263447783,0.8376681563858315,0.18686261010749472,1.351774989127804
trained,p20_pre,24,5,0.2810381104563042,0.47993264639118083,0.6777585752885484,0.6166224790245205,0.07930518546775023,0.2611294374929445,-0.19565776750411112,-0.34942375644890755,-0.9999655255275588,-0.19565776750411112,0.9570571019852152,0.08934005015956714,0.8507393846406712
trained,p20_pre,24,6,0.6803174118315498,0.814767162725583,0.7935054893578288,1.3950449146001025,0.05798675921785845,0.6052650613825099,-0.04382688096700704,-0.6803221232812815,-1.5778254691717128,-0.04382688096700704,2.0582967352004706,0.030442471461967102,2.0449123256954307
trained,p20_pre,24,7,0.8547009340351968,0.19101628200419052,0.8228226284188874,0.8403877369357591,0.10360298986471095,0.7622482404170124,-0.28715411833266025,-0.8832757277188581,-0.922525357849125,-0.28715411833266025,1.7062389672174825,0.06273875889029146,1.4818236077751137
trained,p20_pre,24,8,0.16956663891229073,0.4181324635659336,0.1380221846438925,0.07053040851461256,0.03961186576603093,0.504465153723468,1.0443286605704087,-0.5489775311600757,-0.1193497730732791,1.0443286605704087,0.6146074280041115,0.05739398288876196,1.7163300714632823
trained,p20_pre,24,9,-0.14103733918420502,1.2500365457012246,0.28355144192238035,-0.12390019142300202,0.5417487226018844,0.9870493391012725,1.2105680188181882,-1.0158596938239532,-0.2731879168365381,1.2105680188181882,1.404897870280155,0.10350303777890857,2.7189689268772517
trained,p20_pre,25,0,-0.5393392730596878,1.471732710719456,0.0,-0.5258038437412693,0.5410151478107336,0.8291379760443199,0.7828211493791888,-0.858939180773101,0.0,0.7828211493791888,0.8443492801137842,0.07345425688666718,1.7006246863796401
trained,p20_pre,25,1,0.34692167831313747,0.7689257331881201,0.9998702101979909,0.3447760272257676,0.6398132077566054,1.00358654206351,-0.2326273894581372,-1.0402214730083115,-0.9998702101979912,-0.2326273894581372,1.988175777045883,0.07562593849294597,1.8311743260806916
trained,p20_pre,25,2,-0.35567972367523626,1.612085056688849,0.0,-0.3729533168079078,0.5581057732236527,0.9875961754584884,0.612644441713516,-1.0587735546527532,-2.7755575615628914e-17,0.612644441713516,1.1727486318742333,0.1976317783608594,1.9830248519486087
trained,p20_pre,25,3,0.7967667673013437,0.4132955022247009,0.9272228868060102,0.7701620860114995,0.23467221808247607,0.9144444053115519,-0.5027461738698511,-1.0310988527591642,-0.9868229730414051,-0.5027461738698511,1.9192787094055275,0.1193633305314854,1.5358958660671618
trained,p20_pre,25,4,-0.370801738303856,1.279459938145282,0.0060008457449847175,-0.356688292139145,0.5083668364099072,0.7165547310685574,0.8977221554852708,-0.7421536972532341,-1.1102230246251565e-16,0.8977221554852708,0.8682332753393196,0.17250534833317654,1.9384607791577668
trained,p20_pre,25,5,0.0,0.9075610113966611,0.3386770880905208,0.8458721843253798,0.03572125994319264,0.0,0.28685486117720194,0.0,-1.1996433610408122,0.28685486117720194,0.8815934442685724,0.046594738446369854,1.2150430438921442
trained,p20_pre,25,6,0.5312223340112487,0.535659871008476,0.7972598321824631,0.9582418420942332,0.05397238128491999,0.48381048456188,-0.1372817080778832,-0.5312223340112487,-1.2220348096285216,-0.1372817080778832,1.4960247079410331,0.1108848935624176,1.4696278934255675
trained,p20_pre,25,7,0.2709183973627085,0.34838416327901844,0.18343036743588725,0.14990715642738905,0.13494446219994932,0.29163349136830385,0.034802054298276985,-0.5123156852337423,-0.21258516771889435,0.034802054298276985,0.5764851099956423,0.07783207512497758,0.6891192394188969
trained,p20_pre,25,8,0.5484577933905599,0.9912052275885392,0.15800198566361767,0.12317933330048692,0.022729676892502937,1.0961085065557832,-0.033518343869445744,-1.4128663234330956,-0.1673505532920141,-0.033518343869445744,1.242017516748773,0.11744812991760711,1.3259473027969344
trained,p20_pre,25,9,-0.02366006273412724,0.4973533918408314,0.8270467304435656,-0.04738286344479231,0.4601909595919138,0.42410284884022675,0.9980141743997251,-0.42410284884022675,-0.818804331063521,0.9980141743997251,0.8369109449873482,0.05783287964652206,1.8927579990335954
trained,p20_pre,26,0,-0.05342071770856055,1.2348440338355475,0.0,-0.056819142365902575,0.21194189590218815,0.9148658218786149,0.5225555049147337,-1.0145351093830628,-3.469446951953614e-18,0.5225555049147337,1.0699885754149006,0.16688820674392413,1.7594322870735584
trained,p20_pre,26,1,0.1802141521844216,1.2664430487417886,0.3067946219412294,0.07699887678028405,0.18596098290546514,1.2752587890889182,0.9241349537364303,-1.3328567245590235,-0.302405587368207,0.9241349537364303,1.5382186487746674,0.11818951094020913,2.5805431134513066
trained,p20_pre,26,2,0.353807244221378,0.9180640581838269,0.1861138176022905,0.9150803033103696,0.3705295774527424,0.027341528652517155,0.012397315805229958,-0.33935803893912775,-1.0318283986741297,0.012397315805229958,1.3129514094156292,0.08679868239423794,1.412147407615097
trained,p20_pre,26,3,0.991128631585422,0.29217380862583975,0.4237251986483027,0.42686316282771,0.018205036736256508,0.703250861904851,-0.1820099683069949,-1.1692149290830762,-0.4268631628277101,-0.1820099683069949,1.1483190614688175,0.11094954694877812,1.0772586401106006
trained,p20_pre,26,4,-0.10705233783159795,0.3980463015935124,0.0,0.0,0.02247682954871899,0.196227439128158,0.8547565747698904,-0.22908048011178006,0.0,0.8547565747698904,0.21870426867687698,0.06191348365013438,1.1353743270969017
trained,p20_pre,26,5,0.35606923934123413,0.709524736583924,0.14094190358679604,0.7810866323298897,0.31216022207607086,0.037098893404300615,0.799890014816766,-0.34731761409443623,-0.7856359431064539,0.799890014816766,1.1303457478102612,0.0735823223110641,2.003818084938091
trained,p20_pre,26,6,-0.549992980638524,1.6905567503171142,0.011240310075454563,-0.5498240046352609,0.6532284861969033,1.1106378771768393,2.2320321833603476,-1.111243748353523,-1.1102230246251565e-16,2.2320321833603476,1.2140423587384817,0.04056033140052173,3.486634873499351
trained,p20_pre,26,7,0.35646029210077845,0.7872561667007374,0.0073596453159316955,0.6651595185568504,0.4716692012481762,0.0,0.16673955796472484,-0.3595860955958081,-0.7005880009475287,0.16673955796472484,1.1368287198050266,0.09090200757411071,1.3944702853438622
trained,p20_pre,26,8,0.2711546915446119,0.7031282979147706,0.0640415040546417,2.220446049250313e-16,0.1000871595679611,0.5987243108350045,0.03412715732051019,-0.8853014140635523,-0.06404150405464157,0.03412715732051019,0.6988114704029659,0.08898157539583021,0.8219202031193062
trained,p20_pre,26,9,-1.138150594455943,2.3787314819304712,0.0,-1.1621225601141347,1.2465263329733898,1.2127938995852399,1.1971599674489042,-1.2272317220706181,-1.1102230246251565e-16,1.1971599674489042,1.297197672444495,0.013349165403910068,2.507706805297309
trained,p20_pre,27,0,0.47384188469104016,0.6857820754919552,0.23377343304491127,0.10313065995919746,0.07572872411640219,0.7389747089256826,-0.1255860329532239,-1.031063820843234,-0.23589948255342597,-0.1255860329532239,0.9178340930012823,0.12643408983124682,0.9186821498793052
trained,p20_pre,27,1,0.0,1.1675571765231187,-0.12752379790306634,0.9072565873138698,0.1652145483528522,-0.07833621636110266,0.7166635620165343,0.0,-0.9636684890764339,0.7166635620165343,0.9941349193056194,0.07636488954361853,1.7871633708657724
trained,p20_pre,27,2,0.43693156094367547,0.26328713027173967,0.9569803196663254,0.62156301024536,0.03310954854603265,0.4590447720006883,-0.32305827201127046,-0.49027138770306106,-1.0842199939635764,-0.32305827201127046,1.113717330792081,0.082707629215103,0.8733666879959134
trained,p20_pre,27,3,-0.24606391439258202,1.1643587426737239,0.0,-0.23162669886180787,0.3820156071321188,0.758774067227806,0.46834586951585633,-0.787709188058907,-5.551115123125783e-17,0.46834586951585633,0.909162975498117,0.1305856402222348,1.508094485236208
trained,p20_pre,27,4,-0.20000507290381664,1.2148743060148086,0.0,-0.1964264807606073,0.24219655767217896,0.8663516269007976,1.309492646130809,-0.9876577431751602,0.0,1.309492646130809,0.9121217038123692,0.027211489935831668,2.24882583987901
trained,p20_pre,27,5,0.0,0.2632036294866298,0.3446928227316849,0.2227808907925034,0.011795684050511568,0.0,0.21996292480934354,0.0,-0.579802222988902,0.21996292480934354,0.23457657484301497,0.028094229229412626,0.48263372888177114
trained,p20_pre,27,6,-0.024882870280501068,0.9749055238261273,0.0,-0.07119255147775894,0.09837466960988572,0.8456576117433648,0.3733979189468122,-0.9127164085164381,0.0,0.3733979189468122,0.8728397298754916,0.03730624502918811,1.2835438938514918
trained,p20_pre,27,7,0.5657561939430797,1.1470313081112904,0.0,0.0,0.002491598604180245,1.0787710599873368,0.16797099555346717,-1.623519922531289,0.0,0.16797099555346717,1.081262658591517,0.08926757952308106,1.3385012336680653
trained,p20_pre,27,8,0.5946386624299514,0.8457194315553002,0.3740748999439607,0.2946423460688936,0.025678115661791345,1.1247950284126964,-0.11584080933195917,-1.3458764205410594,-0.358327773390274,-0.11584080933195917,1.4451154901433814,0.11022879999787893,1.439503480809301
trained,p20_pre,27,9,-0.14732934807930897,1.3241459825369897,0.0,-0.15403718980343206,0.2630384897407918,1.021356963501119,0.2464362133663176,-1.128071432895028,0.0,0.2464362133663176,1.1303582634384788,0.04874520156265261,1.425539678367449
trained,p20_pre,28,0,0.0,0.7851334475690822,0.13350433331662437,0.0,0.2674795255612584,0.5887076332260207,0.3199188702127138,-0.6325213602457359,-0.12700413661593024,0.3199188702127138,0.8561871587872791,0.15911228402404043,1.3352183130240334
trained,p20_pre,28,1,0.3460936698898227,0.5406492513651752,0.2933321142875134,0.17869661975771078,0.15705791403942948,0.5614550622638409,-0.06849821883141072,-0.7665128538161081,-0.34639154766276226,-0.06849821883141072,0.8972095960609812,0.06717063406364077,0.8958820112932112
trained,p20_pre,28,2,0.06140416065513221,0.43373811613070734,1.1102230246251565e-16,0.0,0.0461297513803427,0.43611054415685657,0.913430811435286,-0.4635221511343286,0.0,0.913430811435286,0.48224029553719927,0.031620125651511066,1.4272912326239964
trained,p20_pre,28,3,0.24685217789797764,0.5134072585186065,0.17345114401447626,0.06657279107743952,0.15275979020861707,0.4995681794440153,-0.03498285714839655,-0.6597151642904645,-0.21245737155714883,-0.03498285714839655,0.7189007607300719,0.06153804458344703,0.7454559481651224
trained,p20_pre,28,4,0.3330147433974149,0.347508614034886,0.4114471237875219,0.5098369389433726,0.09008395872129737,0.28046834196865755,-0.006832750279130995,-0.3481295861672019,-0.704553121338257,-0.006832750279130995,0.8803892396333275,0.03928777371436387,0.9128442630685604
trained,p20_pre,28,5,0.018999489258815117,0.19373092333176323,0.14280629146479962,0.01846722435813858,0.11478475311060288,0.14180376565165043,0.34682112880936655,-0.14132135951785552,-0.11771249752340285,0.34682112880936655,0.2750557431203919,0.0965028470141196,0.7183797189438781
trained,p20_pre,28,6,0.40200902112609427,0.7080280317004366,0.389369201060515,0.8023221780255667,0.16817842259475002,0.27775722865691144,-0.22121699662547556,-0.4224577928379868,-0.9829670141891692,-0.22121699662547556,1.2482578292772282,0.09398144685988996,1.1210222795116427
trained,p20_pre,28,7,0.6228956241721653,0.5943309930153302,0.4439208977084599,0.7605257918555701,0.35884345310549826,0.3242999447257797,-0.2723005137793981,-0.6363820227024745,-0.8400089399052972,-0.2723005137793981,1.443669189686848,0.18475655228818377,1.3561252281956337
trained,p20_pre,28,8,-0.06819385120283505,0.9694061578926603,0.0,-4.440892098500626e-16,0.11423940378362518,0.6876910947930053,0.2622264446747069,-0.8569012990173609,0.0,0.2622264446747069,0.80193049857663,0.04431100767246432,1.1084679509238011
trained,p20_pre,28,9,0.7008753888180804,0.3319255883986889,0.4996988444381685,0.4702909128389169,0.0798936895916873,0.6833112434020014,-0.30566966753487934,-0.9266148210391807,-0.5958258963660936,-0.30566966753487934,1.2334958458326057,0.010059104249663386,0.9378852825473898
trained,p20_pre,29,0,-0.17065001915940337,1.4588412623459464,0.003254886274804303,-0.1297134983746111,0.2984269662096195,1.1515547244228845,0.7558223606591512,-1.2457614676687805,-0.0016701683369176878,0.7558223606591512,1.320268192257893,0.04401449345564912,2.1201050463726934
trained,p20_pre,29,1,0.4001786887278205,0.7559882410374068,0.910836197160944,0.3900694004606766,0.5496096162371638,0.9960628224103076,-0.364422537634121,-1.0341752188043576,-0.9146660354015732,-0.364422537634121,1.935741839108148,0.1181618727202407,1.6894811741942677
trained,p20_pre,29,2,0.24280033245870802,0.23550958133015043,0.33148255463388576,0.45562535609669674,0.044234906282137665,0.20572273911152417,0.23527688015623394,-0.23902959565048287,-0.5065081502249474,0.23527688015623394,0.7055830014903586,0.0642547225473139,1.0051146041939063
trained,p20_pre,29,3,0.26498000346473427,0.2552090648164719,0.2411389378959412,0.1522733871282731,0.10487143510245728,0.3082146582104801,0.07347495799904835,-0.41512453612376454,-0.2561135891482533,0.07347495799904835,0.5653594804412105,0.09008988090512954,0.7289243193453885
trained,p20_pre,29,4,1.140683242676014,0.28502817940027303,0.9761425229995334,0.9817592357147156,0.12639106906969433,1.045515918195556,-0.6556664477300371,-1.2834961511247056,-1.066631979125844,-0.6556664477300371,2.153666222979966,0.05172581482527061,1.5497255900751994
trained,p20_pre,29,5,0.3615989297808533,0.6201599490914061,0.49970208044497433,0.809354753072103,0.15716197084046601,0.27346902253793015,-0.21149754505593332,-0.37452143673110094,-1.0000113984747696,-0.21149754505593332,1.239985746450499,0.10692812411136332,1.135416325505929
trained,p20_pre,29,6,0.34480325181415883,0.6244445819657822,1.1461658924292593,0.41231575507655216,0.5549682098236066,0.909540917647693,-0.09388460679476474,-0.9114598818756423,-1.146165892429259,-0.09388460679476474,1.8768248825478517,0.057787951904299195,1.8407282276573862
trained,p20_pre,29,7,-0.05624313305887285,0.457643534907763,0.0,-0.029185503799251,0.03160498913787957,0.31897767545017763,0.8088431626110139,-0.3390226252727956,0.0,0.8088431626110139,0.3213971607888062,0.06237777657609456,1.1926180999759146
trained,p20_pre,29,8,0.9874623462281675,0.43111780146325723,0.9815943555873066,0.8352025813280622,0.25542401128591163,1.144524252302003,-0.5414682467610001,-1.3208354831210984,-1.0260469723329189,-0.5414682467610001,2.2351508449159767,0.053292047824714084,1.7469746459796907
trained,p20_pre,29,9,-1.2435745083715881,2.1896588085377333,0.0,-1.217828859881962,1.2176251110629228,0.9365806378938977,1.505704983767525,-0.9397839457366718,0.0,1.505704983767525,0.9363768890748585,0.006300354429473409,2.4483822272718565
trained,p20_pre,30,0,0.0,0.9176084778024032,0.26282664042692216,0.6952396468800527,0.013523243412771224,0.0,0.07809495187326387,0.0,-1.038437849420815,0.07809495187326387,0.7087628902928239,0.14199726880851027,0.928855110974598
trained,p20_pre,30,1,0.0,0.23715138785840062,0.0,-0.020819604576244544,0.09440508286009397,0.16925456676725936,0.502219826168899,-0.16433572650160388,0.0,0.502219826168899,0.2428400450511088,0.07281566135679673,0.8178755325768046
trained,p20_pre,30,2,0.4650046115470048,0.1617115459503249,0.35447633197352757,0.3673842505388607,0.06374780455586126,0.31665883575313813,0.2700108804111898,-0.46902549651614045,-0.4661896332820583,0.2700108804111898,0.7477908908478601,0.04597735967265848,1.0637791309317084
trained,p20_pre,30,3,0.528647538411227,0.4621301325646019,0.953550364183817,0.8134114987088583,0.122460747644068,0.48963967454387036,-0.3799572354133218,-0.5797327849440252,-1.246314171507592,-0.3799572354133218,1.4255119208967968,0.11828107870802862,1.1638357641915036
trained,p20_pre,30,4,0.11735567161298222,0.8136075986125384,-0.12499220988281456,0.524332321361134,0.4498652475947258,-0.1555949154306251,0.3463969097159446,-0.1085230971747172,-0.5351804951582912,0.3463969097159446,0.8186026535252346,0.1622674680096976,1.327267031250877
trained,p20_pre,30,5,0.5597850309284604,0.5585723413394609,1.1102230246251565e-16,1.1102230246251565e-16,0.023737450506431834,0.5051364419537061,0.09628371728356089,-0.9845237360452315,0.0,0.09628371728356089,0.528873892460138,0.13383363622268996,0.7589912459663889
trained,p20_pre,30,6,0.4796174067198107,0.3812663537193066,0.2545824663016649,0.5402653263018984,0.292623520617825,0.21481056831887724,0.12235799412412485,-0.48304952509349464,-0.5602365775114794,0.12235799412412485,1.0476994152386006,0.07218012413580821,1.2422375334985336
trained,p20_pre,30,7,0.7094609702644523,1.083873207018878,0.0,0.0,0.008349856131756539,1.033438687307813,0.017662440244585742,-1.7204027265638868,0.0,0.017662440244585742,1.0417885434395695,0.0729314507194434,1.1323824344035986
trained,p20_pre,30,8,0.47799719674878394,1.2711875862708257,2.220446049250313e-16,2.220446049250313e-16,0.023171030159493178,1.249995990638074,0.008006312735610255,-1.7006660164345038,-1.1102230246251565e-16,0.008006312735610255,1.2731670207975674,0.04851876658510601,1.3296921001182835
trained,p20_pre,30,9,0.611593776393113,1.011307955423815,0.0,0.0,0.01750259659744513,1.0099276721312065,0.3460710275041774,-1.6069914270469943,0.0,0.3460710275041774,1.0274302687286516,0.015910304769933603,1.3894116010027626
untrained,p20_pre,1,0,3.0440597431184604,0.5097760924967005,2.0415362565577717,2.1095652991609186,0.24248657457976286,2.3941981320840804,-2.0369920918325013,-3.3438773585290513,-2.115739437710731,-2.0369920918325013,4.746250005824762,0.1357552959331505,2.845013209925411
untrained,p20_pre,1,1,1.1352270870386243,0.88690786810393,1.9766830331139036,1.2238078949877753,0.8215190936264896,1.6874459784803162,-1.064308802678335,-1.6945393975468612,-1.9894371540032392,-1.064308802678335,3.732772967094581,0.31484143670635767,2.983305601122604
untrained,p20_pre,1,2,2.50782519968883,0.5572092290860171,2.4078754769995228,2.711548187058792,0.29673775818045556,2.343143015253288,-2.259683708110318,-2.5649369216771203,-2.807042716905972,-2.259683708110318,5.351428960492536,0.10093026719127751,3.1926755195734953
untrained,p20_pre,1,3,2.1634735225885935,1.9580787120388896,2.2873459645569727,2.055152636324919,1.1929514027929473,3.174177109424522,-1.4171179767226256,-3.274168952177673,-2.2905428821688036,-1.4171179767226256,6.422281148542389,0.8441863648379795,5.849349536657742
untrained,p20_pre,1,4,1.9147505829415548,1.3930133536330294,3.1753847432348383,1.9680123938962035,1.308483394076343,2.997471127781719,-1.8584559909232024,-3.0060901427145357,-3.2149149912839468,-1.8584559909232024,6.273966915754265,0.26214354581094046,4.677654470642003
untrained,p20_pre,1,5,2.014197248297985,2.0864155385798298,2.242586262442004,1.9248213349198426,1.356891581205196,3.112697238669977,-1.3277064645290686,-3.157947168892961,-2.242586262442004,-1.3277064645290686,6.394410154795016,0.9426656179848529,6.0093693082508
untrained,p20_pre,1,6,2.411378370459712,0.7450715557143281,2.569779056040503,2.722920393022523,0.4018608605593612,2.3082276702687783,-2.205296856111448,-2.474725752706906,-3.004915022766763,-2.205296856111448,5.433008923850663,0.24658820674087423,3.474300274480089
untrained,p20_pre,1,7,1.7856412081887751,0.6473547999261307,3.3286861779644386,1.788861382784673,0.6487440244450484,2.3528248277124737,-1.2662934651408584,-2.3528248277124737,-3.33214646378124,-1.2662934651408584,4.790430234942195,0.07671089458563074,3.6008476643869676
untrained,p20_pre,1,8,1.1834956615972434,2.0393650805034906,2.146444083477028,1.1743802237581327,1.3092589020408303,3.0278073473072777,-1.1386989893647534,-3.0625252477947806,-2.146444083477028,-1.1386989893647534,5.511446473106241,0.1603354943059534,4.533082978047441
untrained,p20_pre,1,9,1.9882527820219427,1.4672569922702237,1.7736090468111252,2.8611040823293497,0.6810304971107253,1.7176262594004905,-1.4122402707569819,-2.0000454976604916,-2.899514609604066,-1.4122402707569819,5.259760838840565,0.32955871383873436,4.1770792819223175
untrained,p20_pre,2,0,3.557602547542059,1.0251294385173555,2.442062027895752,2.4837784419633877,0.5507349485053425,2.870011762515853,-2.3727442080882666,-3.9341111391755668,-2.4965178194810895,-2.3727442080882666,5.904525152984583,0.5941650552985096,4.125946000194826
untrained,p20_pre,2,1,1.0738653544826948,1.6468510801128118,0.8228215054204591,0.7534038701099766,0.16594715938967575,2.1495696364373567,-0.5728455922954918,-2.4077205401712716,-0.8234523598073225,-0.5728455922954918,3.068920665937009,0.31236504003737164,2.8084401136788886
untrained,p20_pre,2,2,0.973470389662495,2.0794330329977684,0.7982000227778228,0.6500452047782672,0.5913699400022674,2.323425552107099,-0.5736483440017492,-2.5670912498417913,-0.8270020641828754,-0.5736483440017492,3.5648406968876336,0.4570101314134195,3.448202484299304
untrained,p20_pre,2,3,0.9514843430717277,1.2101806766345842,0.0,0.0,0.00931728549727584,1.2131731604595024,0.4091152585991358,-2.1113015542980724,0.0,0.4091152585991358,1.2224904459567782,0.05036346540823944,1.6819691699641535
untrained,p20_pre,2,4,0.7947581515174775,2.111908095577315,1.22573421836233,0.735574080560867,0.5116872560869452,2.549163471364264,-0.7499794307387058,-2.6845206482607455,-1.22573421836233,-0.7499794307387058,3.7964248080120764,0.2221455988340466,3.2685909761074172
untrained,p20_pre,2,5,-1.448585989617202,3.261370019772729,0.16006557287168466,-1.4681762719519162,1.8202232449425142,1.6999241417459445,2.0601055588711246,-1.6963609342201222,-0.15617009709857843,2.0601055588711246,2.0519711147365425,0.12031857170851112,4.232395245316178
untrained,p20_pre,2,6,0.9222242068734361,1.3777044113521426,0.0,0.0,0.0064691780665544485,1.4169140032631933,0.07657968294744233,-2.313720344302189,0.0,0.07657968294744233,1.4233831813297477,-0.013791726076610278,1.4861711382005798
untrained,p20_pre,2,7,3.591588484861938,0.6027569018670951,1.9040109659953068,2.1153911144910436,0.4933635835287742,2.0284494809302007,-1.8550225047219984,-3.698894534564278,-2.1264433114757613,-1.8550225047219984,4.637204178950018,0.2730185066843003,3.05520018091232
untrained,p20_pre,2,8,1.9652394495359937,1.0991727300434424,2.159866988134904,1.8986628103960381,0.372218999404037,2.7298682027147816,-1.5735458729701897,-2.831336592686566,-2.1598669881349046,-1.5735458729701897,5.000750012514857,0.23307558689286978,3.660279726437537
untrained,p20_pre,2,9,0.10705066223178861,1.9758297561873293,0.0,-4.440892098500626e-16,0.09296611951613132,1.6944256253789862,0.15210474923043993,-1.9167236334093407,0.0,0.15210474923043993,1.787391744895117,0.16615678500977715,2.105653279135334
untrained,p20_pre,3,0,1.023210885935053,1.3777552408258438,0.49575843240984874,1.688321660629666,0.5215703622010819,0.4820803679218497,-0.4330224802802798,-1.0257343479832501,-1.7566818937349051,-0.4330224802802798,2.6919723907525976,0.11430831745259029,2.373258227924908
untrained,p20_pre,3,1,2.2194058890196104,0.7054384520192176,0.8055679502179016,1.3919505098103095,0.7177745444112928,0.7795745478052991,-0.5712195452997086,-2.222651371989919,-1.405660087191923,-0.5712195452997086,2.8892996020269015,0.10210083207488796,2.420180888802081
untrained,p20_pre,3,2,-0.40841962209141547,1.9266935911949767,1.1571844454971651,-0.3674865760321735,1.6705596865330985,1.398997800467161,0.7198038086463177,-1.4040549472516284,-1.1551261873582397,0.7198038086463177,2.702070910968086,0.11627727999085802,3.5381519996052617
untrained,p20_pre,3,3,2.8024680382461513,0.919114498511683,2.4049293778504617,2.3696580445020867,0.2580187526239186,3.0030316990516974,-2.1857763544128463,-3.4921371820458162,-2.4097123849596036,-2.1857763544128463,5.630708496177703,0.22466234760287573,3.669594489367732
untrained,p20_pre,3,4,-0.11373054673546701,1.9916406887398663,0.0,-0.0530004103718813,0.25667636823575224,1.658527585084069,0.6401985216347557,-1.7188062297713462,0.0,0.6401985216347557,1.86220354294794,0.1591039122330531,2.6615059768157487
untrained,p20_pre,3,5,2.7948171898302405,0.43027971487490735,1.3964905185456804,1.543316281549218,0.3171092066849308,1.5386138543722354,-1.260695505933751,-2.9344877683253827,-1.5932258461624973,-1.260695505933751,3.3990393426063843,0.09387380876294804,2.2322176454355813
untrained,p20_pre,3,6,-0.1626204418628212,1.7920622878949946,1.3153170844523354,-0.15838186690303502,1.5419873500867596,1.539700061727816,0.4718654212554574,-1.5468777612075577,-1.3153170844523354,0.4718654212554574,2.923305544911541,0.08256408482461564,3.4777350509916136
untrained,p20_pre,3,7,-0.5308879837552933,2.393347021095349,0.12522728250792925,-0.5427727798706468,0.8608325907820173,1.709171674655068,0.894218434633582,-1.7165554107080738,-0.12522728250792947,0.894218434633582,2.0272314855664386,0.14590362663198153,3.067353546832002
untrained,p20_pre,3,8,0.7483591117434591,1.348075934309331,0.9105491433781541,0.630970836059144,0.381646677660302,1.9223004190512443,-0.09893130864468258,-2.0140365602732078,-0.9105491433781541,-0.09893130864468258,2.9349179327706905,0.08239848577958209,2.91838510990559
untrained,p20_pre,3,9,2.2973348514059784,1.2920816747000343,0.8793686937557887,0.8498850693695177,0.4175081225322428,1.7194702994863986,-0.6382460844126605,-3.106197870194781,-0.8838847427135477,-0.6382460844126605,2.986863491388159,0.47870260695347344,2.827320013928972
untrained,p20_pre,4,0,-0.08523082296693207,1.5737299347975662,0.6704011828869318,-0.11523771011524175,0.9026600931846511,1.2501575039733326,0.4428470671718996,-1.2669830278233118,-0.6626482885152053,0.4428470671718996,2.037579887042742,0.2292689783790488,2.7096959325936902
untrained,p20_pre,4,1,0.10759793922232397,0.75588588440811,0.22417225250181172,0.0,0.20850245918467714,0.6931373153299584,0.4231674890886872,-0.7174001789532696,-0.2116568505180212,0.4231674890886872,0.9016397745146355,0.15859904666095503,1.4834063102642776
untrained,p20_pre,4,2,1.9796218492836086,0.45517935994227976,1.8596017303919758,2.005969243315613,0.3847600320826179,1.8534970729273668,-1.6756811524842306,-2.0570091680621814,-2.143837704461081,-1.6756811524842306,4.244226348325597,0.09355606709460185,2.6621012629359684
untrained,p20_pre,4,3,0.05266307705841,1.8877816233981695,0.9567459390409976,0.012267171322812187,1.001944375388369,1.786025881442405,0.20586293541647205,-1.7943024550143865,-0.9567459390409976,0.20586293541647205,2.8002374281535864,0.1461422454421928,3.1522426090122515
untrained,p20_pre,4,4,-0.4103585196057047,1.7935126684345084,4.440892098500626e-16,-0.39678233857571943,0.6414768136137041,1.2790766131307683,0.6463911625410983,-1.3460011036308597,0.0,0.6463911625410983,1.523771088168753,0.03715304519794449,2.207315295907796
untrained,p20_pre,4,5,-0.5555996688740394,1.910734211431497,0.7546020135678488,-0.5783988063315508,1.5747496159750582,1.2468166461645622,0.6612942686871648,-1.248379814834598,-0.7596745188526469,0.6612942686871648,2.2431674558080696,0.10168222243806169,3.006143946933296
untrained,p20_pre,4,6,1.7122388500152876,1.137439493911538,1.1651884322458925,1.13638296036626,0.19570342009058717,2.0745145825667866,-1.12985073313828,-2.655736179571232,-1.167235881162706,-1.12985073313828,3.406600963023634,0.19189471543878045,2.468644945324134
untrained,p20_pre,4,7,-0.786493911155258,1.5991196515172037,0.0,-0.8094619028524708,0.9608766401663893,0.6549626571427303,1.2766505401020707,-0.6549626571427303,0.0,1.2766505401020707,0.8063773944566488,0.1576630832192154,2.240691017777935
untrained,p20_pre,4,8,-0.2540367095329046,2.215299615736934,0.5304043288707527,-0.20678229888077215,0.9096113594679232,1.8203122719447962,0.4297458920026167,-1.8384891829794392,-0.5347345493701633,0.4297458920026167,2.523141332531947,0.11844350272517945,3.071330727259743
untrained,p20_pre,4,9,0.44802981058576163,0.28005231283348886,1.8839615640405194,0.7317179920340664,0.009891160912396835,0.4625283762420511,0.06499241360435981,-0.45537271529529466,-2.143384261172803,0.06499241360435981,1.2041375291885144,0.013286710991672113,1.2824166537845463
untrained,p20_pre,5,0,-1.1462176094365804,3.218719162260201,0.35567835916931845,-1.1638156705200862,1.631869217341721,1.9047066645581274,1.3512073293431506,-1.9080779860398855,-0.35567835916931845,1.3512073293431506,2.372760211379762,0.16442356678373504,3.8883911075066475
untrained,p20_pre,5,1,2.153727067380891,0.7080068352689963,0.8681875467890994,1.238585114685756,0.661731303777847,1.0509844631833118,-0.8532988230045211,-2.177975709312723,-1.239769198121636,-0.8532988230045211,2.951300881646915,0.3121765420046272,2.410178600647021
untrained,p20_pre,5,2,-1.7372457465317876,2.9863701388395536,0.0,-1.7224783359357532,1.7459071165356468,1.1408666316882146,1.9929531624629888,-1.1523847032833685,0.0,1.9929531624629888,1.1642954122881082,0.09673968902439745,3.2539882637754944
untrained,p20_pre,5,3,0.19733282923666629,1.2239234706026965,1.752153324732673,0.196324939418842,1.2252421860612634,1.3432983175288524,0.21474949019025757,-1.3432983175288524,-1.752153324732673,0.21474949019025757,2.764865443008958,0.07795798231051032,3.0575729155097258
untrained,p20_pre,5,4,2.307436850169274,0.3443423978323805,1.627808885089375,1.6935089648388666,0.17817404695741823,1.8145733602589595,-1.1276798178247862,-2.4494278983323303,-1.6985286127419053,-1.1276798178247862,3.6862563720552446,0.13163162201679457,2.690208176247253
untrained,p20_pre,5,5,2.7673955454938692,0.3990167635945463,2.3056141810413213,2.3579646197139814,0.21640861229189978,2.5021990081748133,-2.1882225664684594,-2.9924696201054335,-2.4163459291032545,-2.1882225664684594,5.0765722401806945,0.06321094092104929,2.9515606146332845
untrained,p20_pre,5,6,1.5508850574973407,1.3321699280699053,1.1819624732733125,1.1667011239949998,0.2211941173850689,2.2858325572693503,-0.8063881530816142,-2.6349779746337365,-1.1819835271295045,-0.8063881530816142,3.673727798649419,0.24805595707731753,3.1153956026451226
untrained,p20_pre,5,7,1.0941963003860593,2.104200784321127,0.222714811643141,2.1015819143656778,1.09137871358698,0.25588552401566567,-0.022778120063444263,-1.092626204393108,-2.145939877944365,-0.022778120063444263,3.4488461519683233,0.1825458140128542,3.6086138459177333
untrained,p20_pre,5,8,2.1836752469979035,0.5448809849678233,1.5586577591433368,1.5627142121937154,0.14947654363503338,1.9719144686012302,-1.3643722100984617,-2.6062382245835836,-1.585053860106774,-1.3643722100984617,3.6841052244299792,0.09592190641870602,2.4156549207502236
untrained,p20_pre,5,9,1.465784839154316,1.414087759985025,2.0330903320437983,1.3818664007482053,1.0041096625565156,2.5550603097306124,-1.1355346688166996,-2.6006340280817524,-2.0359717296224993,-1.1355346688166996,4.941036373035333,0.2763571734788881,4.081858877697521
untrained,p20_pre,6,0,0.19367140550055684,2.4179120226871404,0.9308714051994365,0.1785347425831949,0.940565737240628,2.469751079322469,0.5177274780104746,-2.510921705583055,-0.9261919742774698,0.5177274780104746,3.588851559146292,0.10534115352660911,4.211920190683376
untrained,p20_pre,6,1,-1.9264614506144517,3.0885890502662865,0.0,-1.895549401649178,2.0053465241678694,1.0456463728351815,2.1582357955105156,-1.0472832470743985,-8.326672684688674e-17,2.1582357955105156,1.1554434953538728,0.11484435257743622,3.4285236434418245
untrained,p20_pre,6,2,0.42794103394150707,1.900098559842374,0.5896093397515276,0.403182146922509,0.21783154498517376,2.1821567145570757,-0.009896926741924439,-2.2349042699229567,-0.5896093397515277,-0.009896926741924439,2.8031704064647585,0.09313532386092438,2.8864088035837585
untrained,p20_pre,6,3,-0.508920448240199,2.7341449988536546,0.479840199700277,-0.507034535046818,1.3643368274785068,1.9168551260446716,0.7015436430673301,-1.9605101386329062,-0.4798401997002775,0.7015436430673301,2.7741574184763604,0.26471441198054885,3.7404154735242394
untrained,p20_pre,6,4,-1.8832175489506917,3.1969364433749052,4.440892098500626e-16,-1.8890032398290795,2.036630639201115,1.2059005469404214,1.9303829670131187,-1.213823443072358,-2.220446049250313e-16,1.9303829670131187,1.3535279463124568,0.09989545135185574,3.3838063646774312
untrained,p20_pre,6,5,-0.997376468329924,2.9571104267482506,0.4757487111361094,-1.0055571792785776,1.6511798916610432,1.7039579314004945,1.2052286211627017,-1.7039579314004947,-0.47574871113610884,1.2052286211627017,2.34958064378296,0.25577602701783275,3.8105852919634944
untrained,p20_pre,6,6,-0.5956994498954158,2.808884158641917,0.7810911434854386,-0.6029088307881727,1.4388008623584465,1.9811551278124577,0.6745329263192756,-1.9902037487450166,-0.7810911434854382,0.6745329263192756,2.8170471593827315,0.22298096000148493,3.7145610457034923
untrained,p20_pre,6,7,-0.7778045332919914,2.7108279812194587,0.0,-0.7660015598425849,0.9268729343310667,1.888952190437998,0.8094405186856122,-1.9104078176917372,0.0,0.8094405186856122,2.0498235649264798,0.0226156302357301,2.8818797138478223
untrained,p20_pre,6,8,1.4537791685679131,1.363937641460662,2.220446049250313e-16,0.0,0.00513940186363282,1.398864198830768,0.19428123651327045,-2.764885555948979,0.0,0.19428123651327045,1.4040036006944008,0.05283125407959677,1.651116091287268
untrained,p20_pre,6,9,-1.3745277967498906,3.0857941289923208,0.011252633144201774,-1.369253746987542,1.5175823534483115,1.6489012215130927,2.371304143540817,-1.6489012215130927,-0.011252633144201774,2.371304143540817,1.797229827973862,0.06236511072933748,4.230899082244016
untrained,p20_pre,7,0,2.948472667191195,0.9569454350029392,2.0722931724535325,2.67788311526121,0.8872600795785504,2.0621814545698975,-1.878957314019381,-2.9567238784748042,-2.719164612482572,-1.878957314019381,5.627324649409658,0.3018227836902905,4.050190119080568
untrained,p20_pre,7,1,0.43513326913264505,2.1475560532716584,0.9760726238382764,0.3704810373005336,0.6472188734282949,2.5204273232827803,0.5904583267145176,-2.5695634393689266,-0.9760726238382759,0.5904583267145176,3.5381272340116086,0.013125883035377428,4.141711443761504
untrained,p20_pre,7,2,2.6586643446081917,1.0454087505605183,1.41010894603115,2.268416937737426,0.9957740691618984,1.4131192680896985,-1.1101585962070475,-2.6586643446081917,-2.268416937737426,-1.1101585962070475,4.677310274989023,0.18710075885424216,3.7542524376362176
untrained,p20_pre,7,3,-1.2602330652532334,2.222985411751677,0.2932787976851092,-1.236503631257957,1.5484801176692156,0.7942064800190394,1.6377018467866162,-0.8000892179047965,-0.2932787976851092,1.6377018467866162,1.106182966430298,0.1626631285936473,2.9065479418105618
untrained,p20_pre,7,4,1.6831362878120602,0.5040174021386825,2.2884200876496164,2.044293034833344,0.2025045706398907,1.7010818612463816,-1.625253298392809,-1.7250947800668466,-2.568356938270888,-1.625253298392809,3.947879466719616,0.18212205926262426,2.5047482275894315
untrained,p20_pre,7,5,2.2218765089582324,0.43922167038105764,1.733000111164754,1.7800949997676196,0.20355138559380803,2.0671173963038245,-1.6489469033353084,-2.4967233356037526,-1.7887644762446695,-1.6489469033353084,4.050763781665252,0.10861047865562146,2.5104273569855655
untrained,p20_pre,7,6,1.7801782205443,2.013328926823082,1.7680732844125089,3.247170815521677,0.6217558120652926,1.6349600293574538,-1.4954521719207996,-1.7831146118742236,-3.350458993108913,-1.4954521719207996,5.503886656944424,0.4280068267967545,4.436441311820379
untrained,p20_pre,7,7,2.063534059587925,1.0512093440805814,2.8201472598791186,2.0785680859701987,0.8680093098846893,2.684729459568138,-1.9364310855200344,-2.7027058261107486,-2.9008669169888157,-1.9364310855200344,5.631306855423026,0.33131792044806074,4.026193690351052
untrained,p20_pre,7,8,-0.7284017152703459,2.3514926168135677,0.0,-0.7198478803278818,0.7661632469574933,1.489516694317714,1.0061261021265642,-1.5079111138966688,-5.551115123125783e-17,1.0061261021265642,1.5358320609473255,0.11517978764655296,2.6571379507204425
untrained,p20_pre,7,9,3.3451611081663635,0.5448183935557216,2.150529847868854,2.154451023466186,0.2674434255994873,2.393183450712705,-1.7599419165638288,-3.6059531258177127,-2.154451023466186,-1.7599419165638288,4.8150778997783785,0.28010520030704056,3.3352411835215903
untrained,p20_pre,8,0,-0.13634373714308645,1.4018748682222326,0.0,-0.14149662249616468,0.18615058625061742,1.1052561332730109,0.5222531669774599,-1.1839733589731072,0.0,0.5222531669774599,1.1499100970274636,0.08155777210603898,1.7537210361109625
untrained,p20_pre,8,1,0.24400034683382454,1.1569804782984305,0.04476754975924102,0.0,0.047165472469335334,1.1751207102122532,0.5595739484050837,-1.351583300082347,-0.04142655652880001,0.5595739484050837,1.2222861826815885,0.052738518280349145,1.8345986493670212
untrained,p20_pre,8,2,0.20251845696067972,1.1482395182687104,0.0,0.0,0.06705509374162877,1.0884966617164258,0.8894504497371454,-1.2841340390334197,0.0,0.8894504497371454,1.1555517554580546,0.0666239361959704,2.11162614139117
untrained,p20_pre,8,3,-0.534201992087679,1.6581636952348617,0.0,-0.5478768874055959,0.5521848360643109,1.0113150087053142,0.845963833471344,-1.0433607318015012,0.0,0.845963833471344,1.0156229573640292,0.08060097134568145,1.9421877621810546
untrained,p20_pre,8,4,-0.20598313515327615,0.8690829577820802,0.08624367666098243,-0.13960852299869275,0.35896435513327507,0.49436588618982014,0.4059028391477404,-0.5175711104360006,-0.0818801927759365,0.4059028391477404,0.7137217183244025,0.14989219607784943,1.2695167535499923
untrained,p20_pre,8,5,-0.991138245448954,2.0977418809951347,0.0,-0.9136947586263884,0.9597934861197324,1.0445657441347342,1.1068944597822057,-1.0928251797671504,0.0,1.1068944597822057,1.0906644716280782,0.013778455779030363,2.2113373871893143
untrained,p20_pre,8,6,-0.7069554566982956,1.9861846888095709,2.220446049250313e-16,-0.7357317387788076,0.8799558394895055,1.0959022243444976,1.2386051879175568,-1.124498661686737,-1.1102230246251565e-16,1.2386051879175568,1.2401263250551955,0.15473057042453842,2.6334620833972906
untrained,p20_pre,8,7,-0.7802975863238506,1.871037533880662,0.0,-0.8200492543367521,0.8069826092173424,1.0998609006781566,1.0325097284470806,-1.1356095297643134,0.0,1.0325097284470806,1.0867942555587469,-0.044869582207502035,2.0744344017983254
untrained,p20_pre,8,8,-0.11275212676137025,0.9175415806126206,0.0,-0.07361260991797236,0.15468573306469313,0.6072568581882536,0.5620376650653096,-0.6883000155980618,0.0,0.5620376650653096,0.6883299813349744,0.11648943825318858,1.3668570846534727
untrained,p20_pre,8,9,0.4083829254942486,1.5213104698968896,0.5104426906213888,0.3286980830208701,0.232213307855881,1.674648081211128,-0.15259438964414596,-1.8007780576933434,-0.5105776628240275,-0.15259438964414596,2.2355594720878793,0.1287803654951558,2.211745447938889
untrained,p20_pre,9,0,0.5843649520749388,1.9352195372830394,1.4512050798578353,0.5090367048846554,1.018732949360914,2.418088258585388,-0.15365432911595356,-2.4412814309693514,-1.4632163248052894,-0.15365432911595356,3.945857912830957,0.06629181344117274,3.8584953971561764
untrained,p20_pre,9,1,2.4607685934845778,0.7881565492841061,1.5066139843459032,1.4895913044746387,0.2244052032711905,2.038808207703115,-1.4435674187717744,-2.9588436606157766,-1.5483700334463895,-1.4435674187717744,3.7528047154489443,0.24832543305242094,2.557562729729591
untrained,p20_pre,9,2,1.002628849335038,1.1425516545261527,1.0341192841256563,0.8801273061059833,0.204038886966031,1.938432618173371,-0.36280312482376065,-2.054913069835974,-1.0341192841256563,-0.36280312482376065,3.0225988112453854,0.09026743402521697,2.7500631204468418
untrained,p20_pre,9,3,2.0529902163626215,0.6352165315430023,1.3321753116947688,1.332175311694769,0.05931039466607757,1.8488896127083492,-1.3206744252041753,-2.5307618085110937,-1.3415481991223235,-1.3206744252041753,3.2403753190691957,0.1480720519669756,2.067772945831996
untrained,p20_pre,9,4,0.9315971019254992,2.312696739395078,1.76581238724824,0.9308884031493485,0.9577913316804896,2.9962721841601274,-0.9249808808488638,-3.0466959750916818,-1.7658123872482392,-0.9249808808488638,4.884951918989966,0.19759786622889663,4.157568904369999
untrained,p20_pre,9,5,1.996500200726902,2.1099823843834375,1.7969476930200146,1.687176541198244,0.934552920651547,2.8892869539254917,-1.5730654417218322,-3.2499575077726623,-1.7993350670925286,-1.5730654417218322,5.511016415775282,0.8541377032651636,4.792088677318613
untrained,p20_pre,9,6,2.874999765159541,0.7565069274827398,3.3786902535532644,2.935605499514193,0.5761007857122076,3.1468708661696914,-2.837867772686373,-3.1783780925218656,-3.468077068154189,-2.837867772686373,6.658577151396091,0.3637417855194909,4.184451164229209
untrained,p20_pre,9,7,2.7643385278874897,1.0171891842526746,3.4395404211046623,2.9108244493526803,0.9169392374378424,3.0731839621052126,-2.639101888503676,-3.175473760214762,-3.514278677865678,-2.639101888503676,6.900947648895736,0.5313156951643871,4.793161455556447
untrained,p20_pre,9,8,2.8096208932161315,0.691945652112389,3.114924290647826,2.780684233598437,0.46596613380623797,3.2740031960657636,-2.568826106680074,-3.3172293426831567,-3.1403791036500746,-2.568826106680074,6.520653563470439,0.1588823896431153,4.11070984643348
untrained,p20_pre,9,9,-1.8025237598308357,2.8202478001665643,0.19350530805121613,-1.7919281238517781,2.0364913415530648,0.9626513382824791,2.6045337299165796,-0.9648067050092505,-0.1912107393786211,2.6045337299165796,1.2072145559837657,0.055211903999073164,3.8669601898994186
untrained,p20_pre,10,0,-0.1636813028208559,3.136873227153417,0.29474957764984566,-0.20100082510257788,0.7646844125856584,2.6818326608413705,0.9157309828221738,-2.724794744973548,-0.29474957764984566,0.9157309828221738,3.245516248324451,0.24839717935901318,4.4096444105056385
untrained,p20_pre,10,1,2.7922155805225373,0.84861346929004,2.8066774135814274,2.639381125853987,0.4530139312982562,3.1321917283755702,-2.3183133612251616,-3.294534131747463,-2.81955029280598,-2.3183133612251616,6.224586785527814,0.333422038840562,4.239695463143214
untrained,p20_pre,10,2,2.0604101088100704,1.7936276182032438,0.6696157047145701,0.6696157047145701,0.08692959309536796,2.336370736854515,0.015111128823391162,-3.684668381544418,-0.6696157047145705,0.015111128823391162,3.092916034664453,0.16936934546889626,3.2773965089567403
untrained,p20_pre,10,3,2.0801908907396376,0.6854604066980468,1.896744125972904,2.457932881006879,0.23955240917863296,1.8391912619447037,-1.1365433722976839,-2.0801908907396376,-2.4693076846242277,-1.1365433722976839,4.536676552130215,0.11289684804672317,3.5130300278792546
untrained,p20_pre,10,4,1.9021052226840691,1.5167688612671353,1.9063659074590689,1.7921494057162222,0.28828642557856554,3.048650633012642,-1.6022837300662411,-3.2320177323121326,-1.9063659074590684,-1.6022837300662411,5.12908646430743,0.18685635163907177,3.7136590858802605
untrained,p20_pre,10,5,0.4239386732101962,2.842561946428834,0.7196085577931313,0.3611962020649484,0.48501487404753174,3.0771615086554274,0.09615050561621175,-3.136932606100596,-0.7196085577931313,0.09615050561621175,3.9233725847679075,0.12956801353843383,4.149091103922553
untrained,p20_pre,10,6,1.086366212920943,2.2960663536740458,0.9792700949650293,0.8504604712405808,0.2153117673714604,3.0445462736462554,-0.40156110275768064,-3.1952734008087784,-0.9792700949650288,-0.40156110275768064,4.110318512258297,0.18715916578621128,3.895916575286827
untrained,p20_pre,10,7,2.3219341514535166,0.37413577964112,2.894665380925966,2.26637092555415,0.33047079292810766,2.538137600752271,-1.5726215429338506,-2.585748176500937,-2.9146921739879827,-1.5726215429338506,5.134979319234528,0.09029496153168282,3.6526527378323603
untrained,p20_pre,10,8,-0.599243337537251,2.954450843897366,2.220446049250313e-16,-0.6215058125490738,0.7172535005062652,2.157939070543831,1.4328478793595054,-2.166236406851937,-2.220446049250313e-16,1.4328478793595054,2.2536867585010225,0.18897109950817748,3.875505737368705
untrained,p20_pre,10,9,-0.212332095264137,2.8358411658675395,0.22136523111456796,-0.15299819323367192,0.557632869247791,2.443228758979659,0.7596940418657931,-2.538982979517752,-0.22136523111456818,0.7596940418657931,2.847863434993778,0.08452609108565023,3.6920835679452217
untrained,p20_pre,11,0,-0.697008863346519,1.8107576476150746,0.0,-0.7616547319335569,0.8600343425339874,1.0977159994201466,0.9288931971477878,-1.1351921784781753,0.0,0.9288931971477878,1.196095610020577,-0.021443394209619715,2.1035454129587454
untrained,p20_pre,11,1,0.0,1.7995041857681984,0.07905501562305228,1.5994986861201739,0.11300058698741022,0.0,0.12223630132500185,0.0,-1.6958623939385575,0.12223630132500185,1.712499273107584,0.18269680745269312,2.0174323818852793
untrained,p20_pre,11,2,0.0,1.9346234106959723,-0.3469868204414974,1.4489332478373274,0.37860676169157337,-0.3736629352306997,0.47864694185065115,0.0,-1.5442379068740206,0.47864694185065115,1.453877074298201,0.04339868338045427,1.9759226995293064
untrained,p20_pre,11,3,0.0,1.0101992585462893,-0.2635657362924393,0.6454508747090224,0.26639985567781643,-0.24995572098182794,0.6783428520402099,0.0,-0.706319489493688,0.6783428520402099,0.6618950094050109,0.0403140327601621,1.380551894205383
untrained,p20_pre,11,4,0.0,1.27101459177058,-0.5563935281820744,0.5442964018830474,0.5750735192165969,-0.5740076544121222,0.8828339962971099,0.0,-0.6946523724760421,0.8828339962971099,0.5453622666875222,0.019968691112463466,1.4481649540970956
untrained,p20_pre,11,5,0.22674297803149202,0.6493160171719308,0.0,0.0,0.07686286760926064,0.5996764175126101,0.3538724041923733,-0.7790895549917103,0.0,0.3538724041923733,0.6765392851218708,0.0969694402117125,1.1273811295259566
untrained,p20_pre,11,6,1.2918304669421845,0.7921533911522647,0.0,0.0,0.022654805818731916,0.7619948262706919,0.6198910658861352,-2.0976316483471154,0.0,0.6198910658861352,0.7846496320894238,-0.013647790252666159,1.3908929077228929
untrained,p20_pre,11,7,0.0,2.12558917560363,-0.1816374090829438,1.6616727023284659,0.2173067967823359,-0.1375065776272435,0.38978883264671893,0.0,-1.817897085942118,0.38978883264671893,1.7414729214835583,0.12605468057856828,2.2573164347088452
untrained,p20_pre,11,8,0.0,1.9479071460485933,-0.7007943843226108,1.1060357096748077,0.6556372358873714,-0.651271024958854,0.8146149221687731,0.0,-1.1120798902074984,0.8146149221687731,1.110401920603325,0.1350328715184841,2.0600497142905825
untrained,p20_pre,11,9,0.0,2.3671156309769708,-0.35585026978929957,1.8192903296880674,0.39223018082735317,-0.3506007398494604,0.49435365280958354,0.0,-1.9244876109178375,0.49435365280958354,1.86091977066596,0.0867777502698337,2.4420511737453774
untrained,p20_pre,12,0,1.5495824554276227,2.1825331014467695,1.6961943289543993,1.431333536539615,0.6659125951322094,2.944024300591701,-1.4362254229529832,-3.183747686614031,-1.6961943289543993,-1.4362254229529832,5.041270432263525,0.5483678702603612,4.1534128795709035
untrained,p20_pre,12,1,2.5429848039482827,0.2867710183162355,1.7794178811122197,1.8090459807252348,0.08705817399423799,1.9989877466031971,-1.391482755164703,-2.6668068087839796,-1.8146823355971544,-1.391482755164703,3.8950919013226697,0.12768455899560438,2.631293705153571
untrained,p20_pre,12,2,1.3802458234851995,2.0967162650500866,1.5924946009695364,1.3278596011631933,0.7516027971788999,2.975998949153921,-1.0693816684061765,-3.091027083734647,-1.5926347915903385,-1.0693816684061765,5.0554613474960135,0.3857948141798371,4.371874493269674
untrained,p20_pre,12,3,0.5243775495430691,1.1959201732298466,1.0598446386437248,0.4813257985436463,0.698968915062498,1.5380656849412333,-0.4366325307459995,-1.6108389788194568,-1.0697855557917317,-0.4366325307459995,2.718360398547378,0.09951782680545174,2.38124569460683
untrained,p20_pre,12,4,0.14607209317229408,2.3604594349266312,0.10611032563533307,4.440892098500626e-16,0.325587725591181,2.0996233561287134,0.05025351137177925,-2.2523639087711995,-0.10611032563533307,0.05025351137177925,2.425211081719895,0.2541676193277258,2.7296322124194
untrained,p20_pre,12,5,-0.5088619304840813,2.675341855668683,0.060725826416106354,-0.5370375751384988,0.7990485979790813,1.9318065176142514,0.8558280273947618,-1.9998396842349082,-0.05578103621395836,0.8558280273947618,2.193817540454834,0.17158503115184143,3.221230599001437
untrained,p20_pre,12,6,0.7913938750156011,2.6589054890519286,1.5084592282833267,0.7950601617564601,1.206517341482674,2.9268105977424996,-0.727119047658813,-2.9731125513351646,-1.5084592282833267,-0.727119047658813,4.928388100981634,0.47718681273236463,4.678455866055185
untrained,p20_pre,12,7,1.6058233313072408,1.3444893314639035,0.8871760058987497,0.8871760058987497,0.23428510125360535,2.0130643111224824,-0.7673212948293866,-2.6197641824018296,-0.8940279140347206,-0.7673212948293866,3.1345254182748374,0.32369657223334347,2.690900695678794
untrained,p20_pre,12,8,1.2623641448566385,1.2339461742267162,2.233201915045953,1.285378646658577,0.9759616480224143,2.449015736863784,-0.8218378578152166,-2.4715548622968018,-2.251618117822948,-0.8218378578152166,4.710356031544775,0.006339254009557926,3.894857427739116
untrained,p20_pre,12,9,-0.051324802738397235,2.4578665632001933,4.440892098500626e-16,-0.05031266519284694,0.3470777136901617,2.1382629536577142,0.2718402741834911,-2.2166299520467736,-2.220446049250313e-16,0.2718402741834911,2.435028002155029,0.18991180841502264,2.8967800847535425
untrained,p20_pre,13,0,-1.0053304088172537,2.4029865645457535,2.220446049250313e-16,-1.0042108898141922,1.175061918997926,1.2666124624777662,1.0930096826446003,-1.272624582482525,-1.1102230246251565e-16,1.0930096826446003,1.4374634916615,0.12503157324597491,2.655504747552075
untrained,p20_pre,13,1,0.0,1.312482792121033,-0.12082426447769778,0.8401849851558916,0.17621515510878272,-0.05311162699028227,0.42484886259026666,0.0,-1.1047448752271705,0.42484886259026666,0.963288513274392,0.08691365241616467,1.4750510282808234
untrained,p20_pre,13,2,0.21873394748440966,1.4230416051656793,0.18277562827595872,0.014321798738635927,0.12155992078515276,1.4245052794699042,0.2687420523958153,-1.5534709081599147,-0.17648978566943896,0.2687420523958153,1.560386998993693,0.09459048709669404,1.9237195384862023
untrained,p20_pre,13,3,0.24035382355967738,1.5313249908302273,0.4266214062901672,0.1036400266710551,0.41518512826925,1.561288922633124,0.03493410704813371,-1.6663613379075435,-0.42498303999986065,0.03493410704813371,2.080114077573429,0.10695584277266801,2.222004027394231
untrained,p20_pre,13,4,0.4972933555168355,0.3300780086364039,0.3266365059910359,0.33775765523744283,0.0026153541127897917,0.6396194842449456,0.0698276543150107,-0.7533876713870096,-0.32033018292911297,0.0698276543150107,0.9799924935951783,0.08029001582815276,1.1301101637383417
untrained,p20_pre,13,5,0.2548340615148623,1.6588184248544704,-0.15902008437571302,1.4822767167285709,0.4953441906923457,-0.12071201543112187,0.3881877131586351,-0.2548340615148622,-1.5042179718960251,0.3881877131586351,1.8569088919897947,-0.004419631417267755,2.240676973731162
untrained,p20_pre,13,6,-0.2613316500695704,1.0179997005116124,0.0,-0.2793739516278544,0.2839498631580559,0.7504133352223146,0.7819862662044321,-0.8279793260631111,0.0,0.7819862662044321,0.7549892467525161,-0.07131127562106909,1.4656642373358792
untrained,p20_pre,13,7,0.7814493270190763,0.6448978183105065,0.9461592530728087,0.7097236200451829,0.26113310826490466,1.2725250532927124,-0.22908748793236455,-1.3132013598147336,-0.9413098061369057,-0.22908748793236455,2.2433817816027997,0.11799523245075216,2.132289526121187
untrained,p20_pre,13,8,0.18097996923300497,0.7130246656988781,0.5066956764980466,0.1765440612657213,0.3415166816821362,0.8237825518940884,0.3289364787800042,-0.842698249775589,-0.5005058138964615,0.3289364787800042,1.3418432948419459,0.05749624775787909,1.7282760213798292
untrained,p20_pre,13,9,0.23573962872276444,1.3571439166566233,0.6927763404508056,0.21977281812058003,0.6619154126051396,1.3707956614009769,-0.06430236955982593,-1.428262481586447,-0.6927763404508056,-0.06430236955982593,2.2524838921266968,0.1646210637929404,2.352802586359811
untrained,p20_pre,14,0,1.1660447446660909,0.28188474407763553,0.5015148814085221,0.5613270909523767,0.07703348117264719,0.8164903562903136,0.04997790250330425,-1.3508807930238715,-0.5610277422715737,0.04997790250330425,1.4548509284153375,0.03753583485680334,1.542364665775445
untrained,p20_pre,14,1,0.7772933846649153,1.024544914079935,2.2736892363136536,0.7423681789029137,1.0321487313167128,1.7118070181031029,-0.5887933914875632,-1.705230569939957,-2.2736892363136545,-0.5887933914875632,3.4863239283227294,0.0966077288048921,2.9941382656400584
untrained,p20_pre,14,2,0.003876815669621614,1.3862221512850255,1.850963144653811,-0.05406593334952703,1.403205013005024,1.3111352036300334,0.4566414127365359,-1.29629993232063,-1.8493845192998424,0.4566414127365359,2.6602742832855304,0.09537765998798564,3.212293356010052
untrained,p20_pre,14,3,-1.0074528247394703,1.74010958270373,1.14234945796371,-0.9719436499769629,1.5962636029306267,0.5992900107314094,1.1833624491324222,-0.6001232674257425,-1.14234945796371,1.1833624491324222,1.2236099636850732,0.13253349053851737,2.539505903356013
untrained,p20_pre,14,4,-0.26638318190636245,1.8556169746453088,1.326697152179661,-0.29609411670404184,1.689883968149097,1.4599705636817155,0.5823250562000029,-1.4747327169281095,-1.326697152179661,0.5823250562000029,2.8537604151267706,0.11450107581083713,3.550586547137611
untrained,p20_pre,14,5,1.6592756592817623,0.3796361990686461,1.079698252834587,1.1029031973688177,0.10405492990609355,1.461657266662534,-0.5308730689811609,-1.8850068638400355,-1.1307177148645602,-0.5308730689811609,2.6686153939374453,0.10288553248039967,2.2406278574366842
untrained,p20_pre,14,6,0.072306149737007,1.8110395838806481,0.9720363590559109,0.05572122606220886,0.9520617697949287,1.7702385863927808,0.1416395875096823,-1.8004342964293796,-0.9718391162573733,0.1416395875096823,2.7780215822499184,0.08310867998681337,3.002769849746414
untrained,p20_pre,14,7,1.6690079310802712,0.594454761339636,1.3473763553914504,1.2663772624700746,0.0745771367516852,1.8508620045373971,-0.793528784120582,-2.133277877445798,-1.3500341385090548,-0.793528784120582,3.191816403759157,0.12752703185650516,2.52581465149508
untrained,p20_pre,14,8,1.6710274577105384,0.44586651252671694,1.3443455433814613,1.2388631268282972,0.032066864249304494,1.694050841452183,-0.7570951940418489,-2.0749806248532967,-1.3490540026033566,-0.7570951940418489,2.964980832529785,0.03720488616206308,2.2450905246499993
untrained,p20_pre,14,9,1.539490348365381,0.38660554765884214,0.8894372041705023,0.8724418488139594,0.027442788926083317,1.271049268572646,-0.4557039104112315,-1.8168761933501762,-0.8944473835907485,-0.4557039104112315,2.1709339063126887,0.10420952325380095,1.8194395191552581
untrained,p20_pre,15,0,-0.3582618443443588,1.5767651557221942,0.0,-0.3853436579135995,0.4457400989286293,0.9851849129796196,0.708739197613367,-1.105178233124017,0.0,0.708739197613367,1.0455813539946495,0.11332507825381843,1.867645629861835
untrained,p20_pre,15,1,1.765022721972827,1.3568743224870217,1.6089707282310552,1.5171098290819578,0.20296015439657777,2.6955534935356633,-1.419150886108497,-2.9718699181311186,-1.6148452000777973,-1.419150886108497,4.415623477014199,0.14415265448198822,3.14062524538769
untrained,p20_pre,15,2,-1.0037991146986607,2.267299395946163,0.0,-0.9817576124153788,1.0225982059636523,1.1790691659987942,1.1978405199689193,-1.2114050610052502,0.0,1.1978405199689193,1.2199097595470676,0.052095220242251994,2.469845499758239
untrained,p20_pre,15,3,-1.09404428169863,2.0896404775408786,0.9397279818178603,-1.0893257266371545,1.9295745156791635,0.8977930640258798,1.8633446655593358,-0.8977930640258798,-0.939332915295355,1.8633446655593358,1.7380418530678887,0.09819819833887411,3.6995847169660987
untrained,p20_pre,15,4,0.2073714103017572,2.1913219005691036,1.449701677142576,0.18553424202062452,1.3315360219521897,2.3074492818577053,-0.18786671381088382,-2.3084752819602588,-1.446821537096539,-0.18786671381088382,3.8245195458305195,0.09309816895663903,3.7297510009762744
untrained,p20_pre,15,5,1.4049475788278403,1.6289736672487791,0.036955652543830375,1.5469375268425436,1.4138296212640262,0.04105247544182067,0.45372886818424263,-1.4049475788278405,-1.5486035933417275,0.45372886818424263,3.0018196235483905,0.1173257264508818,3.572874218183515
untrained,p20_pre,15,6,1.203936874793585,0.24493464731473558,1.0185792092522652,1.0919749746380978,0.07649413625034995,0.9972403356370325,-0.43459596534022804,-1.2569745408538884,-1.1744879922625466,-0.43459596534022804,2.1657094465254803,0.03598819824415078,1.767101679429403
untrained,p20_pre,15,7,-0.6354974667576794,1.426452934562564,0.0,-0.5869656129758865,0.5871090587703236,0.6918489884181123,0.933019278619784,-0.7394760053504706,0.0,0.933019278619784,0.6919924342125494,0.05147946245441404,1.6764911752867473
untrained,p20_pre,15,8,-0.7279765986524847,1.8641406249781294,0.0,-0.7369449968428221,0.799800728800409,1.0457001077489751,1.3676013533423381,-1.0631012570587752,0.0,1.3676013533423381,1.108555839706562,0.0730627692668695,2.5492199623157696
untrained,p20_pre,15,9,1.2125369657378586,1.0209722558253738,0.39563534734331895,1.3141417441653056,0.8220388340748597,0.380778733759888,0.39034627470728456,-1.206059264694089,-1.3300576372347324,0.39034627470728456,2.5169593120000533,0.0930276669777299,3.000333253685068
untrained,p20_pre,16,0,1.8814266574655911,1.392558473472704,0.7171101590080384,0.7057269641477073,0.3488876620998749,1.7761689894508543,-0.70242445044072,-2.8734781669114398,-0.7290890901357214,-0.70242445044072,2.8307836156984365,0.38852803289917204,2.5168871981568888
untrained,p20_pre,16,1,-0.40161020241010803,3.2445596816516584,0.15966651359834128,-0.4027098503184252,0.6835519307980662,2.692501714889068,1.2470492481081266,-2.711687377150815,-0.15966651359834105,1.2470492481081266,2.973343795368709,0.13126210209073563,4.351655145567571
untrained,p20_pre,16,2,2.8683292883333182,0.6566169493400893,1.546614608346917,1.5737615311115771,0.38700719265939076,1.7257922169688973,-1.484136677991052,-3.009869133844685,-1.5765201010491414,-1.484136677991052,3.686560940739865,0.48517161112649854,2.6875958738753116
untrained,p20_pre,16,3,-0.0805601387985273,2.269789538373459,0.6045894608940166,-0.11055838489920866,0.7992012125848966,2.005119126554107,0.20824134282903284,-2.02186450447299,-0.6045894608940161,0.20824134282903284,2.693761954239795,0.16736489510194197,3.06936819217077
untrained,p20_pre,16,4,0.8090743740314741,1.937252700869887,1.636235962401563,0.7927142379087218,0.98852788247408,2.546030927752162,-0.44274451818748517,-2.550584295433448,-1.6395088791243233,-0.44274451818748517,4.327273048134964,0.1924698627451531,4.076998392692632
untrained,p20_pre,16,5,2.2259099707454815,1.5498296439603323,0.7969219981476416,2.14893730377784,1.3794637728626202,0.770145728479553,-0.737306446087544,-2.2349329008260996,-2.166770450202024,-0.737306446087544,4.298546805120013,0.17095826182533136,3.7321986208578006
untrained,p20_pre,16,6,-0.06334290026528899,1.97883611715184,1.180000203141053,-0.07660650240843925,1.431200494501606,1.7217653310057188,0.1569344405202644,-1.7336649562539546,-1.180000203141053,0.1569344405202644,3.0763593230988855,0.1818282606325965,3.4151220242517466
untrained,p20_pre,16,7,1.0260193119574281,1.5887790879598171,0.5246284198318576,1.8466430518132007,0.5718429407766381,0.5854860862086548,0.2675291011333112,-1.0260193119574281,-1.9188651641647456,0.2675291011333112,3.0039720787984936,0.19454234362692935,3.466043523558734
untrained,p20_pre,16,8,0.0777814371649912,0.9340055545952994,0.10096576256257861,0.05843522835351811,0.10916843297255618,0.7612973313754392,0.4652923172922536,-0.8490836673756679,-0.09640864114682235,0.4652923172922536,0.9289009927015135,0.16726044580037902,1.5614537557941461
untrained,p20_pre,16,9,0.8451771945180617,1.431483306865051,0.5675230971328913,0.5150896999923711,0.1451703772061288,1.824452435196332,-0.49781342362975156,-2.1336527823010902,-0.5732183362445866,-0.49781342362975156,2.484712512394832,0.13731247997032714,2.1242115687354075
untrained,p20_pre,17,0,0.3406561861863575,2.7806492353707415,1.3746145813990878,0.38607260536516863,1.3730065307305246,2.7610308189391413,0.344907273969584,-2.7657943821791804,-1.3746145813990878,0.344907273969584,4.520109955034835,0.35551103937791817,5.220528268382337
untrained,p20_pre,17,1,0.39877890958861517,2.08927048617587,-0.40060107545997115,1.5310720647682567,1.028985600318947,-0.5114489704849141,1.3019683492216148,-0.398551573615049,-1.5310720647682567,1.3019683492216148,2.0486086946022892,0.15782468192120835,3.508401725745112
untrained,p20_pre,17,2,1.5129974011345484,0.3791425896297804,2.6367403121749766,1.802324842747133,0.11643606115870009,1.6488153482499026,-1.4507862418471609,-1.67240194005987,-2.7654109208121374,-1.4507862418471609,3.5675762521557357,0.09106744206729855,2.2078574523758734
untrained,p20_pre,17,3,0.2833219971038976,1.1529041446547623,0.923153141951019,0.24148360551752823,0.783504054259736,1.3525007853426116,0.10722932511539307,-1.3735997785944356,-0.9262385201225795,0.10722932511539307,2.3774884451198757,0.059540984992663915,2.5442587552279328
untrained,p20_pre,17,4,2.0751918179704454,0.7380094343756527,2.3368686340192246,2.057389897094103,0.4295783769265049,2.530660427819248,-1.4761157680741386,-2.5533111368969963,-2.3404409600813887,-1.4761157680741386,5.017628701839856,0.2563177893869377,3.797830723152655
untrained,p20_pre,17,5,2.8555617424126423,0.7093427735356617,2.7422591352616887,2.730408719841849,0.5500773118188431,2.821838662023149,-2.496509313410135,-3.0483400505162095,-2.9255062734735735,-2.496509313410135,6.1023246936838405,0.3333173272202097,3.9391327074939153
untrained,p20_pre,17,6,1.646664864137322,1.406562476995929,2.9426494463298973,1.6960634984595058,1.2964878470860302,2.7015157573343536,-1.2478841252638482,-2.7166780393051435,-2.9497504612373335,-1.2478841252638482,5.69406710287989,0.32944828692067096,4.775631264536713
untrained,p20_pre,17,7,0.46063013766453365,1.0573794379037182,0.9005658895690263,0.4500479224166263,0.4880383196707625,1.3967271504857914,0.16884101087386139,-1.42386363730196,-0.9005658895690264,0.16884101087386139,2.33481339257318,0.0941459382662918,2.5978003417133335
untrained,p20_pre,17,8,1.7665145463722476,1.3831129467022993,2.106064358449548,2.656302657881956,0.5470958297821977,1.7397477570293645,-1.7139147947125375,-1.805958701599645,-3.082702588797134,-1.7139147947125375,4.943146244693518,0.36703056112731636,3.5962620111082972
untrained,p20_pre,17,9,1.8145641117852942,0.3770288300064135,1.9047228570732204,2.0613237503052266,0.11663230382312095,1.800049117201369,-1.5815591075006559,-1.8387048856329509,-2.1750664590233906,-1.5815591075006559,3.9780051713297166,0.08254445420858714,2.478990518037648
untrained,p20_pre,18,0,2.7376131150347383,0.9084761933441667,1.714388207014589,1.7192602169864264,0.05833138298125107,2.600396969842273,-1.5371608824648222,-3.3426928997313805,-1.719676283973726,-1.5371608824648222,4.3779885698099505,0.2981083316883879,3.1389360190335163
untrained,p20_pre,18,1,1.9689822160477708,0.37674836876027173,1.8036094539676197,1.970338647032099,0.2474555780027865,1.785936867370979,-1.487102343864617,-1.9877540013543102,-2.10145022828263,-1.487102343864617,4.0037310924058644,0.060135809138722074,2.5767645576799696
untrained,p20_pre,18,2,-0.1559344713974995,2.2392995977499948,0.8833199447173383,-0.1747322180591322,1.1272385072774553,1.9021936081782522,0.2596903964152917,-1.9199509272699178,-0.8833199447173381,0.2596903964152917,2.8546998973965754,0.1634141990825777,3.277804492894445
untrained,p20_pre,18,3,1.9761477312718037,1.3433382661673527,3.546056867534941,1.9767976971754178,1.3330041359863576,2.9166204440936783,-1.9636104304324338,-2.919886006865321,-3.5757418013013598,-1.9636104304324338,6.226422277255454,0.3699150568074163,4.632726903630436
untrained,p20_pre,18,4,1.6924107667568076,0.29902780416591357,1.3439394876301214,1.4699857777745229,0.09949599744129944,1.5302527688321628,-1.2295548797212268,-1.8699628605042586,-1.4699857777745229,-1.2295548797212268,3.099734544047985,-0.004570579725938995,1.8656090846008193
untrained,p20_pre,18,5,1.7215788906916747,2.322148066612323,1.2655694126678334,1.2022356111923855,0.3812872166209105,3.1539107110516227,-1.0502547915743037,-3.4982570271398448,-1.2655694126678336,-1.0502547915743037,4.737433538864918,0.5454699301641524,4.232648677454767
untrained,p20_pre,18,6,2.4440638122652363,1.1864105303958445,3.5891567541489477,2.302385408275725,1.1424335300230486,3.453932896413193,-2.106212489171618,-3.5099750098954217,-3.5960634203278987,-2.106212489171618,6.898751834711966,0.11359266658670775,4.906132012127056
untrained,p20_pre,18,7,1.6912304728111835,1.8998601505061723,2.0499506930798357,1.624342985259466,1.178934328504846,2.8539142076812736,-1.4316964384170863,-2.9545059861661818,-2.063322645620306,-1.4316964384170863,5.6571915214455855,0.6232126846107038,4.848707767639203
untrained,p20_pre,18,8,2.819850607307049,0.5571203687545969,3.716120929637058,2.827780502560495,0.5102071916507267,3.073954885225677,-2.605178282413066,-3.0879606768396046,-3.8754476193175593,-2.605178282413066,6.411942579436898,0.1296836095415399,3.9364479065653724
untrained,p20_pre,18,9,2.4729997412676767,0.8380887821646699,1.5921851394793287,1.6003494395856663,0.0031559881675287116,2.3351956251804347,-1.2532221892043163,-3.2363396130095845,-1.6121044707981909,-1.2532221892043163,3.93870105293363,0.05482957910389996,2.7403084428332134
untrained,p20_pre,19,0,1.6118912992712418,0.8934424451819509,1.1756341996100443,1.1164541733611735,0.051104021504334796,1.9530205443849833,-1.034632918459339,-2.371918629212953,-1.1926771374466913,-1.034632918459339,3.1205787392504916,0.11637217740359307,2.2023179981947454
untrained,p20_pre,19,1,0.10641848758698025,2.1489810502076523,0.0,-4.440892098500626e-16,0.13518891449275872,1.8825725871673407,0.37859363877305796,-2.1775657595264253,0.0,0.37859363877305796,2.017761501660099,0.07783377826820725,2.474188918701364
untrained,p20_pre,19,2,1.5563729319721014,0.7741137776391014,1.099637391830621,1.0762054698124635,0.07775926190229487,1.8113409954991928,-1.0394362061121099,-2.161923960798987,-1.1029288770564794,-1.0394362061121099,2.965305727213951,0.1652712635863578,2.091140784688199
untrained,p20_pre,19,3,0.1384140795520914,1.0192405544871155,0.0,0.0,0.040613288184787266,0.856008344667258,0.6371337881279275,-1.1673146522139228,0.0,0.6371337881279275,0.8966216328520452,-0.009660018174715956,1.524095402805257
untrained,p20_pre,19,4,1.0049657751178112,1.0707844958906914,1.4221782533394476,0.9909507841599527,0.4872572538238753,1.9028068120255042,-0.8276199578977774,-1.949351105260154,-1.4253877284532073,-0.8276199578977774,3.381014850009332,0.12318969063458862,2.6765845827461434
untrained,p20_pre,19,5,-1.1363068273634815,2.9405602358601675,0.0,-1.179132141421999,1.1937507650482013,1.7650702426099996,1.2795093839603493,-1.8237176767401786,0.0,1.2795093839603493,1.7796888662362018,-0.019464268243492677,3.0397339819530584
untrained,p20_pre,19,6,0.8055040881746995,1.1715787916521943,0.6719106392175744,0.5163506924386212,0.45126302063967927,1.6326059177256218,-0.28073780139633,-1.7488286657484942,-0.6781193434937667,-0.28073780139633,2.600219630803922,0.22204550980220739,2.5415273392097992
untrained,p20_pre,19,7,1.6285024761356972,0.7522666296379099,1.5815706384534483,1.422123898498305,0.2451232732188755,1.9021517105869992,-1.3499050670932062,-2.147734626582162,-1.5850473017052447,-1.3499050670932062,3.5693988823041796,0.22955781593964852,2.449051631150622
untrained,p20_pre,19,8,1.5384644805801408,0.9300409345105836,1.3489392083191867,1.210991001083284,0.20204701563199468,2.046243059079428,-1.198278276359387,-2.270665858867812,-1.3489392083191867,-1.198278276359387,3.459281075794707,0.1978395562229125,2.4588423556582324
untrained,p20_pre,19,9,-0.8950401138950093,1.9943906562194047,0.5041507374061842,-0.8363691178845802,1.4041888629930135,1.0498081239894779,1.0657291090619045,-1.049808123989478,-0.5041507374061844,1.0657291090619045,1.6176278690979111,0.04954241833491713,2.732899396494733
untrained,p20_pre,20,0,0.8277406533674536,0.9449099665261016,0.5181388586088627,0.5051760663157041,0.00494545705376126,1.3831936314224424,-0.3925209381083965,-1.705341079199978,-0.5195743115975584,-0.3925209381083965,1.8933151547919078,0.06587408770488157,1.5666683043883929
untrained,p20_pre,20,1,-0.68339621725398,1.609002206104804,0.0,-0.6393043765203361,0.6504545934160393,0.9260092215121372,1.1775629270756713,-0.932338284294326,0.0,1.1775629270756713,0.9371594384078403,-0.006732295443502068,2.1079900700400094
untrained,p20_pre,20,2,1.7800786725642979,1.027376065213736,0.8231250390808915,0.7969569894039141,0.08453232945300382,1.7844205094225665,-0.7882290709700293,-2.7049237754769133,-0.8235111001045601,-0.7882290709700293,2.665909828279484,0.10214490127745224,1.9798256585869072
untrained,p20_pre,20,3,-1.1680023107692994,2.2364375052090173,0.2330685631290801,-1.1637392352837943,1.453267126583331,0.9599916206472404,1.3816565638196736,-0.9609884706319267,-0.23341484992125017,1.3816565638196736,1.2495195119467772,0.10710043701562111,2.738276512782072
untrained,p20_pre,20,4,1.445024516227293,0.7361119498423538,1.3268685501559834,1.2945766649903552,0.06075865359130317,1.9814174780745986,-0.7374356279095773,-2.134634340439619,-1.3291829679052065,-0.7374356279095773,3.336752796656257,0.04418770788080506,2.643504876627485
untrained,p20_pre,20,5,0.19896766860573867,1.7350210514798674,0.23974993016659107,0.03085242018904033,0.12240052216276398,1.6874950937465454,-0.05288114100967256,-1.7596193025033486,-0.23974993016659107,-0.05288114100967256,1.8407480360983497,0.17436941758225744,1.9622363126709346
untrained,p20_pre,20,6,0.7780720896781377,1.0168826046045263,1.2704425501146193,0.7314473550005458,0.5885702844085121,1.7110506195327742,-0.556421689220489,-1.7370321266968154,-1.2704425501146197,-0.556421689220489,3.031068258941832,0.05792256758584813,2.532569137307191
untrained,p20_pre,20,7,1.8929129876037685,0.679160085833526,0.19181975396853113,0.21545700235006748,0.030481717066889402,0.9030956497525484,-0.11215560528045021,-2.451681402494442,-0.21558354473460595,-0.11215560528045021,1.1490343691695053,0.09662788017677792,1.133506644065833
untrained,p20_pre,20,8,-0.42799416167667115,1.881009551644497,0.0,-0.43307531675376576,0.5246240848826544,1.3200143866102498,0.4614414839881569,-1.426300789070568,0.0,0.4614414839881569,1.4115631547391385,0.026714600897257856,1.8997192396245532
untrained,p20_pre,20,9,-1.0169446450174289,2.4537421586830273,4.440892098500626e-16,-1.0313153516756493,1.1263018616637697,1.312454847119087,1.0355205686081486,-1.3416656612422844,-1.1102230246251565e-16,1.0355205686081486,1.4074413571072075,0.09513185242331434,2.5380937781386708
untrained,p20_pre,21,0,-0.36774532348728783,1.7618987687656937,1.1478361144103504,-0.40507913246612004,1.4140365501416454,1.2857903276876206,1.0448713036093258,-1.2862134558004934,-1.1265119941275277,1.0448713036093258,2.294747745363146,0.1292641097607352,3.468883158733207
untrained,p20_pre,21,1,-0.9740921475821138,3.020252577116167,0.0,-1.0010503572665508,1.152177513341997,1.905374069726034,1.1021802413866846,-1.924414390649674,0.0,1.1021802413866846,2.05650122580148,0.12174603888437918,3.280427506072544
untrained,p20_pre,21,2,2.422868594516605,0.6980044897362769,2.7802238244455313,2.408047126371745,0.47686505447720995,2.877601072272223,-2.163189158411984,-2.926283994706665,-2.8008989300665412,-2.163189158411984,5.762513253121178,0.1739139839252073,3.773238078634401
untrained,p20_pre,21,3,-0.7210924579226483,2.331939602023086,1.6748266251374235,-0.738319292475847,2.274885617317615,1.532403327984921,0.9269674374228343,-1.532403327984921,-1.6748266251374235,0.9269674374228343,3.0689696528266888,0.07844381611551654,4.07438090636504
untrained,p20_pre,21,4,0.6761714297211481,2.592494330371726,0.6395072218762947,0.446139644056315,0.528977457183613,2.704144294444039,-0.3261591896696725,-2.9524493528223603,-0.6395072218762945,-0.3261591896696725,3.679261395683967,0.3162164072705138,3.6693186132848084
untrained,p20_pre,21,5,1.8276582732026272,1.4718422882947195,0.9715279273281552,0.9765376861046011,0.0292314866365464,2.3283758594373993,-0.9517315265221162,-3.054731685452792,-0.9807446777880529,-0.9517315265221162,3.334145032178547,0.2355521255846571,2.6179656312410877
untrained,p20_pre,21,6,2.017325662707263,1.7604589708823628,2.2681252930607254,2.0233052534984775,0.9607171446201614,2.9389128182228896,-1.8908289966594873,-3.080488570589027,-2.3026286910783655,-1.8908289966594873,5.9229352163415285,0.6627926649829585,4.694898884664999
untrained,p20_pre,21,7,2.665922577000248,0.5083144415794365,3.1659609107141224,3.0458584095776517,0.002126141787169189,2.5883459472366055,-2.5677783407273145,-2.667512679562832,-3.51286985691619,-2.5677783407273145,5.636330498601426,0.15981539281478518,3.2283675506888967
untrained,p20_pre,21,8,1.7663890802849196,0.5776964755554399,2.6430172317276335,2.433412789299297,0.061641273748588965,1.8039300009895152,-1.712156097459852,-1.8873144667572945,-3.046419995336543,-1.712156097459852,4.298984064037401,0.05336832547415549,2.6401962920517046
untrained,p20_pre,21,9,-0.4383305645953439,2.132006274399332,0.0,-0.3802099505420382,0.4203408395742394,1.657763281074172,1.6886167911227439,-1.6654855526861403,0.0,1.6886167911227439,1.6978941701063732,0.028190157117848003,3.414701118346965
untrained,p20_pre,22,0,0.1020332440992564,2.0478555325584815,-0.8841788971252773,1.0572402384579291,1.1485025280583012,-0.93033791576029,1.092130234255496,-0.09340315853579995,-1.074604730863191,1.092130234255496,1.2754048507559403,0.0977019901334697,2.465237075144906
untrained,p20_pre,22,1,0.0,1.7007602142576563,-0.6912009645535322,0.8827608681698196,0.8927442318091345,-0.7217064599637852,1.0212790069662843,-1.1102230246251565e-16,-0.9049446079336226,1.0212790069662843,1.0537986400151689,0.10461464177050128,2.1796922887519545
untrained,p20_pre,22,2,1.5016028267626218,0.42584013040713176,1.7560916907017567,1.7006523693079867,0.09041002560596922,1.4689354381999675,-1.342952147292622,-1.531166839741839,-2.0852641129550986,-1.342952147292622,3.2599978331139234,0.06710369517457249,1.984149380995874
untrained,p20_pre,22,3,0.3029358713022554,1.5419685965627217,-0.6617662814144427,0.7348544618005528,1.0014315826438989,-0.6204152029210848,0.82405433536731,-0.27934354850101206,-0.7653543514247118,0.82405433536731,1.115870841523367,0.13844028652481055,2.0783654634154876
untrained,p20_pre,22,4,0.35257850695706905,1.311938038362657,1.15475937131235,0.32739038653148356,0.9330025659434422,1.5445294098882816,-0.25572684311092875,-1.5503051009143443,-1.15475937131235,-0.25572684311092875,2.8049223623632074,0.11421144440538189,2.6634069636576605
untrained,p20_pre,22,5,0.8278529328450588,2.1902836585618246,-0.547374952017166,1.5095411373034882,1.3896191671791625,-0.5244337666694077,1.1838265862471262,-0.8196972365492025,-1.5095411373034884,1.1838265862471262,2.374726537813243,0.14152326553702665,3.7000763895973963
untrained,p20_pre,22,6,-0.11242068364107383,0.9847951318199739,0.48151528768733964,-0.11611999527583627,0.7333882778734725,0.6847689346639874,0.2762252114812207,-0.7025254487021679,-0.48151528768733987,0.2762252114812207,1.3020372172616237,0.16984899947673182,1.7481114282195762
untrained,p20_pre,22,7,2.6969330218335457,0.7838802457078615,2.1656857267136744,2.775774535531267,0.5951203434673782,2.0774793718902136,-1.8405184104210477,-2.701434475855488,-2.7920524793826127,-1.8405184104210477,5.448374250888859,0.15301203901698068,3.7608678794847923
untrained,p20_pre,22,8,0.0,1.769042668791299,-0.6235853912753979,1.0007966315208547,0.8704886481544061,-0.7096188665161982,1.088320666305318,-1.1102230246251565e-16,-1.0238224529724094,1.088320666305318,1.1616664131590626,0.1216348245434915,2.3716219040078723
untrained,p20_pre,22,9,0.5911437423353303,1.6002766777335187,0.16687479549165962,0.11491671008525062,0.07312370945211732,1.6867506158591943,-0.004509097897341441,-2.1116067377458956,-0.15731737638351184,-0.004509097897341441,1.8747910353965622,0.08937110143110116,1.959653038930322
untrained,p20_pre,23,0,1.680457342498571,0.4734365565170844,2.4208253952275176,1.6717669447952397,0.45727750770907294,1.980809027491687,-1.4049358353827852,-2.0136630249948935,-2.432568239776158,-1.4049358353827852,4.109853479996,0.12848802947212157,2.833405674085336
untrained,p20_pre,23,1,2.340488572197864,0.4551799049231664,0.944993895541206,0.946509916392702,0.08595753073964785,1.335433786352304,-0.8420181040718466,-2.738926833240502,-0.9665068516434734,-0.8420181040718466,2.3679012334846536,0.03522868777826105,1.561111817191068
untrained,p20_pre,23,2,2.0366145117853742,0.46662296904650624,1.5256271947242455,1.7053818087669186,0.3906427453671846,1.629851211650538,-1.4789607948932524,-2.1185231274414176,-1.725740466631725,-1.4789607948932524,3.725875765784641,0.1846010814829835,2.4315160523743717
untrained,p20_pre,23,3,1.9470472999770263,0.4725660312524047,2.210485410534918,1.8742454647325184,0.4048378076487644,2.207844486661515,-1.5843852522292918,-2.325171789566487,-2.260479992849175,-1.5843852522292918,4.486927759042798,0.04444695934868692,2.946989466162193
untrained,p20_pre,23,4,1.696934661492423,0.8897046537618811,1.1503658299820536,1.1503658299820536,0.1484153217286983,1.950246309862317,-1.122940506956147,-2.432489800639746,-1.1694250929997172,-1.122940506956147,3.249027461573069,0.1350902515968948,2.2611772062138167
untrained,p20_pre,23,5,2.0987227518918696,0.37233854044788556,1.0088827844352188,1.119955146948271,0.16407813511369085,1.3215062371038064,-0.8938708673387987,-2.3275533840294695,-1.1254185486934145,-0.8938708673387987,2.6055395191657684,0.02697214405209003,1.7386407958790597
untrained,p20_pre,23,6,1.2450513758117414,0.5117603912533202,1.5797654400091672,1.2099532667312647,0.4614377984353144,1.5416583049413517,-1.0073279965651496,-1.5508094289742718,-1.62909160656308,-1.0073279965651496,3.213049370107931,0.15667617153687718,2.3623975450796584
untrained,p20_pre,23,7,1.5150090483643597,0.8200858447453836,0.9772347149132252,0.972611729024988,0.1543747257941539,1.6930909999220454,-0.9340426983048875,-2.1337171751412347,-0.9902550330880546,-0.9340426983048875,2.8200774547411873,0.18835739979367916,2.0743921562299787
untrained,p20_pre,23,8,1.5087434854386041,0.8973290119071806,0.7021010580240841,0.7025811105426492,0.17278857454486207,1.4967491070755354,-0.5825042789708945,-2.2722795619281144,-0.708019516720108,-0.5825042789708945,2.3721187921630467,0.12787447672164665,1.9174889899137988
untrained,p20_pre,23,9,2.7077342113247567,0.3461127352538389,2.635956264838205,2.6270756279646004,0.22071354080866668,2.473561950336087,-2.278532450463617,-2.7936470702404215,-2.7566679759249992,-2.278532450463617,5.321351119109353,0.1394881652513793,3.182306833897116
untrained,p20_pre,24,0,-1.5294507360156109,3.2670429473373983,0.7815194975690702,-1.5292020015017243,2.544038220576405,1.6653576742992984,1.517449301000112,-1.666383076502574,-0.7861293577890616,1.517449301000112,2.6801938933739793,0.0665992745992221,4.264242468973313
untrained,p20_pre,24,1,2.3441494436899895,0.30811924667012924,1.30411529639516,1.2934971633047265,0.11272474986085212,1.4994038069719418,-1.079593178298742,-2.510942154859437,-1.3108945700583967,-1.079593178298742,2.9056257201375204,0.13454726183744548,1.9605798036762239
untrained,p20_pre,24,2,-0.16125273975829924,2.34407036602556,0.8188716626750079,-0.14082338961036456,1.1850243332778971,2.029441613676104,0.2424365203532428,-2.0572298653255676,-0.8188716626750081,0.2424365203532428,3.0736425573436366,0.12558776094169288,3.4416668386385725
untrained,p20_pre,24,3,1.2704622598078434,1.1701985514658313,1.5652534405735845,1.2251887151484762,0.5481701981590765,2.1669235924599506,-1.1849509483286784,-2.2210372168682095,-1.5652534405735845,-1.1849509483286784,3.9402825057675033,0.2196235944054652,2.97495515184429
untrained,p20_pre,24,4,0.9724731908602491,0.3515660102297926,1.3277715940103731,0.9678971768103777,0.27695137590774266,1.1029001831947096,-0.8595910510631688,-1.157098488181111,-1.3733609534236517,-0.8595910510631688,2.34774873591283,0.12135135349565229,1.6095090383453134
untrained,p20_pre,24,5,-1.0264831822917673,2.3666854144223533,0.0,-1.0200757233620255,1.0323591738856486,1.1880065414282301,1.1345986015911502,-1.20712265238176,0.0,1.1345986015911502,1.2002899919518533,0.133079579748826,2.4679681732918297
untrained,p20_pre,24,6,-0.1835326339614567,2.0294775019047013,0.4439419057633034,-0.18829480702468038,0.8381787544758992,1.667788696556177,0.24256246392734493,-1.717962007278758,-0.4439419057633034,0.24256246392734493,2.317672644007396,0.1279828606644864,2.6882179685992273
untrained,p20_pre,24,7,-1.4848323426418943,2.0163607527894,0.0,-1.4901331786597614,1.4931507005007811,0.5176727214899972,1.494528877023054,-0.5333876823435222,0.0,1.494528877023054,0.520690243331017,-0.0018592721960166703,2.0133598481580544
untrained,p20_pre,24,8,0.2709610615173612,1.3175330679308033,0.0,0.0,0.060614562730584076,1.1644235046905669,0.18750620362008763,-1.4862039779352303,0.0,0.18750620362008763,1.225038067421151,0.10229015151293419,1.5148344225541728
untrained,p20_pre,24,9,0.607830318791827,1.0340843395559958,0.27796057418802933,0.2354577680228882,0.0802140156232809,1.313052923436701,0.1330870794451311,-1.477667782563595,-0.2750948623718521,0.1330870794451311,1.62872470708287,0.16711258760040493,1.9289243741284061
untrained,p20_pre,25,0,1.132564040763568,1.5869939079296644,1.5002154237497045,2.5279952443560747,0.05869582352663505,1.0717945468528818,-1.0376796415873741,-1.1350095563892002,-2.9898366351429475,-1.0376796415873741,3.6584856147355915,0.09492718091078922,2.7157331540590066
untrained,p20_pre,25,1,0.673584656010064,2.5579696545829114,0.2149783872685953,0.17818762966540103,0.5360147812321769,2.1984925865406417,-0.2008831045867252,-2.6342793667067532,-0.21497838726859508,-0.2008831045867252,2.9126949974382197,0.5972749438862224,3.309086836737717
untrained,p20_pre,25,2,1.6047450236121925,1.5162026887848596,1.452938333313365,2.560598460779731,0.594420906276,1.302735845500632,-1.2727545910242481,-1.6145508580790142,-2.713527633531983,-1.2727545910242481,4.457755212556362,0.24580755409941935,3.4308081756315336
untrained,p20_pre,25,3,1.3617598131949409,1.699210369140646,2.0082748604642213,1.4227648301696916,0.6080640262488437,2.8791423633882465,-0.4908207591512568,-2.8920293233482717,-2.0082748604642213,-0.4908207591512568,4.909971219806781,0.1689408589873156,4.588091319642841
untrained,p20_pre,25,4,1.25492201576668,1.563670662445877,1.0908443139565138,2.3302743740706124,0.40069410190207533,1.0826431835550459,-0.9878933249087787,-1.272885838890228,-2.4530065397769825,-0.9878933249087787,3.8136116595277336,0.18354461350186035,3.0092629481208153
untrained,p20_pre,25,5,2.351474159966433,0.806670386449658,1.8169590409605747,2.438243554209266,0.6328107775552523,1.8010885119011641,-1.7390026920397013,-2.3855759839713517,-2.4715732567982744,-1.7390026920397013,4.872142843665682,0.11795434660703918,3.2510944982330203
untrained,p20_pre,25,6,1.305160057784183,2.1935618501268044,0.21113769395870285,2.2588788345708393,1.2241951333513463,0.17599227210458102,-0.11080178889786119,-1.305160057784183,-2.289789674453954,-0.11080178889786119,3.6590662400267666,0.11490986963155336,3.663174320760459
untrained,p20_pre,25,7,2.341061367696413,0.7759859050965416,0.9479021343661933,0.9418067074793863,0.008386366847648041,1.7302265130441836,-0.8787769570047965,-2.928723812854834,-0.9519232760582619,-0.8787769570047965,2.680419587371218,0.18430231824605192,1.9859449486124734
untrained,p20_pre,25,8,2.672623891909716,1.1849952596207016,1.447932852625053,1.4603570643697474,0.017536987527472903,2.506021249948278,-1.1073811477318234,-3.7746445706213807,-1.447932852625053,-1.1073811477318234,3.9839153018454985,0.08297458090903742,2.9595087350227125
untrained,p20_pre,25,9,1.3767622599490354,0.5827618020231959,2.273115058749812,1.4187227538141112,0.521327418526965,1.7600552144547477,-1.2001995122828877,-1.7848871755756759,-2.2971140929912357,-1.2001995122828877,3.7001053867958236,0.15063785215513104,2.650543726668067
untrained,p20_pre,26,0,0.13850156964046256,0.7981987966509994,0.5219551122124417,0.10336930516775622,0.4237550826226637,0.9313470008660731,0.5594746778194968,-0.9750393366747397,-0.5219551122124413,0.5594746778194968,1.458471388656493,-0.03833897038327738,1.9796070960927126
untrained,p20_pre,26,1,1.5681994374369619,1.1657089774706497,1.4083050577637706,1.327682446124725,0.41290593068144066,2.1635058065759845,-1.1893697171743858,-2.363893062050591,-1.4322141441375444,-1.1893697171743858,3.90409418338215,0.3461062664832475,3.060830732691012
untrained,p20_pre,26,2,-0.2824632162015952,1.4062443855133164,0.38233319361569074,-0.33482369017197455,0.7614504728145055,0.9357161563273331,0.7328519580959245,-0.9836299508804517,-0.38472500311082247,0.7328519580959245,1.362342938969864,0.1377594089361377,2.2329543060019263
untrained,p20_pre,26,3,0.05036752554385604,0.9226951381376409,0.0,0.0,0.1026558751030402,0.749518990577614,0.9729104635145267,-0.9008743264867674,0.0,0.9729104635145267,0.8521748656806541,0.07218833719472961,1.8972736663899106
untrained,p20_pre,26,4,-0.76983763587844,1.501612900791462,0.0,-0.7981708641013323,0.7970332360253496,0.6107570621909362,1.0959239748117429,-0.6241869545352126,0.0,1.0959239748117429,0.6096194341149535,0.10758831037780947,1.8131317193045058
untrained,p20_pre,26,5,0.6665240340107434,1.2435037758292324,0.23622964375009903,0.19810223578327202,0.027354963172881108,1.5221929652936477,0.3075995831265592,-1.7507899910883595,-0.23622964375009897,0.3075995831265592,1.7476501642498008,0.15923781875161663,2.2144875661279766
untrained,p20_pre,26,6,0.25644197034047833,2.1707848686663507,0.7700848133667311,0.2596345790347594,0.5510089411775119,2.2782159574307355,-0.029502806188712594,-2.351618090229832,-0.7839594525307652,-0.029502806188712594,3.0888594776430067,0.061734109612963106,3.1210907810672572
untrained,p20_pre,26,7,0.0,2.5061713393099034,-1.0684857722777878,1.3527065143716082,1.1711862303293654,-1.060654085218676,1.0847287569003874,0.0,-1.4452993049546807,1.0847287569003874,1.4632386594822977,-0.007613737922565145,2.5403536784601197
untrained,p20_pre,26,8,-0.4990278963760515,2.229939143717301,0.0,-0.5198215464648146,0.610829360970844,1.5166425733525966,0.9535060489651457,-1.5302654090002203,-5.551115123125783e-17,0.9535060489651457,1.607650387858626,0.20064583834102917,2.7618022751648006
untrained,p20_pre,26,9,0.2314680691281502,1.463479660228252,0.0,0.0,0.03283208912177282,1.4363517837229307,0.7619429240065196,-1.5410736903868718,0.0,0.7619429240065196,1.4691838728447035,0.15387403896953056,2.3850008358207537
untrained,p20_pre,27,0,0.955285799458081,0.9164897691169598,0.0,0.0,0.010428394473085634,0.9361532973350108,-0.047494447837155285,-1.8165365447718709,0.0,-0.047494447837155285,0.9465816918080965,0.05523902380316992,0.9543262677741111
untrained,p20_pre,27,1,0.712625152663517,0.49003476813680835,1.1010947623630227,0.682048765800169,0.36790346726429557,1.117564803310156,-0.29557673199135026,-1.1201398807180287,-1.1029083259914945,-0.29557673199135026,2.167517036374621,0.080706476453825,1.9526467808370955
untrained,p20_pre,27,2,1.3736562164176913,1.6242725502470492,1.4203595619598561,1.2061369818412562,0.6197836553337979,2.5254939396935305,-1.0833622950862996,-2.656660776219616,-1.4401605566845657,-1.0833622950862996,4.351414576868585,0.3214669957204146,3.5895192775027
untrained,p20_pre,27,3,-0.9402837520283479,1.942782980568219,0.0,-0.8952101582003933,0.9197693119676165,0.9872409972930685,1.8343246139191602,-1.0038421259646624,0.0,1.8343246139191602,1.0118001510602916,-0.0013428974247911007,2.844781867554661
untrained,p20_pre,27,4,1.972757417903681,1.6971161247422133,0.4691678784096527,2.053529105969595,1.6096028302474252,0.4605483766708476,-0.19015543757474518,-1.9743117437916982,-2.055253152244657,-0.19015543757474518,4.123680312887868,0.10947652501919158,4.043001400332314
untrained,p20_pre,27,5,0.5393803294281836,1.3163929543945254,0.2116419432891481,0.18157540382791382,0.052223267229516424,1.4781932625510181,-0.023961507101564194,-1.7333482642971072,-0.21194501552619682,-0.023961507101564194,1.7119919336084484,0.12212194728855286,1.810152373795437
untrained,p20_pre,27,6,0.22279673268443823,1.5378020956471925,0.12060497786318036,4.440892098500626e-16,0.05768038461185787,1.5718742075796035,0.5932824265518679,-1.8101946284060988,-0.11529054764308866,0.5932824265518679,1.6295545921914618,-0.04428136985437636,2.1785556488889535
untrained,p20_pre,27,7,2.304874993538016,1.7717479996340553,1.3810660021457688,1.3812119617306227,0.6467351042372327,2.612811760535873,-1.2920102054614881,-3.5089069759988134,-1.388733519625662,-1.2920102054614881,4.6407588265037285,0.5600484996933643,3.9087971207356045
untrained,p20_pre,27,8,0.5018520990079955,1.453415224933795,0.0,0.0,0.09924422154576806,1.3872032709503803,0.0703458377416073,-1.8646922277769342,0.0,0.0703458377416073,1.4864474924961484,0.09057509616485637,1.647368426402612
untrained,p20_pre,27,9,2.7191014364296393,1.1405585261999183,3.2949296611907535,3.133601426699649,0.781603123510326,2.7045831520527273,-2.637958886532889,-2.8045554148930796,-3.6116284712019926,-2.637958886532889,6.619787702262702,0.7384057377252384,4.720234553455051
untrained,p20_pre,28,0,-1.311093726144144,2.3898309214371665,1.0397546711788306,-1.3150608024300665,2.290050930605784,0.9876164534497667,1.7769304669866264,-0.9844744994764095,-1.0397546711788306,1.7769304669866264,1.962606581625484,0.09426269581661284,3.833799744428723
untrained,p20_pre,28,1,-0.7570132482027132,2.4026459202163655,0.36871844271714993,-0.7825992225301004,1.3000398613955166,1.496032384017037,0.953163846670523,-1.510199787625628,-0.3687184427171495,0.953163846670523,2.0134730228824536,0.1354328843880248,3.1020697539410014
untrained,p20_pre,28,2,-1.2351912555593403,2.482732031508799,4.440892098500626e-16,-1.2352327361245523,1.4355124906081747,1.1245066808874453,1.433810478630352,-1.1434849846055557,-1.942890293094024e-16,1.433810478630352,1.3247864353710677,0.10405579134390333,2.8626527053453232
untrained,p20_pre,28,3,-2.0605804950106155,2.849648474774841,0.0,-2.087531841502036,2.1512108387982547,0.7487965626546103,2.3100930479102413,-0.7529264919514042,-5.551115123125783e-17,2.3100930479102413,0.8124755599508291,0.03614148781282128,3.1587100956738916
untrained,p20_pre,28,4,-1.0968167048593689,1.9471352528904031,0.5747126535081795,-1.0682781516847806,1.637702294338135,0.7459232163326659,1.5088585958642504,-0.7480600777974775,-0.5747126535081795,1.5088585958642504,1.3153473589860203,0.10225847023355672,2.926464425083828
untrained,p20_pre,28,5,-1.066150135137697,2.307631809202623,0.0,-1.0677123081305426,1.0999309446256451,1.218541466800223,1.345959665000405,-1.231385819638862,0.0,1.345959665000405,1.2507601032953255,0.010095854426063866,2.6068156227217942
untrained,p20_pre,28,6,-0.6414738875068342,1.957841385374425,0.0,-0.669150919879494,0.7653417445769479,1.2112162541384381,1.060748130288696,-1.2254076719527336,-5.551115123125783e-17,1.060748130288696,1.307407078835892,0.09095982591485713,2.4591150350394453
untrained,p20_pre,28,7,-1.1037364106765177,2.0381369193256886,0.0,-1.1863280668623672,1.222674534962495,0.8641578756475332,1.6712984612514141,-0.8716327630373131,0.0,1.6712984612514141,0.900504343747661,0.06276774561185783,2.634570550610933
untrained,p20_pre,28,8,-1.0556285710881521,2.530206244087419,4.440892098500626e-16,-1.0729879451844808,1.3692438001429612,1.2924593513448963,1.186377512725692,-1.300933022168576,-1.1102230246251565e-16,1.186377512725692,1.5887152063033767,0.17364465083069114,2.9487373698597596
untrained,p20_pre,28,9,1.2647898196518987,1.0189683168603367,0.43265885045615415,1.295632709635788,0.8641243261606433,0.4206412837010194,-0.31414441162980644,-1.2647898196518987,-1.3032344849796225,-0.31414441162980644,2.580398319497451,0.1483926823368682,2.4146465902045127
untrained,p20_pre,29,0,0.599220316508092,2.13700249525314,1.2762127663836513,0.57139794227471,0.8259795331992366,2.6302316996957518,-0.4347366010481961,-2.648414254751514,-1.2762127663836509,-0.4347366010481961,4.027609175169698,0.08780855700971824,3.6806811311312204
untrained,p20_pre,29,1,1.1147127964479293,1.4130243262148001,0.3295614425403042,1.6009004674225709,0.8960659743588728,0.35398499958294827,0.12576917916633779,-1.1147127964479293,-1.604442935421711,0.12576917916633779,2.8509514413643924,0.1381428333333936,3.1148634538641238
untrained,p20_pre,29,2,1.5969858875548049,2.111158635172926,2.641522724920116,1.5833340283139377,1.5039810517306904,3.2873215033953525,-1.375142435918427,-3.343414141667407,-2.641522724920116,-1.375142435918427,6.3746365834399805,0.3647303810603244,5.364224528581878
untrained,p20_pre,29,3,1.3173850709932635,1.1884261137524792,2.159557607802023,1.3368040564541719,0.9911728747820856,2.416586451065898,-0.7256558698652995,-2.4218959923549264,-2.1614253307667255,-0.7256558698652995,4.744563382302156,0.0820474694261133,4.100954981862969
untrained,p20_pre,29,4,1.6715359864165276,1.410473532455232,0.08603331682585602,1.4227907635515158,1.307891072856342,0.0761578546839421,0.18167140107176571,-1.6652567447732562,-1.422790763551516,0.18167140107176571,2.8068396910918,0.07999532737284354,3.0685064195364093
untrained,p20_pre,29,5,2.43183821052053,0.4618260963767291,2.1111724562218037,2.4928979199215395,0.3190555339641139,2.0534812506860014,-0.8081184314007164,-2.432339421134425,-2.5340763744999273,-0.8081184314007164,4.865434704571655,0.03842096748471002,4.095737240655648
untrained,p20_pre,29,6,0.859017092470175,2.0241121066116916,0.41551739642127994,0.359778102065774,0.1779591279725663,2.2122389961754703,-0.3609771788905567,-2.7025326438995614,-0.41551739642127994,-0.3609771788905567,2.7499762262138105,0.18059655518230566,2.5695956025055597
untrained,p20_pre,29,7,2.289064591247103,1.2285249709747204,2.4779438308059722,2.228291567593183,0.5704315813177026,3.1642379685455424,-2.255452274940464,-3.2573239313864955,-2.4779438308059722,-2.255452274940464,5.9629611174564285,0.2602656308353275,3.967774473351292
untrained,p20_pre,29,8,-1.5731935058467164,3.247353840954053,0.20062619890969957,-1.5610590136309814,1.9458776658136872,1.5303015192786873,1.953748401767509,-1.5303015192786873,-0.19982922198173098,1.953748401767509,1.915120171461393,0.14465579275661794,4.01352436598552
untrained,p20_pre,29,9,1.4641826239348692,1.7358107915515495,2.1331091295591724,1.4653719178610638,1.0162308174073917,2.9328098164263343,-1.1429401395196308,-2.9501556673260256,-2.1331091295591724,-1.1429401395196308,5.41441255169479,0.24983774816039306,4.5213101603355526
untrained,p20_pre,30,0,-0.7099789153161125,1.8143073261712706,0.26880888080016274,-0.7044950851128617,1.0641458041034149,0.8928544535459443,1.0889568081794794,-0.9041933835203609,-0.2686257272474877,1.0889568081794794,1.2525051725364973,0.20031818088747222,2.541780161603449
untrained,p20_pre,30,1,0.572748800155324,0.9969752604893101,0.037025806127532146,0.9302866066264697,0.628197212231058,0.023141488250747022,1.2353448577275228,-0.5589748533400103,-0.9377180130951831,1.2353448577275228,1.5816253071082746,0.11005700033697285,2.9270271651727704
untrained,p20_pre,30,2,-0.7584004050777688,2.295496832477836,2.220446049250313e-16,-0.7700651363028053,0.8509735118977231,1.4443219873656954,0.7859114018372346,-1.4571041933590925,-1.1102230246251565e-16,0.7859114018372346,1.5252303629606132,0.07999223404097477,2.3911339988388227
untrained,p20_pre,30,3,-1.287529739229834,2.3539787857142582,0.0,-1.3032279664376891,1.302032745853726,1.0560705960214691,1.4329253457470346,-1.0725800282829445,0.0,1.4329253457470346,1.054875375437506,-0.00613098179852023,2.48166973938602
untrained,p20_pre,30,4,0.6169581768641184,2.132010995208799,0.4459587510131118,0.40943239812717325,0.42551275043438874,2.0755829996364454,-0.2554518356184552,-2.3452326648640343,-0.4665107348399353,-0.2554518356184552,2.9105281481980074,0.38318452338205966,3.038260835961612
untrained,p20_pre,30,5,1.2605102949116538,0.34689647774909416,1.5298279616502195,1.281224855328823,0.1757029139856534,1.4694947669998728,-0.9290944285802665,-1.533390645120516,-1.5298279616502195,-0.9290944285802665,2.926422536314349,0.07401612754023201,2.0713442352743145
untrained,p20_pre,30,6,2.9502273419812637,1.493200410371049,1.8673025016630609,1.8661548396963812,0.2545973954175116,3.1116390683607302,-1.5879104083457296,-4.121065575205398,-1.8673025016630613,-1.5879104083457296,5.232391303474623,0.3223621771469145,3.966843072275808
untrained,p20_pre,30,7,2.016106654148859,1.5266659726733236,2.834286082217456,1.979933128758009,1.1062444507017295,3.0926322504128363,-1.6749495642437209,-3.1342307774972746,-2.836217960601141,-1.6749495642437209,6.178809829872575,0.406609970941223,4.910470236570077
untrained,p20_pre,30,8,-0.24959556966272656,1.7721555714917037,0.5469942447044183,-0.24971243935000342,0.9253333591641324,1.349739040567318,0.41699322013092255,-1.370836470184746,-0.5469942447044179,0.41699322013092255,2.025359960381447,0.1517235316442317,2.5940767121566015
untrained,p20_pre,30,9,0.24186780849786804,1.49678266070213,0.0,0.0,0.01442487817296545,1.3245068100577804,0.1915471189035327,-1.6269913879329407,0.0,0.1915471189035327,1.3389316882307458,0.11165908126705726,1.6421378884013358
trained,p20_post,1,0,0.0,0.6191493837975142,0.20928339671218366,0.43811646181741026,0.10441771080883844,0.0,0.16338402348534098,0.0,-0.7063750843563916,0.16338402348534098,0.5425341726262487,0.1220576961533062,0.8279758922648959
trained,p20_post,1,1,0.053435862069029505,0.8349545066500657,0.1367940084097352,0.6147168466754401,0.3152198944259572,0.0,0.1292899990042975,-0.07821507064870659,-0.7849089946280355,0.1292899990042975,0.9299367411013973,0.16206031185208813,1.2212870519577828
trained,p20_post,1,2,-0.13345592987488053,1.0108310605697217,0.0,-0.09141407110742694,0.1687071273973847,0.6702616453058052,0.3524605165403992,-0.7500398052142595,0.0,0.3524605165403992,0.747554701595763,0.12733532548058168,1.227350543616744
trained,p20_post,1,3,0.1714244215729379,0.31948787058341077,0.0,0.0,0.0028651749745232102,0.3082209895744116,0.5375544566576119,-0.4796885697009369,0.0,0.5375544566576119,0.3110861645489348,0.011223722455411811,0.8598643436619585
trained,p20_post,1,4,0.0,0.8113308318546006,0.023687308720195865,0.5750445075697566,0.09922696123339769,0.0,0.5625856054693894,0.0,-0.7262475709322582,0.5625856054693894,0.6742714688031543,0.10877056964253828,1.345627643915082
trained,p20_post,1,5,0.4823826798921593,0.8464998939897554,0.003950622143854998,0.0,0.017787533782595233,0.8042404369929268,0.07961127223352227,-1.2476432041048406,-8.326672684688674e-17,0.07961127223352227,0.822027970775522,0.08518999192092905,0.9868292349299733
trained,p20_post,1,6,0.5372046314958467,0.5906045461150786,0.567894258892708,0.8727759573644107,0.21930282139422808,0.38531941020489713,-0.28555298510380656,-0.563278922732428,-1.0387924638079815,-0.28555298510380656,1.477398188963536,0.09363204996322372,1.285477253822953
trained,p20_post,1,7,0.39494371792891636,0.3909280688750848,0.9462797015893467,0.6090341176542354,0.15394474931049018,0.48631024843126025,-0.2866242536864956,-0.5794233201911236,-1.0159396142711143,-0.2866242536864956,1.2492891153959857,0.13678855393111,1.0994534156406002
trained,p20_post,1,8,-0.2504494530075536,0.769233053877748,0.0,-0.2678619576419965,0.2965413853752322,0.4355168867319519,0.44802705427192935,-0.5627250835842534,0.0,0.44802705427192935,0.4641963144651876,-0.043941482714059066,0.8682818860230579
trained,p20_post,1,9,0.4009467858237057,0.6721707084994797,-0.12816807151402265,0.4385924236724224,0.45156899138108786,-0.09185959854245596,1.2286617487469162,-0.3963305872851778,-0.4672703783572525,1.2286617487469162,0.7983018165110543,0.08134845716673245,2.1083120224247027
trained,p20_post,2,0,-0.277926955390952,1.220102500368724,2.220446049250313e-16,-0.2515763898487984,0.457159309371721,0.7109018053347322,0.44015790269383004,-0.7733228938566608,-8.326672684688674e-17,0.44015790269383004,0.9164847248576549,0.1688526511211114,1.5254952786725964
trained,p20_post,2,1,0.2089780775655945,0.5420794989204983,0.0,0.0,0.015032200438487298,0.3815295936923042,0.09702331925520413,-0.6853197117073442,-6.938893903907228e-18,0.09702331925520413,0.3965617941307915,0.06573786477874866,0.5593229781647443
trained,p20_post,2,2,0.90553455147781,0.39512287229683674,0.3435523487189125,0.6443082050491203,0.26775346193517935,0.5208963080400808,-0.2903791991180946,-0.9820499469818662,-0.6702517514845838,-0.2903791991180946,1.4329579750243804,-0.008091925972890879,1.1344868499333949
trained,p20_post,2,3,0.0,1.4967378381156526,-0.38039727726300887,0.9457383980838063,0.5364221909051667,-0.4066511074620238,0.5687595051084728,-5.551115123125783e-17,-1.02988563512084,0.5687595051084728,1.0755094815269493,0.08645492573180369,1.7307239123672258
trained,p20_post,2,4,0.02283262644577999,0.7381249770224194,0.3137009323283806,0.023681377852367014,0.3559193705972785,0.6712175072179116,0.5456871974088773,-0.6988690238838372,-0.31028911789624236,0.5456871974088773,1.0508182556675572,0.06550039401650032,1.6620058470929346
trained,p20_post,2,5,0.0999085726708715,1.0502775599734602,2.220446049250313e-16,0.0,0.10218360362663792,0.8776310456508026,0.10675497357803998,-1.0206788462281482,-9.367506770274758e-17,0.10675497357803998,0.9798146492774406,0.12950728641618361,1.2160769092716641
trained,p20_post,2,6,0.594760403723293,0.4688997633068037,0.09066763856789117,0.09066763856789128,0.020777538421564268,0.4681068385886529,-0.05655951807728665,-0.9809797920032457,-0.11166827456367473,-0.05655951807728665,0.5795520155781084,0.06167973903106733,0.584672236531889
trained,p20_post,2,7,0.5943152605622332,0.42401894173107957,0.4228573888849556,0.721307010724328,0.24222911539828873,0.3088020438780088,-0.15346420292233232,-0.6431841026155674,-0.7644875041755174,-0.15346420292233232,1.2723381700006255,0.03351998438718351,1.1523939514654766
trained,p20_post,2,8,0.3281940298116577,0.8702527904146583,0.0,0.0,0.041028386261093175,0.7206588512484161,0.08518735091211127,-1.091532131743147,-2.7755575615628914e-17,0.08518735091211127,0.7616872375095093,0.10691468848316885,0.9537892769047894
trained,p20_post,2,9,0.04257744133586039,1.1749754072725966,0.272394963553765,0.04770386571937646,0.2500644158624177,1.0817563668926038,0.1218858062589363,-1.0971888946890926,-0.2723949635537649,0.1218858062589363,1.379524648474398,0.1203639539193645,1.6217744086526986
trained,p20_post,3,0,1.417838056477695,0.2994617288678003,0.7043685789947186,0.7059831424621938,0.09727132187771614,0.803096817351336,-0.47079111155852815,-1.4968516012181077,-0.7259986578293478,-0.47079111155852815,1.606351281691246,0.19881810529275845,1.3343782754254763
trained,p20_post,3,1,-0.00900996353753969,1.0547915589484917,0.0,-0.006849363779552808,0.09116812109648653,0.8476781271917835,0.08457598439841774,-0.9638518889752398,0.0,0.08457598439841774,0.9319968845087172,0.08192970643571218,1.098502575342847
trained,p20_post,3,2,0.13283959292414937,0.4858197477010542,0.0,0.0,0.009563309553395682,0.39227192350843765,0.7143193891054223,-0.6027880206837414,0.0,0.7143193891054223,0.40183523306183333,0.01587131994146218,1.1320259421087178
trained,p20_post,3,3,0.8067106009681458,0.4399376468487173,0.6621879799919216,0.5620593878853658,0.13656091227204725,0.9109608791752725,-0.16612953580392986,-1.115519699010346,-0.6914496892721913,-0.16612953580392986,1.6095811793326855,0.10186683952624742,1.545318483055003
trained,p20_post,3,4,-0.756798099212773,1.5386233096795832,0.0,-0.7963084775497153,0.8965646870175447,0.7589639842143708,0.9065592420589907,-0.7556308078462948,-5.551115123125783e-17,0.9065592420589907,0.8592201936822002,0.026194402620515367,1.7919738383617063
trained,p20_post,3,5,-0.3511224390732476,1.1308978053299954,0.0,-0.39938501227126755,0.4343367997370887,0.729234294464284,0.6405878371458682,-0.7248383711137889,-1.3877787807814457e-17,0.6405878371458682,0.7641860819301052,0.0549369951429589,1.4597109142189322
trained,p20_post,3,6,-0.5297006554449042,1.5370902082406914,0.0,-0.47614293803697993,0.5876395798858378,0.7943748442247756,0.6176950149761105,-0.9077913788907279,0.0,0.6176950149761105,0.9058714860736334,0.09959817390505932,1.6231646749548032
trained,p20_post,3,7,-1.0688139045668295,2.2292583801696177,2.220446049250313e-16,-1.062581653784345,1.264469535855563,1.1492036464209514,1.064471122300656,-1.1534497659439702,-1.1102230246251565e-16,1.064471122300656,1.3510915284921694,0.00699470965881821,2.4225573604516435
trained,p20_post,3,8,1.0138901242302003,0.43977589990816757,0.8355941085356613,0.7351225779619628,0.055668109621373585,1.1033159380321849,-0.7199521443953003,-1.3474160753259008,-0.8422234759138529,-0.7199521443953003,1.8941066256155212,0.09962058143427543,1.2737750626544964
trained,p20_post,3,9,1.0931809338418075,0.5732888807822819,0.2555617400241872,0.26231447380234774,0.0030472960508280966,0.8199206475141172,-0.1978586792145025,-1.589108019576111,-0.2555617400241872,-0.1978586792145025,1.085282417367293,0.07736179504797835,0.9647855332007689
trained,p20_post,4,0,0.1849924987261694,0.6130409158171737,0.0,0.0,0.06680261808058052,0.32371950482007394,0.16003865250556748,-0.6869432657218136,0.0,0.16003865250556748,0.39052212290065447,0.11109014882152946,0.6616509242277514
trained,p20_post,4,1,0.26300070734096015,1.5091004652207882,-0.10523210464862842,1.2459038062343826,0.5171536106667411,-0.09941693989845768,0.5851190631408372,-0.2750873958561085,-1.25301212680551,0.5851190631408372,1.663640477002666,0.13876954525150142,2.3875290853950046
trained,p20_post,4,2,0.3817658301013791,0.3764559803520545,0.5711178155034978,0.39850722457800636,0.1958835591579332,0.39664626446392637,-0.08251718665623997,-0.5057311247805039,-0.720051002463846,-0.08251718665623997,0.9910370481998659,0.10355749871258157,1.0120773602562076
trained,p20_post,4,3,0.7150492303765146,0.4867154214404985,0.29660738174559453,0.2814073365769887,0.14249964441016716,0.6086829940584235,-0.16765039945865623,-0.9655540937744044,-0.38397528834766903,-0.16765039945865623,1.0325899750455794,0.1488426514405342,1.0137822270274572
trained,p20_post,4,4,-0.5978836936121885,1.3492910812913879,0.0,-0.5454601475877106,0.7172242162063442,0.6602191397353164,0.6778496597014367,-0.6932774863001724,0.0,0.6778496597014367,0.8319832083539501,0.05812990137902696,1.567962769434414
trained,p20_post,4,5,0.21021237277836602,0.403615084007493,0.34012472268477945,0.19619676594913826,0.23656750264519055,0.3514080294494468,-0.021884226818030372,-0.4833691428324469,-0.41295380309957663,-0.021884226818030372,0.7841722980437756,0.05762923353861493,0.8199173047643602
trained,p20_post,4,6,0.0,1.2485048963722605,-0.484990663587646,0.6043400757203874,0.5459134986569255,-0.45329482330507964,0.9125805754727363,0.0,-0.7008572798209156,0.9125805754727363,0.6969587510722334,0.06265695296369889,1.6721962795086684
trained,p20_post,4,7,0.11226414047194977,0.957300421772973,0.0,-2.220446049250313e-16,0.02717407660640836,0.7019691170548427,0.019700890408174132,-1.116423920935921,0.0,0.019700890408174132,0.7291431936612508,-0.04685935869099822,0.7019847253784267
trained,p20_post,4,8,0.06771068547275139,1.0276622114861198,0.0,-2.220446049250313e-16,0.0773959184519557,0.8233658853083838,0.13331908058932607,-1.0112722130156233,-5.551115123125783e-17,0.13331908058932607,0.9007618037603393,0.08410068394324782,1.1181815682929133
trained,p20_post,4,9,-0.8079440155551099,1.7689711746764387,4.440892098500626e-16,-0.8145356048730048,1.033472955162019,0.8767531462744238,1.046191667739102,-0.8839944694557569,-9.71445146547012e-17,1.046191667739102,1.095690496563438,0.07703268966557232,2.2189148539681125
trained,p20_post,5,0,0.6040755212588029,0.4011277799393309,0.07847462926142712,0.12598401926960523,0.006652171977879373,0.43216947041158704,-0.04850510830889476,-0.895041049653782,-0.1791936838287016,-0.04850510830889476,0.5648056616590716,0.009443196977077406,0.5257437503272543
trained,p20_post,5,1,0.11805711495589877,0.6156295117007362,0.0,0.0,0.09052910492533517,0.4374077052426282,0.7130934169237979,-0.6260420994411349,0.0,0.7130934169237979,0.5279368101679633,0.10764452721550011,1.3486747543072615
trained,p20_post,5,2,0.8575625092988379,0.3696085689374058,0.48631998090318485,0.48631998090318485,0.029054766326360393,0.7358296646207136,-0.3205768899478745,-1.1118654371408687,-0.528494525790191,-0.3205768899478745,1.2512044118502588,0.07313109620836888,1.0037586181107532
trained,p20_post,5,3,0.05433630671520606,0.9211425590325617,0.0,-2.220446049250313e-16,0.04147174183389213,0.7519496202857399,0.7980156546006538,-0.9352975653799079,0.0,0.7980156546006538,0.7934213621196318,0.04018130036785983,1.6316183170881455
trained,p20_post,5,4,0.6509449205606495,0.37009298581913685,0.09765301436837015,0.12248141554965775,0.013927444644046716,0.49958975796270544,0.028715257154946716,-0.9702448296842413,-0.12570004899843568,0.028715257154946716,0.6359986181564099,0.022746042065479366,0.687459917376836
trained,p20_post,5,5,0.323418673147823,0.14341269065441942,0.36011090459907846,0.29499769877346704,0.0727702404429742,0.32137900119121765,0.6507735357045463,-0.4559260100622094,-0.35920495087692433,0.6507735357045463,0.6891469404076589,0.01181130746218717,1.3517317835743925
trained,p20_post,5,6,0.7098466296494728,0.5338084826249527,0.24194559802814375,0.2150976181446147,0.10615078530883348,0.6540077953303097,-0.11234736354970076,-1.1261701380658793,-0.2876874540433927,-0.11234736354970076,0.9752561987837579,0.07174311819329726,0.9346519534273544
trained,p20_post,5,7,0.06405779315827365,0.7863755697328646,0.0,-1.1102230246251565e-16,0.12496948140875319,0.5622465864754316,0.0035682932721274874,-0.828864208902107,0.0,0.0035682932721274874,0.6872160678841847,0.021569153989031253,0.7123535151453434
trained,p20_post,5,8,0.6034386732874688,0.3761627200512836,0.7533918468260925,0.6071915701753087,0.21371901486723344,0.7006414252959186,-0.3760517582598881,-0.8086199708564621,-0.7631200335249073,-0.3760517582598881,1.5215520103384605,0.1612532357834755,1.306753487862048
trained,p20_post,5,9,-0.3643133953641162,1.048374914462634,0.0,-0.3810757207071984,0.4630654978743626,0.46394328072963814,0.9000780410593836,-0.6323204773953228,0.0,0.9000780410593836,0.5459330578968022,0.051741041703194934,1.4977521406593808
trained,p20_post,6,0,0.006996530775195131,0.9634324461823309,0.7399311625738668,0.0,0.7598821166722489,0.8256371649805446,0.14008222363708578,-0.8256371649805446,-0.7398002494468687,0.14008222363708578,1.5855192816527937,0.1449227251039794,1.8705242303938587
trained,p20_post,6,1,1.6265911755799427,0.396601576994982,0.3645207337562538,0.7080880518080443,0.36779262278997216,0.5022123126734303,-0.30497304585140084,-1.6355972419357463,-0.7192652322569981,-0.30497304585140084,1.5780929872714466,0.03285101213843422,1.30597095355848
trained,p20_post,6,2,-0.0073859470920598636,1.2694922924928838,0.40338181774476456,-0.014125707508128915,0.5498332124566765,0.891174471437153,0.22307737159214658,-0.9746636170757607,-0.4176482951086641,0.22307737159214658,1.4268819763857006,0.2731762509611637,1.9231355989390109
trained,p20_post,6,3,0.7152445968530369,0.9274107473388872,-0.12360677056997771,0.6155003178858798,0.8406751343408241,-0.1970814257886464,0.45172789615310505,-0.7152445968530369,-0.6277035001940522,0.45172789615310505,1.2590940264380575,0.17610047657485728,1.8869223991660198
trained,p20_post,6,4,-0.34636312015603,0.9031275278249538,0.0,-0.344597295226893,0.37498875564528933,0.43334318008623207,0.4113581443085994,-0.5122595700535635,0.0,0.4113581443085994,0.4637346405046284,0.04450483761536028,0.9195976224285881
trained,p20_post,6,5,0.1562526619130712,0.7962439280281166,0.0,-1.1102230246251565e-16,0.03541554227580679,0.5693448336840559,0.2569544811964528,-0.8664563818511775,0.0,0.2569544811964528,0.6047603759598625,0.08604020809001034,0.9477550652463257
trained,p20_post,6,6,0.43873873524440765,0.6537622130274745,1.339548642922339,0.47626407817107363,0.615995945342692,0.9427445418940315,-0.4095781207289746,-0.9610009701201621,-1.3561234780855786,-0.4095781207289746,2.035004565407797,0.11492514298848056,1.7403515876673028
trained,p20_post,6,7,-0.362607371937977,1.258828757104815,0.0,-0.33516329733445915,0.3561112112634832,0.8568162575900979,0.4395293526784183,-0.9072524989843674,0.0,0.4395293526784183,0.877764171519122,-0.011031113817529525,1.3062624103800107
trained,p20_post,6,8,0.13296322479618206,1.102643856738301,0.0,-2.220446049250313e-16,0.05849656002246717,0.8509798903106297,0.05228686888367351,-1.2176197058965035,0.0,0.05228686888367351,0.9094764503330967,0.017987375637979586,0.9797506948547497
trained,p20_post,6,9,0.6378927922336084,0.46301710728126644,1.14240951092799,0.9175138671213257,0.18084483239166804,0.6438600204691007,-0.35169261375629546,-0.6900131815169805,-1.3348590333994457,-0.35169261375629546,1.7422187199820944,0.21844719552643843,1.6089733017522374
trained,p20_post,7,0,-0.1372713675529964,1.1734665199007819,0.0,-0.12624434568438203,0.12703326673257775,0.825702763823519,0.22586599027241183,-0.960083348467459,0.0,0.22586599027241183,0.8264916848717148,0.07611180388032646,1.128469479024453
trained,p20_post,7,1,0.4017420589253996,0.4580291413454368,0.2819442833007224,0.24286492631619871,0.03761601196416109,0.544450500751012,-0.13141594742463525,-0.7074673322275808,-0.2857675381727856,-0.13141594742463525,0.8249314390313718,0.14848061317119238,0.841996104777929
trained,p20_post,7,2,-0.7196153295142238,1.5994740420966893,0.23831329953381686,-0.7654744871266725,1.0363160125817739,0.6833992647907352,0.9157670803001898,-0.6931739033325546,-0.2383132995338169,0.9157670803001898,0.9542407902458365,0.18668480924991088,2.0566926797959373
trained,p20_post,7,3,0.13559922533400304,0.5197675272642464,0.44853309741488223,0.5888516665860808,0.026261265718087845,0.05148578251217284,-0.0028295491055931876,-0.19434063498782006,-0.8440125958903284,-0.0028295491055931876,0.6665987148163415,0.06554661913498316,0.7293157848457315
trained,p20_post,7,4,-0.0173809280200925,0.9040712115357468,1.1102230246251565e-16,-4.440892098500626e-16,0.11006598305078752,0.6180726848682103,0.13871380560402546,-0.7441276085906425,-2.7755575615628914e-17,0.13871380560402546,0.7281386679189974,0.14256267492501182,1.0094151484480347
trained,p20_post,7,5,0.8135646891261308,0.31861308911144004,0.5219297972065773,0.44500426841574614,0.06895486666072626,0.7904728408659465,-0.2693935386242625,-1.0419446034280049,-0.5385604832899774,-0.2693935386242625,1.304431975942419,0.07360248872616582,1.1086409260443224
trained,p20_post,7,6,0.4394706311333787,0.5618427839550666,0.719072406272338,0.7798211687985459,0.0414363290688079,0.4196364165930302,-0.39568665595433306,-0.4585514973129494,-1.0481821052791431,-0.39568665595433306,1.240893914460384,0.21365221876869067,1.0588594772747417
trained,p20_post,7,7,0.5370297730808284,0.5894066556484623,0.1947788324196853,0.11072611197858273,0.12729503316136181,0.5682540040256012,-0.02376763178370478,-1.0011353387733852,-0.21703390807150802,-0.02376763178370478,0.8062751491655458,0.10304601430408278,0.8855535316859238
trained,p20_post,7,8,-0.493643875617354,1.3063109066141734,0.0,-0.5028325106915279,0.5439442807880903,0.6217478102101299,0.5266875259375974,-0.6728064937617637,0.0,0.5266875259375974,0.6628595803066923,0.13986053723505565,1.3294076434793454
trained,p20_post,7,9,-0.5798278425120158,1.6495221692569366,0.0,-0.6159731339030244,0.682425001102926,0.8989120630361834,0.7184270937484891,-0.9084617387635131,0.0,0.7184270937484891,0.965363930236085,0.16123258798140772,1.8450236119659817
trained,p20_post,8,0,-0.4183804478498443,0.8288013436856447,0.0,-0.4246165159326787,0.4955050655879235,0.23486539634928993,0.46912384428924203,-0.27884866647769846,0.0,0.46912384428924203,0.30575394600453476,0.13157222935810198,0.9064500196518788
trained,p20_post,8,1,-0.3111747685526912,0.7576602384658806,0.0,-0.3300558088239951,0.3925194472656015,0.2612673440059805,0.46195545154519135,-0.37575710106902094,0.0,0.46195545154519135,0.3237309824475869,0.07072836884416844,0.8564148028369467
trained,p20_post,8,2,-0.36224083714306454,0.8276887580905343,0.0,-0.34589332431394515,0.40139466028642135,0.24809957461261334,0.47093095538474117,-0.3756427288067987,0.0,0.47093095538474117,0.30360091058508953,0.08980519214067106,0.8643370581105018
trained,p20_post,8,3,-0.3332573283020148,0.8706946468944498,0.0,-0.2503934521523985,0.3534968212590569,0.40700708080941594,0.6583998972946263,-0.44379405112822895,0.0,0.6583998972946263,0.5101104499160743,0.09364326746420598,1.2621536146749066
trained,p20_post,8,4,-0.21006925100187712,0.7145390210971738,0.0,-0.2188897290894688,0.3009154231756823,0.2754838816714902,0.25707117254666256,-0.35083783193027956,0.0,0.25707117254666256,0.3575095757577037,0.15363193816501713,0.7682126864693835
trained,p20_post,8,5,0.44408488909115373,0.2337131327153223,0.5830448591440391,0.5878688680730216,0.018644912557058246,0.43474056142865314,-0.3475385521821681,-0.5050712652559732,-0.7105370951262473,-0.3475385521821681,1.041254342058733,0.04523452056829469,0.7389503104448596
trained,p20_post,8,6,0.4628488585993854,0.4189112067913544,0.9684007126320702,0.6785214179740923,0.038646247604076533,0.448977116611611,-0.36826450268247957,-0.5146040862926528,-1.1884302964806654,-0.36826450268247957,1.1661447821897797,0.14712639524949167,0.9450066747567918
trained,p20_post,8,7,-0.23829191406885153,0.7946216775933723,0.0,-0.2609057666565906,0.23761644760817657,0.5068680502882391,0.7115705947896929,-0.5685560250012621,0.0,0.7115705947896929,0.4835787312398251,-0.012226261476741329,1.1829230645527766
trained,p20_post,8,8,0.30425493033784445,0.25507475627204323,1.174886509234882,0.46581683212742764,0.06728475857104688,0.44128416968596373,-0.31240273389700945,-0.4841323317464322,-1.2879643052447818,-0.31240273389700945,0.9743857603844382,-0.0378804411464444,0.6241025853409844
trained,p20_post,8,9,0.3140576476682724,0.4283731861749216,0.0,0.0,0.018796126180979922,0.3370598091721766,0.4300965292459922,-0.6764514292506236,0.0,0.4300965292459922,0.3558559353531565,0.06597940459257035,0.851931869191719
trained,p20_post,9,0,-0.35278281931119093,0.7228816795774748,0.0,-0.28266976165627655,0.33761349882647906,0.27382242877435703,0.5471112517840417,-0.27382242877435703,0.0,0.5471112517840417,0.32876616594455954,0.09627643149192688,0.9721538492205282
trained,p20_post,9,1,-0.3341637972351409,1.1976974458799396,2.220446049250313e-16,-0.3323504179521064,0.4635586826279563,0.7115776834614893,0.32962739681868625,-0.7122443588218075,0.0,0.32962739681868625,0.8427859481373392,0.1512892898229915,1.3237026347790168
trained,p20_post,9,2,0.5708850626295359,0.3562091835221821,0.5117807997440962,0.7411694977795467,0.12248782635875988,0.3944308358909536,-0.2637480976768005,-0.5828083943733906,-0.7752388161235757,-0.2637480976768005,1.2580881600292602,0.08082783539884786,1.0751678977513075
trained,p20_post,9,3,0.3359046366643552,0.6449696569053454,0.0,0.0,0.0036367836437154466,0.6540313362341357,0.018474855681404723,-0.8490471676103314,0.0,0.018474855681404723,0.6576681198778511,0.13182712595936918,0.807970101518625
trained,p20_post,9,4,0.11637374649996446,0.3440859504314542,0.6709594006610716,0.10582927364672523,0.2649650884785899,0.3861759063303889,-0.010094116934074915,-0.37355774296271127,-0.6709594006610716,-0.010094116934074915,0.756970268455704,0.08690195396870737,0.8337781054903365
trained,p20_post,9,5,0.4087536136984553,0.3420801496080782,0.24888114319361515,0.4966935184792042,0.18354010252609154,0.2231790285152575,0.1800566460565438,-0.4004636836280353,-0.5313832622281274,0.1800566460565438,0.9034126495205532,0.06786796064398604,1.151337256221083
trained,p20_post,9,6,0.028759835328017402,0.7992759232975062,0.0,0.0,0.08939562154986214,0.5997737379520389,0.27402247513131905,-0.6857283183344866,0.0,0.27402247513131905,0.6891693595019011,0.14230744029103704,1.1054992749242571
trained,p20_post,9,7,-0.2690132162316512,1.1016395226566047,0.0,-0.26600356821129134,0.2759585016300272,0.7778269028667686,0.498187645607006,-0.8131996478767802,0.0,0.498187645607006,0.7877818362855045,0.01942665854817327,1.3053961404406837
trained,p20_post,9,8,0.3559935722138564,0.48395615454292573,0.2917943318431092,0.6237547065558238,0.0653173891219958,0.27046170162877825,-0.0970855209150141,-0.35454595475848283,-0.7078406414750884,-0.0970855209150141,0.9595337973065978,0.06935746236632023,0.931805738757904
trained,p20_post,9,9,0.08282290187796248,0.8264139345523664,0.17881502619209888,0.0,0.27911449000349964,0.6996823062078261,0.06579018971794026,-0.7335315978757071,-0.17881502619209888,0.06579018971794026,0.9787967962113258,0.17570523855462183,1.2202922244838879
trained,p20_post,10,0,0.7998784384692286,0.34120870709911155,0.5839953617758704,0.5701425989938509,0.17758095286259112,0.6612725125662718,-0.3218196419494106,-1.0144210835665204,-0.7149250298763892,-0.3218196419494106,1.408996064422714,-0.004263606098698913,1.0829128163746045
trained,p20_post,10,1,-0.22994639291259678,0.6955222240027596,0.0,-0.20788897698327602,0.26674453755380134,0.28729228138531016,0.4656976030907478,-0.3850058356206463,0.0,0.4656976030907478,0.3461478419558355,0.0805699954695166,0.8924154405160999
trained,p20_post,10,2,-0.5332820749921481,1.3284517360595107,0.08845771079895348,-0.538912808457418,0.8253040124276165,0.681368749340924,0.7107108406878384,-0.7220703862276204,-0.08342743533405234,0.7107108406878384,0.9677599533111225,0.07812955030464336,1.7566003443036042
trained,p20_post,10,3,0.3963270403558876,0.6429912139301099,0.0,0.0,0.004220340627809627,0.6018988016678456,0.2502477362417881,-0.9088764313005746,0.0,0.2502477362417881,0.6061191422956552,0.13044182298542295,0.9868087015228663
trained,p20_post,10,4,-0.0915073858765002,0.9471023000275208,1.1102230246251565e-16,-0.0639834110980555,0.24795228187493157,0.5705095310745997,0.2525657719045835,-0.6693817453274302,-5.551115123125783e-17,0.2525657719045835,0.7544784018514757,0.18621316882359046,1.1932573425796498
trained,p20_post,10,5,0.7021059693288398,0.28138276931137085,0.5792365503454693,0.5527766216597508,0.08198807251142304,0.6274065459356595,-0.25582977354317005,-0.8438873066096747,-0.6484977162335083,-0.25582977354317005,1.2621712401068335,0.070340266142497,1.0766817327061604
trained,p20_post,10,6,-0.07609109544230486,0.9193674672663952,0.5103086436486568,-0.05300651575153559,0.5980623343035454,0.6802672014147726,0.284500634828877,-0.7535164401697642,-0.5212958531057961,0.284500634828877,1.2253230199667824,0.0787727221971869,1.5885963769928462
trained,p20_post,10,7,0.3420093520426746,0.5737586601879155,0.04928343074555219,4.440892098500626e-16,0.10171424522514572,0.5214052165808495,0.3503014924417398,-0.8304222358169489,-0.07229644812456748,0.3503014924417398,0.6231194618059956,0.062332759034625984,1.0357537132823613
trained,p20_post,10,8,0.2623062280844799,0.17680386690441074,0.29659199424582094,0.20905627497587942,0.12325358602655223,0.33987668916238656,0.10643467849857502,-0.4204173539716536,-0.3033008453637924,0.10643467849857502,0.6721865501648182,0.011983889899265576,0.7906051185626588
trained,p20_post,10,9,-0.3394552341231232,1.1749983466025842,0.0,-0.3414486942959273,0.39445006782843506,0.7059723280583319,0.7580897888338278,-0.8291369212222564,0.0,0.7580897888338278,0.7589737015908397,0.006406191257204652,1.523469681681872
trained,p20_post,11,0,-0.26537370922724635,0.7508966616672152,0.0,-0.19186617754545032,0.22810569961755156,0.3671229510607348,1.0600939252386359,-0.46104696820650626,0.0,1.0600939252386359,0.403362473132836,0.024475984233462644,1.4879323826049347
trained,p20_post,11,1,0.07364997021977637,0.5822124885976883,0.0051652644922336455,0.0,0.07302616090944347,0.4389803005116767,0.30408503048449886,-0.6384108289667882,-0.05876382812428574,0.30408503048449886,0.5120064614211202,-0.036146933781375706,0.7799445581242433
trained,p20_post,11,2,0.25367951517491605,0.6147943596692956,0.10724988834467697,0.006177405001414948,0.10684841490874608,0.5495100919611065,0.04130184202654119,-0.751886502674182,-0.15890569255013676,0.04130184202654119,0.6625359118712675,0.06493156796456989,0.7687693218623786
trained,p20_post,11,3,0.029003433873511897,0.9412305993742739,0.0,-0.054166767916923986,0.15187847418534695,0.6944329854200086,0.5820263159169792,-0.8183543199698311,0.0,0.5820263159169792,0.7921446916884316,0.1518797132779547,1.5260507208833656
trained,p20_post,11,4,0.443330382122082,0.792128173361736,0.26605475038057835,0.1779517706270206,0.17804918868076636,0.7903444559310735,-0.12656737859267775,-1.0318934229712091,-0.31997543984345134,-0.12656737859267775,1.1463454152388604,0.1496444430497359,1.1694224796959185
trained,p20_post,11,5,-0.10324973667698423,0.8253886519247147,0.0,-4.440892098500626e-16,0.08965005038932561,0.5585571395514741,0.7845131362140148,-0.7123921986390587,0.0,0.7845131362140148,0.6482071899407993,0.009746716608671768,1.4424670427634858
trained,p20_post,11,6,-0.09482079088629569,0.15560740884410862,0.0,-0.039251802757593435,0.07723372810922768,0.007380734864505523,0.704238471947,-0.02251049380953052,0.0,0.704238471947,0.04536266021613977,0.03827612414828241,0.7878772563114221
trained,p20_post,11,7,-0.28370582000902056,0.9485090938895371,0.0,-0.25797038117709725,0.2977625682152803,0.5616406634856042,0.9358669295551489,-0.6597193686005429,0.0,0.9358669295551489,0.6014328505237871,0.0050839052799735995,1.5423836853589097
trained,p20_post,11,8,-0.4936598308689737,1.377404353797,0.0,-0.4763731354354741,0.5482315787383552,0.7589245224316529,0.8219751443335972,-0.8456487644042802,0.0,0.8219751443335972,0.8307829657345339,0.03809575852374614,1.6908538685918773
trained,p20_post,11,9,-0.20102555479767825,0.7679200955130209,0.19464263013210914,-0.20713641922738446,0.5244089114369098,0.47833370483679305,1.1677238071198164,-0.5120738423885209,-0.20260561528867588,1.1677238071198164,0.7956061970463184,0.046857713170254944,2.0101877173363896
trained,p20_post,12,0,0.12358199232393918,0.7400895721901368,0.26460364426948213,0.7558691929777188,0.03568318953328564,0.03367714542005107,-0.061393184735565764,-0.11001128235055214,-0.8931580168326104,-0.061393184735565764,0.8252295279310555,0.12510590960039558,0.8889422527958853
trained,p20_post,12,1,0.1509657931318451,0.7755321532647002,0.22989420120859516,0.01172033492128799,0.28455791026454447,0.7044709583495387,0.04896255131388205,-0.8352083689138006,-0.2397607917622212,0.04896255131388205,1.0007492035353711,0.08142298692911865,1.131134741778372
trained,p20_post,12,2,-0.14915466178503545,1.103200800164583,0.010215081424801875,-0.14105115332311113,0.33550865871063407,0.7399728691156996,0.19822270597167635,-0.7596228291605756,-0.0013014152801882894,0.19822270597167635,0.9344303745032225,0.20333697536358558,1.3359900558384845
trained,p20_post,12,3,0.6766265753042634,0.43658669375015746,0.5526617176522051,0.8493044611412407,0.19832217897206084,0.4847456510605954,-0.43575357399328674,-0.6930608340398041,-0.9603101314914824,-0.43575357399328674,1.532372291173897,0.012504021175339552,1.1091227383559499
trained,p20_post,12,4,0.454435031885982,0.7247027928736488,0.38094664441515635,0.2821247992319278,0.052456172779381305,0.9564993227137033,-0.2811839260753075,-1.1056683234170153,-0.3871192318572985,-0.2811839260753075,1.2910802947250124,0.06729691390047327,1.0771932825501782
trained,p20_post,12,5,0.7629890795934351,0.3890273975769016,0.37414863969217393,0.3524312636267126,0.10737527026345228,0.6602808541420668,-0.08014429094801923,-0.940910227317527,-0.4757563771436546,-0.08014429094801923,1.1200873880322317,0.1094985124013289,1.1494416094855415
trained,p20_post,12,6,0.8059065841985471,0.5292574969605842,0.2354058481345831,0.17770945337146338,0.015020077828774792,0.7299191552062444,-0.20065552093274874,-1.2011225976486828,-0.22690957209074303,-0.20065552093274874,0.9226486864064826,0.1425377595542885,0.8645309250280223
trained,p20_post,12,7,0.11255216889494102,0.7940719933010425,0.043820160983788714,0.0,0.14271023479101397,0.7241712039391455,0.02991634244985386,-0.8590185424815573,-0.046970474526006945,0.02991634244985386,0.8668814387301594,0.044455306172208,0.9412530873522214
trained,p20_post,12,8,0.6956855811438346,0.40099241683002995,0.3430039016849926,0.3152004409307334,0.010441428023236554,0.7044097955391286,-0.15051664772452322,-1.0303303555189123,-0.3755601157635458,-0.15051664772452322,1.0300516644930986,0.03379142837639909,0.9133264451449745
trained,p20_post,12,9,0.30111919168938306,0.7879207925200767,0.3415439761454726,0.2046834779990112,0.1711954453990523,0.8887999138115663,-0.18292660371627223,-0.9555179359826104,-0.35997734695291966,-0.18292660371627223,1.2646788372096298,0.11508867741940237,1.19684091091276
trained,p20_post,13,0,0.3213434105468411,0.9535999048848226,0.6153084275114795,0.26431115134968197,0.4207010735840666,1.0482182707152066,-0.23123197994147127,-1.0527662293389042,-0.6393824857339934,-0.23123197994147127,1.733230495648955,0.1981030278702458,1.7001015435777296
trained,p20_post,13,1,0.39543938627446173,0.46921508406838597,0.42050115395081344,0.5964235558423523,0.23640715868105633,0.2678214190427054,-0.10801437771426281,-0.46164744866258944,-0.7713119333489423,-0.10801437771426281,1.100652133566114,0.05219624228212949,1.0448339981339805
trained,p20_post,13,2,-0.3745614307793337,1.172991465808708,0.19942366924344346,-0.3761908802443862,0.7316720985373216,0.6169659693974276,0.5186610317688345,-0.6484726760047612,-0.20833778528537483,0.5186610317688345,0.9724471876903631,0.14104324298268167,1.6321514624418794
trained,p20_post,13,3,0.05984753442811441,0.8512305022115341,0.2523510787115233,0.0,0.3100479895196826,0.6317744660414832,0.09671112074276733,-0.7911896513456194,-0.28267792361124666,0.09671112074276733,0.9418224555611658,0.08956154039430575,1.128095116698239
trained,p20_post,13,4,0.32152337109957996,0.1077815479338462,0.044176498412746845,0.07081420893400914,0.03634686431951456,0.09348247746676774,0.5045821242713482,-0.2517376825435389,-0.05904940013640547,0.5045821242713482,0.20064355072029144,0.16269433476622863,0.8679200097578683
trained,p20_post,13,5,0.0,0.33547543080893827,2.7755575615628914e-17,0.15528705487750605,0.08758151905195044,0.0,0.4486989675862463,0.0,-0.2152104047346567,0.4486989675862463,0.2428685739294565,0.12026502607428158,0.8118325675899843
trained,p20_post,13,6,-0.3168102560006454,0.9757306744840462,0.2311728715899639,-0.3121921968236768,0.7557278348569006,0.42270657966379765,0.5346085533740559,-0.47847019268807645,-0.23117287158996389,0.5346085533740559,0.8662422176970215,0.18045022579532435,1.5813009968664018
trained,p20_post,13,7,-0.20797780081411732,1.3873586329573078,0.0,-0.1404416211503423,0.24822219682022006,0.9176328498243831,0.43804390085224076,-0.992414189052622,0.0,0.43804390085224076,1.0254134254942608,0.18696664309056843,1.6504239694370701
trained,p20_post,13,8,0.0,1.2075312791815098,0.0,0.9033010526595963,0.08406522690738116,0.0,0.255869153525081,0.0,-1.0250442285610504,0.255869153525081,0.9873662795669774,0.18248705062045945,1.425722483712518
trained,p20_post,13,9,0.3414643079032189,0.4517055946144042,0.4748693657792589,0.7018197346052502,0.06792358380115937,0.29254341602072964,0.03430117121369758,-0.33212339809978936,-0.8695960770039248,0.03430117121369758,1.0622867344271392,0.06631979319316783,1.1629076988340046
trained,p20_post,14,0,-0.11857197953791387,0.668479760219943,0.48417018598954487,-0.018120389971079343,0.45228650836587325,0.45540046979892446,0.5891709189458685,-0.4702675498759886,-0.48126627712611986,0.5891709189458685,0.8895665881937184,0.08254413966946555,1.5612816468090525
trained,p20_post,14,1,0.34094498347492597,0.4940431996321948,0.5838926193743328,0.5615882263586964,0.22264751107262426,0.3210398522879774,-0.1300806514579107,-0.37228633846794273,-0.89291646661589,-0.1300806514579107,1.105275589719298,0.15367799739762078,1.1288729356590081
trained,p20_post,14,2,-0.4809507318479056,1.1356572970058127,2.220446049250313e-16,-0.3820100774269741,0.515200521137855,0.5378741663485627,1.1726068156121863,-0.5861065812702485,-5.551115123125783e-17,1.1726068156121863,0.6710646100594435,0.06859998388765881,1.9122714095592885
trained,p20_post,14,3,0.31408342258517824,0.4419827076363715,1.1102230246251565e-16,0.0,0.018652656580843363,0.36505174718488886,0.3026039601084394,-0.6179113315406367,-5.551115123125783e-17,0.3026039601084394,0.3837044037657322,0.13815479868091302,0.8244631625550847
trained,p20_post,14,4,0.37458577033731744,0.6267452474810564,0.38399802304932384,0.25479774360404983,0.1059602644532418,0.8253575985911044,-0.2656905556621414,-0.9419416526616613,-0.3790491710985967,-0.2656905556621414,1.186115606648396,0.0643382171074397,0.9847632680936943
trained,p20_post,14,5,0.6198168568123787,0.6871127753308541,0.5609187339583341,0.48738209400015764,0.12786228764853758,1.114625115928865,-0.08950376589336928,-1.1642479495161568,-0.5673742193047349,-0.08950376589336928,1.7298694975775601,0.1362261972806753,1.7765919289648662
trained,p20_post,14,6,0.383017027119919,0.6499287068911315,0.8858105372334961,0.3318755867211668,0.4196269654049578,0.8447801458587317,-0.24726223770716627,-0.9244991671621468,-0.9203106531522358,-0.24726223770716627,1.5962826979848563,0.07394645093016394,1.422966911207854
trained,p20_post,14,7,0.5257820762130347,0.44694508885692974,0.3742432774231408,0.29468192453700903,0.03807260454023198,0.6908445157062293,-0.039580028006987344,-0.894565733326482,-0.35482335174974944,-0.039580028006987344,1.0235990447834702,0.09758135741687379,1.0816003741933566
trained,p20_post,14,8,0.3196262575726808,0.5202364826402608,0.3663263084652545,0.2943907378813604,0.3035988058323923,0.3596444368156093,-0.07952830332623373,-0.555928848864564,-0.5321259540478626,-0.07952830332623373,0.957633980529362,0.11813424576576959,0.9962399229688979
trained,p20_post,14,9,1.2652823571813765,0.3042383188888871,0.9633610729919377,1.0002104750384417,0.21818456235052897,1.0144624397906556,-0.9110228254391668,-1.3076480641579038,-1.0955999988092056,-0.9110228254391668,2.2328574771796266,0.12963368609509196,1.4514683378355517
trained,p20_post,15,0,0.14813075186219993,0.8294140852164374,0.0,-2.220446049250313e-16,0.06440043579644472,0.6044189431569992,0.03663466607934618,-0.886769476151618,0.0,0.03663466607934618,0.6688193789534437,0.09077536092701932,0.7962294059598092
trained,p20_post,15,1,-0.34257032743483884,1.210233488011938,0.0,-0.34572981229625777,0.35865735944940635,0.6963604503405854,0.37226550347156007,-0.8275999746362231,0.0,0.37226550347156007,0.709287997493734,0.0400631859408761,1.1216166869061701
trained,p20_post,15,2,-0.08048653567331665,0.9089150613642345,0.0,-0.07937246716181923,0.18405837154486082,0.6080850902076294,0.1548142845624366,-0.7026260344359788,0.0,0.1548142845624366,0.712770994590671,0.12580249125493903,0.9933877704080466
trained,p20_post,15,3,-0.03765439016098082,0.892642345716207,0.0,-0.033412743467918005,0.07538770831589325,0.7020178466130194,0.15986204146987038,-0.8808456092755557,0.0,0.15986204146987038,0.7439928114609946,-0.025857653720329443,0.8779971992105355
trained,p20_post,15,4,0.3234723059454783,0.6857928850455827,0.0,0.0,0.021159569133707645,0.6197616631161269,0.2382707524462595,-0.9070297106974978,0.0,0.2382707524462595,0.6409212322498345,0.10223548029356322,0.9814274649896573
trained,p20_post,15,5,-0.035774620065924134,0.3934093040570956,0.0,0.0,0.019417460675513754,0.20983742103273134,0.5027578434164175,-0.26456069316479514,0.0,0.5027578434164175,0.2292548817082451,0.09307399082637635,0.825086715951039
trained,p20_post,15,6,2.220446049250313e-16,1.039433263369659,-0.3415117962137305,0.4666696457922763,0.4786209338116274,-0.27550163882268075,0.46414680497897104,-1.1102230246251565e-16,-0.5319423233475336,0.46414680497897104,0.669788940781223,0.16597914380839507,1.299914889568589
trained,p20_post,15,7,0.1886917575619349,0.7540786814981364,0.0,0.0,0.04283796125292705,0.6238469829930516,0.0962450331881981,-0.9552531783955058,0.0,0.0962450331881981,0.6666849442459787,-0.012482739335434534,0.7504472380987423
trained,p20_post,15,8,0.09923449711752341,1.399245960259927,0.02746621577060082,-4.440892098500626e-16,0.19272167967602805,1.0803026782883842,0.1428933795991818,-1.2102779372055303,-0.047537835939355386,0.1428933795991818,1.2730243579644118,0.2681309000031656,1.6840486375667592
trained,p20_post,15,9,-0.3411998112663508,1.2817932051501095,0.0,-0.33972538410669073,0.43153431525734587,0.7061474921206053,0.33153144922626776,-0.9256990149567226,0.0,0.33153144922626776,0.7979564232712605,0.014894378927036156,1.1443822514245643
trained,p20_post,16,0,0.0,1.5323352010854225,-0.44847848490257247,0.9404572823580534,0.5208128765420734,-0.390840219513813,0.6944485861232801,0.0,-1.0647504460277863,0.6944485861232801,1.0704299393863137,0.01910627015506372,1.7839847956646575
trained,p20_post,16,1,0.18895644408493562,0.5492707657693028,1.1042103091492057,0.711369695672069,0.004211079185713951,0.18895644408493562,-0.14832850823995836,-0.21537324651198508,-1.4847072118895115,-0.14832850823995836,0.9045372189427185,0.14235706060194753,0.8985657713047077
trained,p20_post,16,2,-0.519624870420345,1.8389781719185718,0.5419746320551138,-0.4789836594946202,1.171750418028447,1.0573233940734061,0.5652634302102135,-1.0579999749567282,-0.5427025738093351,0.5652634302102135,1.750090152607233,0.26062538478727737,2.575978967604724
trained,p20_post,16,3,0.44781840661923755,0.6035356991649998,0.7949478875261073,0.4289616773790017,0.3197424787705414,0.7837157005684573,-0.19487375246824934,-0.8600535121528915,-0.8489638035229223,-0.19487375246824934,1.5324198567180005,0.13728467763453078,1.474830781884282
trained,p20_post,16,4,0.0,0.224170827286986,0.2737253325743496,0.15571976378336194,0.0075725056072093455,0.0,0.4674653857480999,0.0,-0.3897549486202208,0.4674653857480999,0.1632922693905713,0.10814121124111481,0.738898866379786
trained,p20_post,16,5,-0.1512986880078191,0.7064035833287511,0.0,-0.1552175642624194,0.15640861813726936,0.35541872773640004,0.603163184828541,-0.48381310720496695,0.0,0.603163184828541,0.35660978161125,0.07129178811596504,1.031064754555756
trained,p20_post,16,6,0.3434268872068835,0.9128973977486949,1.1273812634460068,0.3527742753772469,0.6943668982184719,1.1113631511692343,-0.3513065030579483,-1.136117119983003,-1.1356864760516188,-0.3513065030579483,2.1585043247649534,0.11190195236696376,1.9190997740739688
trained,p20_post,16,7,-0.020914583374786133,1.0306598363821178,0.0,-4.440892098500626e-16,0.24759061830358686,0.7240692311149401,0.25265488287574955,-0.8861362858040338,0.0,0.25265488287574955,0.9716598494185266,0.12360896720329784,1.3479236994975738
trained,p20_post,16,8,0.20828654084150533,0.47454811411082565,0.35090325534143907,0.43822203480399147,0.1570168769161282,0.1330328836569017,-0.02250278316057086,-0.24540509134719368,-0.7003032184683848,-0.02250278316057086,0.7282717953770214,0.08802960047819153,0.793798612694642
trained,p20_post,16,9,1.5105348073606502,0.41479101610615743,0.48803133905989027,0.6959781972978891,0.3202395091890775,0.5619865553301817,-0.3129399002325832,-1.592508165769417,-0.7245783070280596,-0.3129399002325832,1.5782042618171483,0.09627068972922137,1.3615350513137865
trained,p20_post,17,0,0.7926911834745165,0.3363839344257382,0.2591536925592448,0.24754940901623312,0.0020568246398529055,0.6311721884316255,0.13818499967658227,-1.0062920713390981,-0.24419662493693717,0.13818499967658227,0.8807784220877115,0.1377401141834642,1.156703535947758
trained,p20_post,17,1,0.606554455012994,0.3610329412931399,0.9533960525433562,0.7215549696845289,0.1540457235657331,0.7006206106927573,-0.5239057482776412,-0.7565899931048076,-1.0747633477511327,-0.5239057482776412,1.5762213039430193,0.08963010799354976,1.1419456636589278
trained,p20_post,17,2,0.0,0.2877082798892814,0.41224573218765515,0.3167770759520523,0.011512361742576749,0.0,0.2352365988729277,0.0,-0.7051905118809361,0.2352365988729277,0.32828943769462904,-0.005236499803999539,0.5582895367635572
trained,p20_post,17,3,0.0,0.37943693098568265,0.04939797829795767,0.33299197111494205,0.01959805784922919,0.0,0.2366621423833375,0.0,-0.3944383128949447,0.2366621423833375,0.35259002896417124,0.03439659638869563,0.6236487677362044
trained,p20_post,17,4,0.3048978681427881,0.5750791429070379,0.0,0.0,0.0016100394135303286,0.5525037623921609,0.4530559822705378,-0.8151063397344847,0.0,0.4530559822705378,0.5541138018056913,0.0648706713153413,1.0720404553915703
trained,p20_post,17,5,0.662995474053402,0.2985873540229844,0.3975771764807301,0.3880494524977749,0.00502191757156889,0.6899738406882541,-0.36721310721280465,-0.8861685885346173,-0.3898291778981937,-0.36721310721280465,1.0830452107575979,0.08316223812430557,0.7989943416690988
trained,p20_post,17,6,-0.23258362811193212,0.8943085832913269,0.0,-0.242154374235657,0.24308468053604648,0.5823539412329254,0.7534879519611204,-0.5823539412329254,0.0,0.7534879519611204,0.5832842475333149,0.0793710139464694,1.4161432134409047
trained,p20_post,17,7,0.14900594142217616,0.4926828557455236,0.3080511845556271,0.12763481294636403,0.2902345505471198,0.5758834663951372,-0.10245127620677241,-0.577642895977045,-0.2914474862656933,-0.10245127620677241,0.993752829888621,0.08064959948058859,0.9719511531624372
trained,p20_post,17,8,-0.04280595260198583,0.843935204538302,0.10421908279349179,-0.0188300959053862,0.2123972302235213,0.7261915911966881,0.36292011835413573,-0.7371667391396319,-0.0762618715522827,0.36292011835413573,0.9197587255148232,0.09191972403789328,1.3745985679068522
trained,p20_post,17,9,0.0,0.6240348852756534,-0.0013505522462378128,0.5316138352964825,0.09653805609871058,-0.03905013863751816,0.6296252826514216,0.0,-0.5653502123979975,0.6296252826514216,0.589101752757675,0.05733412063141807,1.2760611560405146
trained,p20_post,18,0,0.6204405390098042,0.40926770099293774,0.34931936164493493,0.35159321789527853,0.19686276815022818,0.6280842486799553,-0.1545127587849482,-0.8179150078099529,-0.379622055450064,-0.1545127587849482,1.1765402347254619,0.18149053838765994,1.2035180143281736
trained,p20_post,18,1,-0.47870247384589326,1.5084145100293624,0.0,-0.4847766040326784,0.4991837798612526,0.8731839854783292,0.48014540003211126,-0.9520428393539087,0.0,0.48014540003211126,0.8875911613069034,0.07766919682956042,1.445405758168575
trained,p20_post,18,2,0.3818898346586188,0.5363327708863972,0.9497266916212219,0.8994331634515516,0.02143480818489585,0.4051744972591085,-0.3138579721604895,-0.4266328716369161,-1.3585393043686036,-0.3138579721604895,1.3260424688955559,0.08277712116071823,1.0949616178957846
trained,p20_post,18,3,0.6247574873587178,0.39245454806386526,0.7427178395873533,0.6401219978764197,0.23013754355252392,0.6839523577844364,-0.3254867710233529,-0.8959635848691709,-0.8244269761460341,-0.3254867710233529,1.55421189921338,0.03953931399473132,1.2682644421847584
trained,p20_post,18,4,0.03242741415275663,0.6178785391661632,0.1313301891653671,0.0,0.23078859978370603,0.36425965550900874,0.10792616227277785,-0.5026276582399298,-0.15611069606209022,0.10792616227277785,0.5950482552927148,0.12289778818226688,0.8258722057477594
trained,p20_post,18,5,-0.12429991139041219,1.1370421132414876,0.0,-0.10682262737443637,0.13854672781412836,0.6926097185330342,0.19473228719807956,-0.9260510824059842,0.0,0.19473228719807956,0.7243338189727262,0.08669111944509122,1.005757225615897
trained,p20_post,18,6,0.1292782554994305,0.8777621526198665,0.0,0.0,0.04075578453355844,0.7135715258170517,0.01917957102318102,-1.0423105806446458,0.0,0.01917957102318102,0.7543273103506102,-0.03527017252534881,0.7382367088484424
trained,p20_post,18,7,1.0546926899303566,0.2859134043099807,0.6019888492687713,0.5655804681803247,0.10037282593390628,0.7294072440385589,-0.4925274057842106,-1.2034451022482275,-0.6693860331879375,-0.4925274057842106,1.39536053815279,0.06976380807294347,0.9725969404415229
trained,p20_post,18,8,0.5021229187106075,0.7846407079663035,0.26684487868226037,0.21404274193256256,0.013161707454523164,0.9210552991350287,-0.20923993311096423,-1.162174321798665,-0.2683573738802114,-0.20923993311096423,1.1482597485221144,0.12307680968029477,1.062096625091445
trained,p20_post,18,9,0.457788600824653,0.6394169467300754,0.30382838016395686,0.23553505892718096,0.05335465769710157,0.8199231059272659,-0.05001522855095031,-0.9710660980264103,-0.3116951096720135,-0.05001522855095031,1.1088128225515486,0.11827272002026157,1.1770703140208598
trained,p20_post,19,0,0.0,1.0437597187217809,-0.12748066263482294,0.7690078682540255,0.16349729699183607,-0.1329010743782999,0.15442330905960233,0.0,-0.8877718907704578,0.15442330905960233,0.7996040908675617,0.028507165316500105,0.9825345652436641
trained,p20_post,19,1,0.23773145829433917,0.5282864862935045,0.31405585652501866,0.5679872323574802,0.16192906505934612,0.08485168384975816,0.16486539010108592,-0.2455781962647452,-0.8149512482048722,0.16486539010108592,0.8147679812665845,0.019544356643244942,0.9991777280109153
trained,p20_post,19,2,0.6188966676504429,0.5870026114647428,0.02252212245220009,0.043194650434953186,0.07015722213811992,0.5819680382235048,0.0009266963578977716,-1.027181325861693,-0.06487260170089926,0.0009266963578977716,0.695319910796578,0.13636747400479343,0.8326140811592692
trained,p20_post,19,3,0.11240677135266886,1.6537271273463505,-0.35241184826865823,1.1099518979558365,0.7644996881417931,-0.31713297464139134,0.443580762289177,-0.11407364947407529,-1.1302210263113608,0.443580762289177,1.5573186114562383,0.16942737464492508,2.1703267483903406
trained,p20_post,19,4,0.40304668668493593,0.6671770733420392,0.0,0.0,0.009706702489372665,0.6088868196321957,0.06034839961150773,-0.9707445429982917,0.0,0.06034839961150773,0.6185935221215684,0.09947921702868334,0.7784211387617594
trained,p20_post,19,5,0.46350730670166596,1.1482394726557343,0.0,0.0,0.08112316248841633,1.104790491255997,0.1325596756759686,-1.4664443292962055,0.0,0.1325596756759686,1.1859136537444133,0.1453024500611948,1.4637757794815767
trained,p20_post,19,6,0.0,0.88579717222635,-0.019374206664518723,0.655105336058598,0.08413067117290951,-0.0184724185960099,0.09757183414609005,0.0,-0.7908676702019454,0.09757183414609005,0.7207635886354976,0.07555529535988592,0.8938907181414736
trained,p20_post,19,7,0.37327310631126265,1.1781866658501856,0.47356658850181454,0.20423965225031226,0.2739524735894481,1.3346229926180764,-0.17368833865278965,-1.4294904868662814,-0.48402900092358125,-0.17368833865278965,1.8128151184578367,0.11150687287340011,1.7506336526784472
trained,p20_post,19,8,-0.6943705592026739,1.7560792871686353,0.0,-0.7194494409603192,0.8468028315067478,0.8113317607735724,0.7000356351626782,-0.8845161650947291,0.0,0.7000356351626782,0.9386851513200011,0.1771925628712323,1.8159133493539115
trained,p20_post,19,9,0.5569836194870952,0.527138848929343,0.07962386840251245,0.101627795654323,0.13120051219584383,0.5144521094952914,-0.027391859716876077,-0.9737672381159985,-0.12337422777307727,-0.027391859716876077,0.7472804173454582,0.06660487092987488,0.786493428558457
trained,p20_post,20,0,-0.8544233655901063,1.6673428891127124,0.0,-0.8098559611833946,0.8173986402189946,0.7362268055375323,0.9899072610500164,-0.7651436466068486,0.0,0.9899072610500164,0.7437694845731322,0.047775876915757465,1.781452622538906
trained,p20_post,20,1,-0.5103542962685679,1.0596006071533193,0.0,-0.47861781391595914,0.5659627732439322,0.4736778197039281,1.1099611428682505,-0.502058315507213,0.0,1.1099611428682505,0.5610227790319011,0.04718799537753837,1.7181719172776901
trained,p20_post,20,2,1.2053123825145637,0.24835536247718748,1.0820257804742668,1.1140449527720717,0.14414798988214406,1.0595333398171207,-0.8565170590343154,-1.25009650513389,-1.2039263253565125,-0.8565170590343154,2.3177262824713365,0.08167069497561563,1.5428799184126367
trained,p20_post,20,3,-0.254377757646858,1.102783239258656,1.1102230246251565e-16,-0.24771290602671336,0.42190799668429757,0.7137868719816722,0.4400830246358356,-0.7590506171628525,0.0,0.4400830246358356,0.8879819626392564,0.08935486444894569,1.4174198517240377
trained,p20_post,20,4,-0.11961428152045894,0.8721280913090306,0.0,-0.11843671065896438,0.1339262429528597,0.5444787640339751,0.24837441927448145,-0.6072850401052523,0.0,0.24837441927448145,0.5599682963278705,0.14522876968331933,0.9535714852856713
trained,p20_post,20,5,0.5099058974787412,0.7031321281786459,0.8443122720916688,0.46805418330564597,0.3848805218400094,1.0036312703978871,-0.4271122563026486,-1.0968657109848032,-0.8594572961629166,-0.4271122563026486,1.8565659755435426,0.10102729060133586,1.53048100984223
trained,p20_post,20,6,0.5024959059842735,0.8302472970099388,0.7202812279604855,0.4224803905075083,0.21188754438020063,1.1837035221691155,0.40613532532644747,-1.2250428824427755,-0.7050373432012651,0.40613532532644747,1.8180714570568244,0.1229442053106573,2.347150987693929
trained,p20_post,20,7,-0.0870854613642984,1.0690101043465299,0.0,-0.026537803268498972,0.18272614349411453,0.7928869276691883,0.4510603282360526,-0.9512635140596405,0.0,0.4510603282360526,0.9490752678948039,0.030661128922590986,1.4307967250534475
trained,p20_post,20,8,-0.29854615518390926,0.8679631518072475,0.0,-0.22233960725348634,0.3096998423700853,0.48921220631300644,0.79400924372458,-0.5176295195128346,0.0,0.79400924372458,0.5765724414296054,0.05178747711050358,1.422369162264689
trained,p20_post,20,9,0.6645920408764192,0.34858811594313116,0.5376383346369957,0.7273307247928229,0.22822767361119262,0.4937518392384237,-0.10911622923433884,-0.7158352956312695,-0.8046193687052134,-0.10911622923433884,1.4493102376424392,0.030363827120063247,1.3705578355281636
trained,p20_post,21,0,0.0,1.2572146341703285,-0.17765826643881755,0.7499943896476811,0.4329513378434009,-0.1953215186025512,0.3338727256306937,-1.1102230246251565e-16,-0.8476360758386927,0.3338727256306937,0.9876242088885308,0.23192029189281804,1.5534172264120425
trained,p20_post,21,1,0.0,0.7579798275499214,0.1715260039014217,0.562317374349177,0.028885672015061536,0.0,0.057459498528381836,0.0,-0.9222038813527857,0.057459498528381836,0.5912030463642385,0.007301950098557386,0.6559644949911777
trained,p20_post,21,2,0.8719697487416087,0.40520147178161703,0.5543364270379401,0.7350266557458228,0.1800124235883418,0.6509388228238006,-0.4727532208638072,-0.9652323317216499,-0.7509822699688634,-0.4727532208638072,1.5659779021579652,0.11529304587065248,1.2085177271648104
trained,p20_post,21,3,0.0,1.0766594487573946,-0.044023897573952864,0.9292655474247642,0.060246115392849076,-2.220446049250313e-16,0.35383641080350436,0.0,-1.0940466241696165,0.35383641080350436,0.989511662817613,-0.061411072986174764,1.2819370006349426
trained,p20_post,21,4,0.20909297346636357,0.6167985028159899,0.864186086569436,0.20370930643304053,0.5354202429575088,0.7424553285590161,-0.19215170197270126,-0.7469563702121641,-0.8680497983405151,-0.19215170197270126,1.4815848779495653,0.07507139429911025,1.3645045702759742
trained,p20_post,21,5,0.050762390153042625,0.6203288171142931,0.7938885466603158,0.08167535446003038,0.5086495078473781,0.5798717798980925,0.14406431773517347,-0.5840847197979274,-0.7938885466603158,0.14406431773517347,1.170196642205501,0.0870064874694082,1.4012674474100826
trained,p20_post,21,6,0.11396216467463582,0.33121257346749156,0.756624280135862,0.29589243466591075,0.16750917944015964,0.2753888291207911,-0.16413608972883642,-0.3229314461682927,-0.8875587411763202,-0.16413608972883642,0.7387904432268615,-0.008691169066623483,0.5659631844314016
trained,p20_post,21,7,0.5740018155115583,0.3733466107114226,0.7840625531952881,0.6665572208556021,0.19647023805938235,0.5767134769974946,-0.4336517415038301,-0.7095750127014737,-0.9508998903446954,-0.4336517415038301,1.439740935912479,0.07093607637209998,1.0770252707807488
trained,p20_post,21,8,0.0,1.001089262524173,0.3029136179287262,0.7967460324355193,0.02379146952385991,0.0,0.06967812337113699,0.0,-1.1907912086374859,0.06967812337113699,0.8205375019593792,0.11321167181541325,1.0034272971459295
trained,p20_post,21,9,0.488154713958842,0.4236090296935515,0.381605961769541,0.68905851085034,0.18241407549985,0.2445886345745194,0.24277682131860967,-0.5130547278827173,-0.7754723102188915,0.24277682131860967,1.1160612209247094,0.004842667320325567,1.3636807095636447
trained,p20_post,22,0,-0.45576881876593434,1.1199916788329864,0.0,-0.41171305585004925,0.4358336815096888,0.6020008620258797,0.5643565254947605,-0.6219008247420188,0.0,0.5643565254947605,0.6261214876855192,0.042322035325033314,1.232800048505313
trained,p20_post,22,1,0.19842866211897037,0.5392124932736155,0.0,0.0,0.0013728230643377248,0.455025716615465,0.28308247339538717,-0.6803544401521255,0.0,0.28308247339538717,0.4563985396798027,0.05728671524046036,0.7967677283156502
trained,p20_post,22,2,0.04707954841977047,0.9143826311777365,0.16288638690173807,0.0,0.24575357823362265,0.7728488507806016,0.1536740375698109,-0.8512774957952531,-0.16288638690173818,0.1536740375698109,1.0186024290142242,0.11018468380225388,1.2824611503862888
trained,p20_post,22,3,0.5485289982333567,0.18937380622451472,1.0911340321690528,0.6247302377065636,0.1022794057829246,0.6360919076152534,-0.28945386628767844,-0.6485410463075856,-1.1391429915017988,-0.28945386628767844,1.3631015511047415,0.041352798817539727,1.1150004836346028
trained,p20_post,22,4,0.02681832476685364,0.9285237493001377,0.6757181910267074,0.0010966085559438454,0.6592754219755406,0.7337676984143771,0.04973752838294754,-0.8135520866701019,-0.6834847782884117,0.04973752838294754,1.3941397289458615,0.1340234001351851,1.577900657463994
trained,p20_post,22,5,0.26737691380259987,0.6188656647731716,0.9986651197080616,0.8285249124281286,0.013690757301861645,0.24639073571548398,-0.22988196917607873,-0.28371386098757867,-1.4599986678632446,-0.22988196917607873,1.0886064054454743,0.1411951694330098,0.9999196057024053
trained,p20_post,22,6,0.11602135703327399,1.1677537121763077,-0.6178876705860057,0.4788543577642933,0.8093262520841633,-0.584612499421777,0.8118187591632058,-0.11345366608847529,-0.48256770999238774,0.8118187591632058,0.7035681104266798,0.06986602254271301,1.5852528921325986
trained,p20_post,22,7,0.4369278863439764,0.3328012439931056,1.0372243911539887,0.44285099129115946,0.29273296957447914,0.7585053308067393,-0.3877877929656819,-0.7621449053509123,-1.0301376683499106,-0.3877877929656819,1.494089291672378,0.014670947790248023,1.1209724464969442
trained,p20_post,22,8,-0.06384241216303277,1.0973801378936936,0.8805324805604378,-0.08498708830910129,0.9695017575536131,0.8557937011670598,0.18770485853860475,-0.8785932410446967,-0.9063625746449503,0.18770485853860475,1.7403083704115716,0.1291143906014517,2.057127619551628
trained,p20_post,22,9,0.027563427976185717,0.7790819168649605,0.2357890107943299,2.220446049250313e-16,0.24348361501273286,0.7014641808636,0.09766516398327818,-0.7813514828114032,-0.23420684554186222,0.09766516398327818,0.944947795876333,0.026876027282210835,1.069488987141822
trained,p20_post,23,0,0.6001809867944565,0.40734120382395766,0.0,0.0,0.028517881924898347,0.3311499040298105,0.1777435906076945,-0.9908958860646289,0.0,0.1777435906076945,0.35966778595470883,0.01662630455378533,0.5540376811161887
trained,p20_post,23,1,-0.3944512378311591,0.8347894020735814,0.0,-0.5094086906668207,0.515726352547134,0.3216132343350879,0.8584255856112561,-0.34598088196372234,0.0,0.8584255856112561,0.32793089621540117,0.0943572822787,1.2807137641053572
trained,p20_post,23,2,0.12058651385161206,0.5756867168980841,0.0,0.0,0.03338492274190197,0.448710893785914,0.5332518488712807,-0.6684264266146662,0.0,0.5332518488712807,0.48209581652781597,0.027846804135029934,1.0431944695341266
trained,p20_post,23,3,0.0,0.677260191584464,0.06635917960470161,0.5156015534668486,0.014242975406298042,0.0,0.7760215473756222,0.0,-0.6684872851948856,0.7760215473756222,0.5298445288731466,0.07513208599428,1.3809981622430487
trained,p20_post,23,4,-0.0857587800615518,0.4229958002076546,0.0,-0.035954235479469965,0.08834165392005566,0.250882922465711,0.9263270968248976,-0.26116439654730317,0.0,0.9263270968248976,0.3032703409062967,0.07607262359879963,1.3056700613299939
trained,p20_post,23,5,1.134391684024909,0.19613427656472582,1.022351122773745,1.0334737364973987,0.10085556415595986,0.9623148573442145,-0.8782009082805713,-1.1961026919836169,-1.1154776386621577,-0.8782009082805713,2.096644157997573,0.041296752717605134,1.259740002434607
trained,p20_post,23,6,0.04294505044090968,0.6630726198140158,0.13680643607694387,0.0,0.16010462420773525,0.5231991573166288,0.5030484572745944,-0.6261287624599579,-0.13592607720057864,0.5030484572745944,0.6833037815243641,0.08076926667133283,1.2671215054702913
trained,p20_post,23,7,-0.3038360488896109,1.3164715284784667,0.0,-0.33953172428126666,0.3449920570059255,0.8635314501894156,0.38025200487973887,-0.9075137345723006,0.0,0.38025200487973887,0.8689917829140744,0.10512174501655513,1.3543655328103683
trained,p20_post,23,8,0.38346575252258974,0.6700066339131632,0.74288968805504,0.9817850373941999,0.025431990812821104,0.3313397869900745,-0.2634457434992634,-0.41243364562905294,-1.272248502510308,-0.2634457434992634,1.3385568151970955,0.11167992635143187,1.186790998049264
trained,p20_post,23,9,0.6981236905674726,0.768092418701674,0.17019197707095213,0.7923253080676931,0.47641819726155954,0.14528574853910659,0.5008230127490307,-0.6981236905674726,-0.835508002657266,0.5008230127490307,1.4140292538683592,0.10277639311536013,2.01762865973275
trained,p20_post,24,0,-0.23048167812030684,0.884483057488795,0.0,-0.20832659990777258,0.2727039368786913,0.3897027388301346,0.37720492295131614,-0.4981353056128114,0.0,0.37720492295131614,0.45408007580105336,0.15586607375567674,0.9871510725080462
trained,p20_post,24,1,-0.35094169029532596,1.4277696393581432,0.0,-0.3155140307007527,0.38374643560194,0.9304196643902811,0.5662202440824071,-0.9959438124761634,-2.7755575615628914e-17,0.5662202440824071,0.9986520692914684,0.0808841365866538,1.6457564499605293
trained,p20_post,24,2,0.4282702735437836,0.2881050966030098,0.5591198449957615,0.4348955611402614,0.07974377839071267,0.42918305386748656,-0.2532250161970415,-0.4893024471009213,-0.7399844706088933,-0.2532250161970415,0.9438223933984606,0.04620829743274035,0.7368056746341595
trained,p20_post,24,3,0.6901910733655228,0.3634950454657231,0.3449024217431951,0.4236940238744933,0.15442329559861312,0.5919635774631063,-0.30260324802132743,-0.8692803805789129,-0.4747979310494326,-0.30260324802132743,1.1700808969362129,0.054510228946095474,0.9219878778609809
trained,p20_post,24,4,0.7144452315325691,0.7315648598651205,0.5728700933310917,0.370078948183151,0.1496982975770238,1.0998680511335661,-0.3845177020473134,-1.343311926956405,-0.5993206183430491,-0.3845177020473134,1.619645296893741,0.07624763942932744,1.311375234275755
trained,p20_post,24,5,-0.5622896820781067,1.0757111547537321,0.0,-0.5006754433250529,0.5010410453391858,0.4647912380714201,0.8658059342256421,-0.5172989461359795,0.0,0.8658059342256421,0.465156840085553,-0.003877473460354053,1.327085300850841
trained,p20_post,24,6,-0.1315732356639634,1.150704240426568,0.0,-0.17067428669966267,0.2224336172137884,0.7881231017006999,0.8608979687333405,-0.9215215614534944,0.0,0.8608979687333405,0.8398824322148256,0.09760944330911014,1.7983898442572763
trained,p20_post,24,7,-0.7566117407834192,1.8864885420646227,0.0,-0.8227404127612818,0.8370340308148214,1.022369996680391,1.053967818256583,-1.0668522082358227,0.0,1.053967818256583,1.0366636147339305,0.06302459304538077,2.1536560260358946
trained,p20_post,24,8,-0.2762784269829117,1.276470002856056,0.5407665713510899,-0.23504214741368246,0.8735237708771146,0.8746722781762648,0.38980026621527264,-0.9022018282708784,-0.5407665713510897,0.38980026621527264,1.513153901639697,0.09798974760226609,2.0009439154572357
trained,p20_post,24,9,0.31353111536514566,0.9612154253732539,0.2918445704491479,0.058376679637503814,0.17148011000294017,0.9953738876171161,0.3149264166022103,-1.1253661508026416,-0.2918445704491479,0.3149264166022103,1.22523067725756,0.14938038993575797,1.6895374837955284
trained,p20_post,25,0,1.1026385681973354,0.22559680146019567,0.5835585820056624,0.5987732648399611,0.011826275124119823,0.7726229148168522,-0.30142889533012696,-1.1830055967926534,-0.6211120420481149,-0.30142889533012696,1.383222454780933,0.10767631282242518,1.1894698722732313
trained,p20_post,25,1,0.17076861082708916,0.3085837914978944,0.0,0.0,0.013927977321827378,0.4111291812126592,0.9882526045471989,-0.46074637762941306,0.0,0.9882526045471989,0.42505715853448656,0.01860602469557049,1.431915787777256
trained,p20_post,25,2,-0.2230164595131705,0.945633833230844,0.0,-0.26219020199305565,0.25796150004993224,0.6453886108208966,0.4016108769914495,-0.6959211825471916,0.0,0.4016108769914495,0.6411599088777732,0.026696191170481942,1.0694669770397045
trained,p20_post,25,3,-0.5544161740434449,1.093509269695106,0.0,-0.4822405116169163,0.501199227128947,0.4191061765721965,0.7355258427761933,-0.4655796554174828,0.0,0.7355258427761933,0.4380648920842273,0.07351344023417838,1.2471041750945988
trained,p20_post,25,4,0.12300647786832841,0.6532891415000401,0.4214069840727319,0.6344992320206249,0.05298429433444474,0.08187768320268862,0.27231812866196003,-0.099719597606728,-0.9684755304287272,0.27231812866196003,0.7693612095577582,0.12950747540564522,1.1711868136253636
trained,p20_post,25,5,0.6014982025177378,0.5682214853471308,0.1783474248026775,0.6357851766006315,0.448502953217899,0.11533795901583044,0.07182091952201208,-0.6032626627827619,-0.6529645549270235,0.07182091952201208,1.199626088834361,0.09183989495776068,1.3632869033141337
trained,p20_post,25,6,-0.2881348331033531,1.1611416133168735,0.0,-0.29645706317153786,0.3475026557910341,0.7145572719137352,0.4368046402433836,-0.7568703576874725,0.0,0.4368046402433836,0.7656028645332315,0.11613642252604794,1.3185439273026631
trained,p20_post,25,7,-0.017663775455203812,0.5988295332438531,2.220446049250313e-16,-0.003113555662567047,0.18802284601468344,0.41626240190956976,0.9069188226720284,-0.4560081068406642,0.0,0.9069188226720284,0.6011716922616861,0.12515765094798537,1.6332481658817
trained,p20_post,25,8,0.11579798388697615,0.665798858863053,0.0,0.0,0.05148635782866606,0.5064525648338558,0.3441158247589624,-0.7202757262479427,0.0,0.3441158247589624,0.5579389226625219,0.06132111650208649,0.9633758639235708
trained,p20_post,25,9,1.8301916129364166,0.5318089490996656,0.37992137684034444,0.4040932797710677,0.01261280864951786,0.9179617599613359,-0.37912421019078657,-2.210990574815817,-0.39051668639059356,-0.37912421019078657,1.3346678483819214,0.14041467767001636,1.0959583158611512
trained,p20_post,26,0,0.04321767310539526,0.8626552268414747,2.220446049250313e-16,0.0,0.15401428863891664,0.5303049589513258,0.3687806237386093,-0.7076433633554722,-1.1102230246251565e-16,0.3687806237386093,0.6843192475902424,0.19822953659139786,1.2513294079202497
trained,p20_post,26,1,-0.08433753465869298,0.5094144396350098,0.0,-0.024352418006382992,0.05080228787662011,0.24062392344235106,0.7133218286316868,-0.357704569275342,0.0,0.7133218286316868,0.2670737933125882,0.06737233570097478,1.0477679576452497
trained,p20_post,26,2,0.4490623588553846,0.4374554429267437,0.21527819341989907,0.12830565007765493,0.07175088702978183,0.5420726135421274,0.17398996241111792,-0.8322313968391629,-0.24976876926876324,0.17398996241111792,0.7421291506495642,0.01979582909410116,0.9359149421547832
trained,p20_post,26,3,0.3545235764523529,0.7905753906141177,0.13113918838411442,0.7462451677673325,0.2960865802960375,0.034605664164096606,0.11969460989975023,-0.3545235764523529,-0.7922759326184176,0.11969460989975023,1.0769374122274666,0.12943864637981461,1.3260706685070316
trained,p20_post,26,4,0.1298709651537694,0.5158743702635769,0.0,0.0,0.05243328333575992,0.35834514203324996,0.16181681496370093,-0.617173468069793,0.0,0.16181681496370093,0.4107784253690099,0.028571867347553237,0.601167107680264
trained,p20_post,26,5,0.7607430196356884,0.37972155125608975,0.3719061303680343,0.377860328781935,0.17489612958997514,0.5049962841765819,-0.15511682638747226,-0.9652110725380629,-0.4700060946962038,-0.15511682638747226,1.057752742548492,0.07715353402554548,0.9797894501865653
trained,p20_post,26,6,0.05900864662664551,1.1666841690025833,0.0,-2.220446049250313e-16,0.06597739169888817,0.9936223717775121,0.26198277093633693,-1.1559164427921012,0.0,0.26198277093633693,1.0595997634764,0.06977637283712768,1.3913589072498647
trained,p20_post,26,7,0.41769682687764187,0.6293115166870156,0.0,0.0,0.028446118180938895,0.545466082845194,0.029172435905778782,-0.9429722621171377,0.0,0.029172435905778782,0.5739122010261329,0.10403608144751986,0.7071207183794316
trained,p20_post,26,8,0.6649876385882272,0.37600603846163416,0.5511381815452084,0.45479795874569406,0.23738977193910227,0.6441098771796359,-0.31215425261131613,-0.8893298924240768,-0.6326561319285838,-0.31215425261131613,1.3362976078644322,0.07014583424240928,1.0942891894955253
trained,p20_post,26,9,1.0246674679256484,0.43037351435455307,0.919677285557907,1.1256895064834989,0.20994985222597773,0.7939187020685894,-0.7388506632192708,-1.0624618308382274,-1.2588270823857692,-0.7388506632192708,2.129558060778066,0.05342935461411202,1.4441367521729072
trained,p20_post,27,0,0.2501856241408288,0.7249984179885989,0.0,0.0,0.010214041715194133,0.6686022951577755,0.018082918218567334,-0.8340358793006181,0.0,0.018082918218567334,0.6788163368729696,0.1411481628288096,0.8380474179203465
trained,p20_post,27,1,0.23923580889301366,0.4421766270202632,0.3834869171678532,0.13113195913597742,0.19474423031377253,0.4696186359158617,-0.09868332835288363,-0.5684622532316062,-0.41241094572587683,-0.09868332835288363,0.7954948253656117,0.08402615412364717,0.7808376511363753
trained,p20_post,27,2,-0.12985843510422623,1.0675299519002177,0.0,-0.14137600757469104,0.2400490500856518,0.7652999804944816,0.2644132288758083,-0.8704944140126427,0.0,0.2644132288758083,0.8639730230054423,0.06717710278334876,1.1955633546645994
trained,p20_post,27,3,0.1908805069772619,0.9236327453795627,0.08575734190364281,0.6874686099037162,0.35759376229221584,0.0,0.09551475912885055,-0.17809623407752773,-0.7708808409250543,0.09551475912885055,1.045062372195932,0.25129351925788534,1.391870650582668
trained,p20_post,27,4,-0.5503120384879134,1.1408143097632224,0.0,-0.5969095247879317,0.6166449508709625,0.46640745111364534,0.6782983341568285,-0.4750034716951369,0.0,0.6782983341568285,0.48614287719667615,0.11549879958017206,1.2799400109336765
trained,p20_post,27,5,0.12904873230009095,1.1360775082830379,0.0,0.0,0.10164851910100303,0.9878673781946204,0.06049738534975102,-1.1433449766637904,0.0,0.06049738534975102,1.0895158972956236,0.12178126391933852,1.2717945465647131
trained,p20_post,27,6,0.12092992970638172,0.8913936831250545,0.0,-2.220446049250313e-16,0.049092519728590744,0.6711586914187098,0.020135930940706537,-0.8526598363615925,0.0,0.020135930940706537,0.7202512111473003,0.15966377646984364,0.9000509185578505
trained,p20_post,27,7,0.3451664815569381,0.4407149430031514,0.8278249432028364,0.5124748981593805,0.16690280349021847,0.3924220003230885,-0.18746551901258734,-0.4532538309719969,-0.954844804063095,-0.18746551901258734,1.0717997019726875,0.20560773272783406,1.0899419156879342
trained,p20_post,27,8,0.345870350808579,0.8761124770420796,0.0795902065415956,0.034723468099865706,0.04130277997340959,0.8346798416736452,-0.03727556478091332,-1.0464133676989427,-0.0808465103808416,-0.03727556478091332,0.9107060897469205,0.17431315631246996,1.047743681278477
trained,p20_post,27,9,-0.02192108768849188,1.0762631730395005,0.0,-0.006834515312423073,0.08850765826373319,0.8755311365780583,0.11414562873313372,-0.9334795257068089,-2.7755575615628914e-17,0.11414562873313372,0.9572042795293684,0.12086255964419965,1.1922124679067019
trained,p20_post,28,0,0.13911902117978525,0.4859601734559859,0.0,0.0,0.042093629586225756,0.4177372787868686,0.7433241791411668,-0.6084757896034576,0.0,0.7433241791411668,0.45983090837309437,0.016603405032313612,1.2197584925465748
trained,p20_post,28,1,0.0,1.008648474057437,-0.03073129396036345,0.6449496908058495,0.07147488037112293,-0.027866901475914307,0.07908692351509083,0.0,-0.8993742344608715,0.07908692351509083,0.6885576697010581,0.07854294563620212,0.8461875388523511
trained,p20_post,28,2,0.037240742331913546,0.7458231412892105,2.220446049250313e-16,0.0,0.24557322993807007,0.5511915983873324,0.23903568066792324,-0.6995219281041674,-0.004948726903498124,0.23903568066792324,0.7967648283254025,0.07859322861345874,1.1143937376067845
trained,p20_post,28,3,-0.1822204092663109,1.0733950569179476,0.0,-0.11132679517962873,0.27199984403783095,0.5758808442256069,0.4457755567293633,-0.714920836256761,-1.3877787807814457e-17,0.4457755567293633,0.7365538930838091,0.17625381139487573,1.3585832612080482
trained,p20_post,28,4,-0.2206728787929717,1.270403493574371,0.0,-0.1765625822055068,0.3839753063360007,0.7732265524577553,0.4248444589533933,-0.9172377965713961,0.0,0.4248444589533933,0.9806392765882492,0.13249281821000325,1.5379765537516459
trained,p20_post,28,5,-0.1966440623418223,1.0850741900817233,0.15116902070799276,-0.1991940788298412,0.46698143562809136,0.6501380183968963,0.2953064888381236,-0.7401915564034578,-0.1525604410605358,0.2953064888381236,0.9179253751951465,0.14684715098390033,1.3600790150171704
trained,p20_post,28,6,-0.15990441591194404,1.0534062813587708,2.220446049250313e-16,-0.1176547779624173,0.3070291440564128,0.6439754558356579,0.30465938007019133,-0.7905656479668814,-1.1102230246251565e-16,0.30465938007019133,0.8333498219296533,0.10293621747994541,1.24094541947979
trained,p20_post,28,7,-0.21580491868172186,1.039345169843291,0.0,-0.21084475305272476,0.2886789542502206,0.5792242401393358,0.33011150316793136,-0.7470412861808353,0.0,0.33011150316793136,0.6570584413368317,0.07649896498073372,1.0636689094854967
trained,p20_post,28,8,0.0,0.8464221155921825,0.06964078012657016,0.6184023072239577,0.1152321711256945,0.0,0.30898515077338784,0.0,-0.8428647357896266,0.30898515077338784,0.7336344783496522,0.07319815992912604,1.115817789052166
trained,p20_post,28,9,0.0,1.117094766062591,-0.3390560918407608,0.5618207925783514,0.34748905018044585,-0.34117558413488647,0.4570838234701766,0.0,-0.6547757102479003,0.4570838234701766,0.5681342586239108,0.12326296397392988,1.1484810460680173
trained,p20_post,29,0,-0.23742422010632613,1.3771836657021388,0.18116522985478212,-0.26111325704818844,0.5914379643002494,0.9717035826590643,0.6539724747736666,-0.9839377549795834,-0.1699879675408204,0.6539724747736666,1.3020282899111253,0.166998952930191,2.122999717614983
trained,p20_post,29,1,0.18769223403447288,0.43681858786913597,0.3214893258006354,0.38649394795051095,0.14781824923008502,0.03214618548284598,0.10265366731339753,-0.2342519532892201,-0.5563153033237522,0.10265366731339753,0.566458382663442,0.1554328910912719,0.8245449410681114
trained,p20_post,29,2,-0.06778719169899317,0.7375410798634934,0.13652550214293369,-0.08298426066534162,0.5387993057767825,0.38523174191424425,0.28773937715153064,-0.5049086696627844,-0.15377463857085621,0.28773937715153064,0.8410467870256851,0.14759608207379332,1.276382246251009
trained,p20_post,29,3,0.0,0.7597028135894675,-0.026189807029034284,0.5004212878720963,0.09321112782314955,-2.220446049250313e-16,0.664151970277705,0.0,-0.6157238063248089,0.664151970277705,0.5936324156952456,0.11778920023562423,1.3755735862085747
trained,p20_post,29,4,0.0,0.43863239151214084,0.46783416477797446,0.44471006623835163,0.002936301759111748,0.0,0.36178571139037974,0.0,-0.8649900862859992,0.36178571139037974,0.4476463679974634,0.04147647000411614,0.8509085493919593
trained,p20_post,29,5,0.2493611501016506,0.7217986158060761,0.0,0.0,0.00816760428700769,0.6540157246190728,0.46171566441659095,-0.9239251795051369,0.0,0.46171566441659095,0.6621833289060804,0.04723458640258982,1.171133579725261
trained,p20_post,29,6,0.006646342280541284,0.5231958660141285,0.0,0.0,0.005980116605206864,0.4289922232589155,0.9403553444766943,-0.5201889256212013,0.0,0.9403553444766943,0.43497233986412237,0.009653282673468433,1.3849809670142852
trained,p20_post,29,7,-0.3066501243141194,0.6861405817951005,0.0,-0.16157298503418094,0.15802322565816296,0.355670224783035,1.0775885915716636,-0.39121254501446234,0.0,1.0775885915716636,0.352120465407017,-0.011722087533481251,1.4179869694451996
trained,p20_post,29,8,-0.14328151890372853,0.21360588626289356,0.0,0.0,0.014324348503230944,0.0,0.96323864927508,-0.009122363115819931,0.0,0.96323864927508,0.014324348503230944,0.0612020042433451,1.038765002021656
trained,p20_post,29,9,0.7736897016176791,0.4703208160843029,1.068617975604301,0.7978886634232945,0.2577959396772995,1.135188935158968,-0.19361364276951187,-1.1998479548641638,-1.070841893761902,-0.19361364276951187,2.190873538259562,0.04193864468021724,2.0391985401702675
trained,p20_post,30,0,0.07082178899239078,0.8600137639004872,0.0,0.0,0.060608635727835924,0.6928314076136863,0.27207770161481615,-0.8710019818283333,0.0,0.27207770161481615,0.7534400433415223,0.05983357106454468,1.085351316020883
trained,p20_post,30,1,0.8087830415869152,0.18734911728567843,0.7069720992575454,0.6928679508503153,0.08095463707482109,0.68631803283869,-0.3795047711076034,-0.8277006583622197,-0.7611988577158444,-0.3795047711076034,1.4601406207638263,0.11420474205207487,1.1948405917082978
trained,p20_post,30,2,-0.12881754316454141,1.0364262205584311,0.0,-0.06856632184271216,0.08937501790859581,0.7239495240868614,0.3894379090243929,-0.8057044111739915,0.0,0.3894379090243929,0.7447582201527451,0.10190426621989823,1.2361003953970364
trained,p20_post,30,3,0.6695905762909562,0.5118325988738479,0.09823915382589865,0.09823915382589865,0.008548466065985805,0.5812080282741456,-0.06740677882541446,-1.0512602392164432,-0.1182952855446695,-0.06740677882541446,0.6879956481660301,0.11010680422959007,0.7306956735702057
trained,p20_post,30,4,-0.03412601488612976,1.026689374208277,0.0,-2.220446049250313e-16,0.25549494403812234,0.6164222630487528,0.20784060064425625,-0.7820832842146529,0.0,0.20784060064425625,0.8719172070868749,0.21048007510749434,1.2902378828386256
trained,p20_post,30,5,-0.35003136779378874,1.009332141694073,0.0,-0.4039235167954306,0.40141710951738085,0.44066258138507153,0.5796645961938582,-0.5856702306316308,0.0,0.5796645961938582,0.4381561741070218,0.07363054326865348,1.0914513135695334
trained,p20_post,30,6,-0.08579484078563437,0.6315652151858281,0.0,-0.10078378561195861,0.19288458684790033,0.33094071936872593,0.3332092418883168,-0.3781477655366008,0.0,0.3332092418883168,0.42304152060466765,0.16762260886359293,0.9238733713565773
trained,p20_post,30,7,0.26872669544973826,0.4859651546650079,0.6088214419116834,0.6849024257861136,0.06254382351045717,0.22994765033808995,0.038715082740588436,-0.28396230446587223,-1.0251314214814018,0.038715082740588436,0.9773938996346607,0.054419566079155324,1.0705285484544045
trained,p20_post,30,8,0.2844918487909369,0.4685634838710485,0.5792620681648569,0.4835523090273881,0.2095001498058915,0.2541057140737428,-0.11837562542139235,-0.4347642472748794,-0.8392595552991842,-0.11837562542139235,0.9471581729070224,0.0582935982527788,0.8870761457384089
trained,p20_post,30,9,0.45356030730992125,0.6585574842951258,0.2744108492342139,0.1382123914047304,0.09064101538358216,0.6876771542799229,-0.07256634459465072,-0.9584425103765761,-0.3095171319091711,-0.07256634459465072,0.9165305610682355,0.11856899855351377,0.9625332150270985
untrained,p20_post,1,0,0.0,1.6959638260856575,-0.3571944772854416,1.1225932550383129,0.37454180238532,-0.3800549716229442,0.6647425232376616,0.0,-1.1807893858881273,0.6647425232376616,1.1170800858006886,0.1579799629120886,1.9398025719504388
untrained,p20_post,1,1,3.4571199645086357,1.2096432474212766,2.5762160214543255,3.3483040595867863,1.199662588747663,2.5076019628846233,-2.3771400773338875,-3.4729022014221025,-3.39421930076281,-2.3771400773338875,7.055568611219073,0.37585773119932586,5.054286265084511
untrained,p20_post,1,2,0.35485483589128286,2.863390535415649,0.015771908266909662,0.0,0.7027015843202742,2.2746638808452544,0.05792710756474051,-2.7368482668391447,-0.015771908266909662,0.05792710756474051,2.9773654651655286,0.48139710446778716,3.5166896771980563
untrained,p20_post,1,3,2.56804005549576,1.3177841143369609,1.8385291549468583,2.7376462437242335,1.076224694415826,1.7584966411485068,-1.5452245769996322,-2.56804005549576,-2.766234742169069,-1.5452245769996322,5.572367579288566,0.39007852711475,4.417221529403684
untrained,p20_post,1,4,0.2083558302665387,1.7897057737527722,0.14811298375237536,0.01894028854391916,0.3214106958416969,1.739886400392928,0.025947852311870356,-1.909545414140325,-0.14811298375237536,0.025947852311870356,2.080237384778544,0.08851618987898591,2.1947014269694005
untrained,p20_post,1,5,2.103659310785461,1.0714448191798684,2.1176888661712097,2.7461864582613984,0.2659122225419881,1.9058535969142611,-1.4103796846876158,-2.103659310785461,-2.9653207144710527,-1.4103796846876158,4.917952277717648,0.22381297088002539,3.7313855639100573
untrained,p20_post,1,6,1.3971505060318772,0.7492102165580605,2.534614491496892,1.420226677667923,0.695666525458615,1.8183849131108865,-1.2356519671981454,-1.8183849131108862,-2.689108978057384,-1.2356519671981454,3.9342781162374245,0.17348132291855967,2.8721074719578388
untrained,p20_post,1,7,0.0,2.7932277395158804,-0.11488082734147387,2.267535884682329,0.7153885611415327,-0.25000661824443515,0.616603758793179,-2.220446049250313e-16,-2.3611047998508123,0.616603758793179,2.7329178275794264,0.3172421123235942,3.6667636986961996
untrained,p20_post,1,8,-0.8287141105033249,2.0489659976860675,0.0,-0.8772788319257285,0.8956728804152436,1.1173674754837193,0.8710999813844875,-1.1616401612636493,0.0,0.8710999813844875,1.1357615239732344,0.05861172591909325,2.065473231276815
untrained,p20_post,1,9,3.0271347796751646,0.6818979068617499,3.3509986824999545,3.4309032305841995,0.4495028608241096,2.943828051994709,-2.8466052405940365,-3.076531251676145,-3.792533817266823,-2.8466052405940365,6.824234143403018,0.19096630009390125,4.168595202902883
untrained,p20_post,2,0,0.19555199446936355,0.2554691029057147,0.42403268407351913,0.2065163136440269,0.190415890686495,0.4177994038060222,0.4148119663634984,-0.4177994038060222,-0.408880958493143,0.4148119663634984,0.8147316081365441,0.04837341914943216,1.2779169936494745
untrained,p20_post,2,1,0.5396351790095903,0.4688505021465499,0.4907905588305591,0.46011243356210496,0.1905806036501343,0.7809040954434102,-0.18130365783224045,-0.8778142109256333,-0.5436265941931464,-0.18130365783224045,1.4315971326556496,0.07783543486791977,1.328128909691329
untrained,p20_post,2,2,-5.551115123125783e-17,0.5741235463946164,1.1102230246251565e-16,0.0,0.09122024801717865,0.3570980510469859,0.5245750702377814,-0.41642694590964935,0.0,0.5245750702377814,0.44831829906416454,0.15769660048496714,1.130589969786913
untrained,p20_post,2,3,-0.05270419682142147,0.9328584835124711,0.0,-0.1300177818085808,0.19504019913023196,0.7629991085604447,0.5388103195967058,-0.8482871356473063,0.0,0.5388103195967058,0.8280215258820959,0.03186715104374338,1.398698996522545
untrained,p20_post,2,4,-0.05748076217161224,0.9062818398935324,0.0,-0.027075143401065316,0.06481017194542948,0.675213954960602,0.3127630650200661,-0.7988446830869856,0.0,0.3127630650200661,0.7129489835049662,0.04995639463493451,1.0756684431599668
untrained,p20_post,2,5,-0.14983391482255648,0.7020439934935964,0.0,-0.06246316880603209,0.11699124447425469,0.4548327271760155,0.9231819297888684,-0.5472948828673774,0.0,0.9231819297888684,0.5093608028442381,0.004915195803662509,1.437457928436769
untrained,p20_post,2,6,-0.1426969218855353,0.9086003035312926,0.0,-0.2632582869951623,0.302541355306572,0.6531404212556771,0.7416355225572389,-0.71604963308922,0.0,0.7416355225572389,0.6924234895670868,0.04985374855653735,1.4839127606808629
untrained,p20_post,2,7,0.5310988317931646,0.6374700557745332,1.216606393437282,1.1921017454688911,0.003940619257042588,0.5225881487431618,-0.26346835496965415,-0.5463972662038272,-1.7979972980341965,-0.26346835496965415,1.7186305134690956,0.04078071676695583,1.4959428752663972
untrained,p20_post,2,8,0.37899839890857245,0.632151644494686,0.0,0.0,0.007410696370967473,0.6007202297460847,0.21685651179127952,-1.0328305443181787,0.0,0.21685651179127952,0.6081309261170522,-0.02168050091492013,0.8033069369934116
untrained,p20_post,2,9,0.47477944560575414,0.6551116623332135,0.0,0.0,0.01998950586687709,0.5726411400708342,0.18390678708706165,-1.151039351269945,0.0,0.18390678708706165,0.5926306459377113,-0.021148243330977312,0.7553891896937956
untrained,p20_post,3,0,1.2294859774532716,0.6378033805520885,0.4518094484934547,0.4518094484934547,0.04707194430095463,1.0744850403565862,-0.18061885409047163,-1.667086224064027,-0.4767624428146151,-0.18061885409047163,1.5733664331509956,0.17525013962017266,1.5679977186806966
untrained,p20_post,3,1,-0.5032653405884242,1.24300423987437,0.3896666656915,-0.5124765479093606,0.9707800106333222,0.5804603950074329,1.5700702645609543,-0.6190615378944806,-0.38712553079707135,1.5700702645609543,1.0387638577313945,0.12321849628589376,2.7320526185782423
untrained,p20_post,3,2,-0.058579952806103286,1.3112051343296012,0.2699051945389903,-0.043413866861225836,0.40577196333291243,1.1232622878151877,0.29880909758875074,-1.1375233055203058,-0.2624052043315537,0.29880909758875074,1.4856203842868743,0.12260186621062874,1.9070313480862537
untrained,p20_post,3,3,1.9939422302717364,0.8887275221339919,2.292046792322425,1.917328452576026,0.5544238991737919,2.6130318474683336,-1.5690960220004513,-2.76357237304331,-2.3073148875650427,-1.5690960220004513,5.084784199218151,0.10382928411980075,3.6195174613375007
untrained,p20_post,3,4,0.16725694551120096,0.8753100692796176,0.0,0.0,0.1218407244573918,0.7518136325819537,0.29881741397533546,-1.0369160587357806,0.0,0.29881741397533546,0.8736543570393455,0.005650956055037959,1.1781227270697188
untrained,p20_post,3,5,0.9454931016753223,0.9948886653286828,0.6461063513959213,0.5957198995902424,0.16181328921579174,1.539385816533323,-0.45093540924569187,-1.8662961037732169,-0.6503011184809844,-0.45093540924569187,2.2969190053393573,0.06989089614572519,1.9158744922393907
untrained,p20_post,3,6,-1.854849006905519,2.6108126169444157,0.0,-1.8288195477908074,1.8683783481990035,0.7072951969316361,2.143771104649778,-0.7072951969316361,0.0,2.143771104649778,0.7468539973398323,0.048668413107260555,2.9392935150968706
untrained,p20_post,3,7,-1.0816492551101884,1.8774630429870078,0.0,-1.138742301962057,1.1901586167303972,0.6857608107906212,1.3470896361369527,-0.6857608107906211,0.0,1.3470896361369527,0.7371771255589614,0.11005297708619832,2.194319738782112
untrained,p20_post,3,8,0.4286134335919298,0.8992346503716082,0.39729542339847634,0.31596850035118007,0.14756331448866034,1.0643315644991398,0.26719956047922144,-1.193176303957902,-0.3849451936882633,0.26719956047922144,1.5278633793389802,0.147022009715849,1.9420849495340506
untrained,p20_post,3,9,1.2493048899083923,2.8964041297424012,0.27925322533836017,0.27864812734674116,0.8594190933023862,2.249887207397056,-0.2897471524205688,-3.0977598978663474,-0.2807212193851334,-0.2897471524205688,3.3879544280461835,1.0464811277376724,4.144688403363287
untrained,p20_post,4,0,2.238156337151776,0.260973718442433,1.579744706154358,1.6700152993271153,0.10738951010377473,1.7739339478468628,-1.5024325731112969,-2.3208209841899756,-1.6792602338826212,-1.5024325731112969,3.551338757277753,0.07879354367597036,2.127699727842426
untrained,p20_post,4,1,0.0,0.8375375452057228,0.4528921505755297,0.6494622116447768,0.027741621070644706,0.0,0.019324478823940172,0.0,-1.2743209477823512,0.019324478823940172,0.6772038327154215,0.016108747998901274,0.712637059538263
untrained,p20_post,4,2,-0.2827535043745002,1.5489300879535022,0.0,-0.25046492757051775,0.3420605159131177,1.1077056288111211,0.41224280550004977,-1.1811444727097349,0.0,0.41224280550004977,1.199301217153721,0.0850321108692671,1.6965761335230378
untrained,p20_post,4,3,1.1642366313244805,0.29982472547706407,0.9216317410312698,0.845345764961857,0.03163197242747762,1.0744364480605202,-0.5971082919976443,-1.3427037143640388,-0.975505017531978,-0.5971082919976443,1.9514141854498548,0.06748436593679774,1.4217902593890082
untrained,p20_post,4,4,-0.0016595277796627173,0.43872432395748007,0.0,0.0,0.06217625604931509,0.28644813633566857,0.2105259495788081,-0.3461843221011931,0.0,0.2105259495788081,0.34862439238498366,0.09088047407662425,0.650030816040416
untrained,p20_post,4,5,-0.17714487252493005,1.1828756056350245,0.0,-0.23913444918915783,0.23915071410098832,0.9381977429261836,0.4816610074656231,-1.0239996086071255,0.0,0.4816610074656231,0.9382140078380141,-0.018268875497031045,1.4016061398066062
untrained,p20_post,4,6,0.6336098651008646,0.921551036702768,0.2524405190716532,0.209191613175437,0.005804607418197882,0.9857196093439331,-0.1886020970547344,-1.4498183514629048,-0.2567852078217856,-0.1886020970547344,1.200715829937568,0.10099786159059532,1.113111594473429
untrained,p20_post,4,7,0.5116034787132073,0.4091668369579855,0.5771535509322886,0.48448271565235057,0.13257243219301196,0.6830081570509288,0.12112844069220818,-0.8072297342339652,-0.5875956728505993,0.12112844069220818,1.3000633048962913,0.10309845951891705,1.5242902051074165
untrained,p20_post,4,8,-0.3438481263036135,1.3184348317485968,0.10503023643385889,-0.3547165906339247,0.6982609969555544,0.8153711140510091,0.5543209286129662,-0.8265028708671834,-0.10490744361163795,0.5543209286129662,1.158915520372639,0.14820662740002077,1.8614430763856258
untrained,p20_post,4,9,0.22386033824383778,1.3926459545450003,0.5436278093269962,0.21274459893756337,0.40539188803240367,1.4185031306770983,-0.19263462005843124,-1.4998722380249303,-0.5323330435393436,-0.19263462005843124,2.036639617647065,0.1279288205515603,1.9719338181401942
untrained,p20_post,5,0,0.8964053568647161,0.621902230608329,0.0,0.0,0.00417011668284073,0.8022547098497153,0.31198891202584633,-1.5318210903700664,0.0,0.31198891202584633,0.806424826532556,-0.013513502897021246,1.104900235661381
untrained,p20_post,5,1,0.81447889441927,0.5315372316247875,0.3419940149781362,0.7332046297439883,0.4677277446322603,0.3351230465190784,-0.2532873750095108,-0.8487210455359113,-0.7586260749576603,-0.2532873750095108,1.536055420895327,0.08066302052862206,1.3634310664144382
untrained,p20_post,5,2,1.2497307953760233,0.15598854144644214,1.0215212359659973,1.071142528244552,0.10134142225440934,1.030449567339009,-0.5818048038096801,-1.2714841134013497,-1.0980051981579986,-0.5818048038096801,2.2029335178379705,0.05775126122911445,1.6788799752574048
untrained,p20_post,5,3,0.3287808108422503,1.135860285107302,-0.20353080635169896,0.7940743001564645,0.613538072264197,-0.16639390989082026,1.2425568438656596,-0.3271263562662097,-0.7940743001564645,1.2425568438656596,1.2412184625298412,0.13990963317517924,2.62368493957068
untrained,p20_post,5,4,0.7768932553313912,0.7012879895479669,0.9156333518998447,1.1972985234380875,0.06382217265765489,0.6692517018509221,-0.3618040411839738,-0.7768932553313912,-1.4146177456480447,-0.3618040411839738,1.9303723979466645,0.20230359579976698,1.7708719525624577
untrained,p20_post,5,5,0.8072646595563233,0.47791888483128053,0.0,0.0,0.02110234076423456,0.44549920238766183,0.2106994730124585,-1.3584362061421835,0.0,0.2106994730124585,0.4666015431518964,-0.07325266175457967,0.6040483544097752
untrained,p20_post,5,6,-0.11565075396849789,1.067011236807738,4.440892098500626e-16,-0.16767901503273075,0.3175544558171446,0.7636509651879237,0.9349251958439595,-0.789307419042326,-1.1102230246251565e-16,0.9349251958439595,0.9135264059723376,0.16205306379691442,2.0105046656132117
untrained,p20_post,5,7,0.5979204636581366,0.7479010179836538,0.0,0.0,0.07377418197223085,0.659259493380501,0.002701809598284477,-1.2287713851812132,0.0,0.002701809598284477,0.7330336753527319,0.11705009646057718,0.8527855814115936
untrained,p20_post,5,8,-0.1991110463693606,0.9946317733743593,0.0,-0.18921519592356328,0.2999255812173902,0.6139008025245754,0.4234690022685834,-0.6671275299653843,0.0,0.4234690022685834,0.7246111878184023,0.12839319703961438,1.2764733871266
untrained,p20_post,5,9,1.2516274414323432,0.8594539802624204,1.0754730263243972,1.8041121161764744,0.28262090636639314,1.0059479025948217,-0.1267449843765549,-1.2516274414323432,-1.8798184537003746,-0.1267449843765549,3.0926809251376897,0.055108552886442785,3.0210444936475778
untrained,p20_post,6,0,0.12748243378621504,0.9155567710384086,0.0,0.0,0.057254370795558174,0.847627003916543,0.25691435925996897,-1.0673708235196104,0.0,0.25691435925996897,0.9048813747121012,-0.02433161869498668,1.1374641152770835
untrained,p20_post,6,1,0.4335558495072971,0.46953679358787515,0.4221751585132951,0.3187557911344425,0.20035433240698186,0.6781689819937733,-0.26660954416568794,-0.7953016442921332,-0.4780473831008827,-0.26660954416568794,1.1972791055351977,0.051918774215451435,0.9825883355849612
untrained,p20_post,6,2,1.320769495354871,0.4783246057566757,0.9494329644028727,0.9138502587618982,0.04104362895067748,1.4423040320981844,-0.31259959196950593,-1.689018199868736,-0.9430747457952597,-0.31259959196950593,2.3971979198107602,0.11643411985042373,2.201032447691678
untrained,p20_post,6,3,-0.09889172761297904,0.23003860982945756,0.0,-0.05751969549364988,0.07301608578752028,0.10593790102913403,1.1564535545103203,-0.10593790102913403,0.0,1.1564535545103203,0.12143429132300443,0.025208981187344492,1.3030968270206693
untrained,p20_post,6,4,-0.7177242163355364,1.9384222692174347,0.0,-0.7582485653300388,0.836692670329936,1.0523912399056885,1.6359967813072591,-1.063973240359029,0.0,1.6359967813072591,1.1308353449055857,0.1567248125228693,2.9235569387357137
untrained,p20_post,6,5,0.044288461871241136,1.2084160434280922,0.0,-4.440892098500626e-16,0.016414500044850122,1.0681691808254965,1.6270898534870193,-1.3667700623565708,0.0,1.6270898534870193,1.0845836808703462,-0.11406555705723753,2.597607977300128
untrained,p20_post,6,6,0.30572003184760366,0.9990241498526831,0.7031090041838746,1.1591408858908845,0.02702917951897854,0.21477582207768187,-0.09213016952343356,-0.30572003184760366,-1.536919421390319,-0.09213016952343356,1.400945887487545,0.16521373264623862,1.47402945061035
untrained,p20_post,6,7,-1.4876221490533466,2.330814012981338,0.0,-1.5105834470838022,1.5251680888707648,0.7667066811765211,1.7623657438747464,-0.7741104999253312,0.0,1.7623657438747464,0.7812913229634837,0.06908136400266018,2.6127384308408903
untrained,p20_post,6,8,-0.33379664052596114,1.9721110362015857,0.1601192109520455,-0.35661060238377873,0.8522520408098232,1.5014082785897829,0.602094289192963,-1.525297597744662,-0.1601192109520455,0.602094289192963,1.9970497170158272,0.11301679793096264,2.712160804139753
untrained,p20_post,6,9,-0.7626501371281427,1.7591334467843458,2.220446049250313e-16,-0.7795583784308064,0.9568453409291473,0.7882095845648303,1.0364652053130485,-0.7930767181797403,-1.1102230246251565e-16,1.0364652053130485,0.9654965470631711,0.2034065914764629,2.2053683438526823
untrained,p20_post,7,0,1.0793344654353665,0.3520778947220804,0.7643712688938841,0.7567882069675385,0.1453114359104175,0.9848396048018686,-0.6637454947844135,-1.2802288330360558,-0.8401829380497446,-0.6637454947844135,1.8869392476798246,0.07537185796553059,1.2985656108609418
untrained,p20_post,7,1,0.37575793601998475,2.3793014475373937,-1.0801775247715937,1.2370052036947197,1.528195654694318,-1.006699709976968,1.4909592891809185,-0.37575793601998475,-1.2406870972537751,1.4909592891809185,1.7585011484120698,0.05843682551202489,3.3078972631050134
untrained,p20_post,7,2,0.22261318271187314,0.9711142094806657,0.0,-2.220446049250313e-16,0.046773011247494445,0.8305827262080578,0.829081637685031,-1.0963760972533867,0.0,0.829081637685031,0.8773557374555521,0.09735129493915218,1.8037886700797352
untrained,p20_post,7,3,0.18838282905570114,0.25405152038115375,0.0,0.0,0.02760473632985372,0.1176714420119559,0.6626859413185473,-0.3693928522418215,0.0,0.6626859413185473,0.14527617834180961,0.07304149719503339,0.8810036168553903
untrained,p20_post,7,4,0.9764164214506869,0.46438012118980865,1.5272202152282097,1.0438029073868507,0.3049170086338422,1.2694310779999378,-0.9071539740844674,-1.2832555111023458,-1.5520860300936643,-0.9071539740844674,2.6181509940206307,0.132675216672695,1.8436722366088583
untrained,p20_post,7,5,0.3099046828172507,0.3902961851744078,0.32016746108005156,0.29014677120414456,0.14247466933416097,0.5326463527133956,-0.19943353807295727,-0.5733897617876815,-0.3257348205923005,-0.19943353807295727,0.9652677932517011,0.121243746691728,0.8870780018704718
untrained,p20_post,7,6,-1.1403154856133966,2.0231548301411517,4.440892098500626e-16,-1.2076158171411149,1.3937668578517648,0.7263761233648869,1.6479164695170967,-0.7263761233648871,-1.1102230246251565e-16,1.6479164695170967,0.9125271640755368,0.15646322116286837,2.716906854755502
untrained,p20_post,7,7,0.47589613580061774,1.7657771661098076,0.0,0.0,0.0340615315945314,1.6600914095307047,0.17288586843878662,-2.1079039703475706,0.0,0.17288586843878662,1.694152941125236,0.13376933156285453,2.0008081411268774
untrained,p20_post,7,8,0.03524258121657731,0.8445349873279029,0.0,0.0,0.05923980397232764,0.5647451832609474,0.2497849397539218,-0.7711561442161776,0.0,0.2497849397539218,0.623984987233275,0.10862142432830257,0.9823913513154994
untrained,p20_post,7,9,0.08767740911797917,0.9042317000251203,0.0,0.0,0.01820175116098377,0.6948035261195039,0.4424299214486793,-0.932174549824603,0.0,0.4424299214486793,0.7130052772804877,0.05973455931849647,1.2151697580476637
untrained,p20_post,8,0,-0.3155967174891592,1.2053852785231796,0.0,-0.32944738563559595,0.4301692256831742,0.7508888684891334,0.5992619278716118,-0.8068397871825517,0.0,0.5992619278716118,0.8516107085367116,0.0829487738514687,1.533821410259792
untrained,p20_post,8,1,-0.77475768645039,1.5053099194672677,0.0,-0.8336186196344676,0.8434097170003823,0.6350876157674148,1.1631419945534152,-0.6438537358231875,0.0,1.1631419945534152,0.6448787131333295,0.08669849719369016,1.8947192048804349
untrained,p20_post,8,2,0.41455735183116027,0.35716475337203324,0.27317696936923497,0.2160293176830057,0.0523991051433933,0.5612036318768721,0.86400600171158,-0.7775347776969141,-0.27317696936923463,0.86400600171158,0.8296320547032711,-0.005812672493720306,1.6878253839211306
untrained,p20_post,8,3,-0.7483881884530399,1.5948319584970365,0.0,-0.7302122851549568,0.7248334790813176,0.7741159071112188,0.7733552052230661,-0.9337724822048038,0.0,0.7733552052230661,0.7687371010375795,-0.08732871216080718,1.4547635940998385
untrained,p20_post,8,4,0.43887412954359006,0.3857510554909742,0.0,0.0,0.0007058476022246962,0.2677107547864148,0.3089900799661378,-0.7816366533809861,0.0,0.3089900799661378,0.2684166023886395,0.04298853165357819,0.6203952140083555
untrained,p20_post,8,5,0.6357271138936711,0.46026338458917593,1.1084377028405084,0.5709606675685672,0.4580669501174972,0.9560416801749043,-0.4174114723112936,-1.0135342511163459,-1.158226148341681,-0.4174114723112936,1.9850692978609688,0.03266780186532858,1.6003256274150037
untrained,p20_post,8,6,0.036061830037457554,1.3894195621301817,-0.03963894131375478,1.0962050842962556,0.4066893739135433,-0.19252320478173446,1.2090976805451112,-0.019009008860458865,-1.1433536643968816,1.2090976805451112,1.3103712534280645,0.22347977759654403,2.7429487115697198
untrained,p20_post,8,7,-0.7839092709593891,1.7484275583936633,0.08657557115345771,-0.8385369139205883,1.0619554487383622,0.7987697131377258,1.6614406435568947,-0.7987697131377258,-0.0751838309603935,1.6614406435568947,1.0221882479554998,0.17714031448961254,2.860769206002007
untrained,p20_post,8,8,0.03949625929445466,0.543076199256435,0.0,0.0,0.04459612600235352,0.40078440359214396,0.3296152523857008,-0.5091183038574083,0.0,0.3296152523857008,0.4453805295944975,0.07345415469348138,0.8484499366736796
untrained,p20_post,8,9,0.0,1.5548724087876076,-0.866192841210137,0.5017800544762192,1.0092451646299128,-0.8753253930286147,0.9174442155873805,-5.551115123125783e-17,-0.58979149403291,0.9174442155873805,0.6356998260775173,0.09888807354456064,1.6520321152094586
untrained,p20_post,9,0,-0.06706593633765845,1.2640074193390487,0.0,-2.220446049250313e-16,0.032869656857235086,1.0795049715080787,0.7185638010970674,-1.177349218106706,0.0,0.7185638010970674,1.1123746283653135,0.01959226489468424,1.8505306943570652
untrained,p20_post,9,1,1.2561792061453638,0.8236382495253938,0.6024877873977899,0.5821573568431924,0.01409344407777069,1.4181128060537833,-0.537718921242254,-1.9057655919484833,-0.6373031401725833,-0.537718921242254,2.0143636069747464,0.13923651094748046,1.6158811966799729
untrained,p20_post,9,2,-0.79279386497825,1.8270176547780257,0.0,-0.7543738730019793,0.7552296461695926,0.8370545428547044,1.1861464949062273,-0.8974664661502635,0.0,1.1861464949062273,0.8379103160223177,0.1367573236495122,2.1608141345780574
untrained,p20_post,9,3,1.0632128015331372,0.8905126478404553,1.5231552069610674,1.0424955366286377,0.5731289545592189,1.8323082129220596,-0.766023186072446,-1.8827886442540593,-1.5541460074496072,-0.766023186072446,3.447932704109916,0.039946004630993404,2.7218555226684633
untrained,p20_post,9,4,-1.3519587977690706,2.0376666387757845,0.0,-1.4353787139362977,1.5392482540568673,0.5558210006102204,1.6724339048015078,-0.5609344378030086,0.0,1.6724339048015078,0.65969054073079,0.12477340320370534,2.456897848736003
untrained,p20_post,9,5,0.20600154268854132,1.2600210861219212,0.002320973669410753,1.1565364817344428,0.41984573318534957,0.0,0.7596056518970684,-0.1823013026756738,-1.1744868026031605,0.7596056518970684,1.5763822149197924,0.11155549720103886,2.4475433640179
untrained,p20_post,9,6,-0.654603321151836,2.1305019501654767,0.34989975722945044,-0.6093622741807574,1.0776085625881944,1.315780215347823,0.7871103094805192,-1.3182596511138693,-0.34169384185275786,0.7871103094805192,1.78402650375526,0.1658448932764639,2.736981706512243
untrained,p20_post,9,7,0.949205222328791,1.3963391898232356,0.250682279396812,1.6300521139718254,0.7569380040513982,0.22139755437021647,0.29361504184913745,-0.949205222328791,-1.6556552227928323,0.29361504184913745,2.60838767239344,-0.008633753572784952,2.8933689606697923
untrained,p20_post,9,8,-0.9282156937613131,2.069995246306999,0.0,-0.9347299951573309,0.9470175741930551,1.0958091675461183,1.6362088404902435,-1.1127736267683543,0.0,1.6362088404902435,1.1080967465818425,0.02900592577733141,2.7733115128494172
untrained,p20_post,9,9,-0.1542787881777894,0.8911689539369789,0.0,-0.1685558156584146,0.27384269190109967,0.5992147248863455,0.6397374121698576,-0.6531950018199608,0.0,0.6397374121698576,0.7045016011290306,0.08369516393922871,1.4279341772381169
untrained,p20_post,10,0,-0.16258158715004645,1.4760651870153758,0.7938215284327701,-0.18146867848921744,1.1300205732434287,1.2034878723779079,0.22310484208735826,-1.229531761336646,-0.8010169957473067,0.22310484208735826,2.152039767132119,0.07675637121414669,2.451900980433624
untrained,p20_post,10,1,-1.4212242399116972,2.318148763544032,0.0,-1.42152483688809,1.444169612232194,0.9114550883410042,1.4215125576255623,-0.9160782313538998,-1.1102230246251565e-16,1.4215125576255623,0.9340998636851083,-0.019153707721565216,2.3364587135891055
untrained,p20_post,10,2,-0.8039836324953191,1.6887344523288694,0.0,-0.8404123823369776,0.8939373889795525,0.7745667933724107,0.9750886089906432,-0.8278912883356055,0.0,0.9750886089906432,0.8280918000149857,0.05685953149794476,1.8600399405035737
untrained,p20_post,10,3,0.037889345349783055,1.2428662066481722,0.6106789534667649,0.016764777496781846,0.7549868202139194,1.0828904196965734,0.392842426301657,-1.0879370015297087,-0.6106789534667649,0.392842426301657,1.8546420174072746,0.19281855046824647,2.4403029941771783
untrained,p20_post,10,4,-0.9120276110867456,1.4176602421839253,0.0,-0.8789574555637105,0.9418949169025262,0.42887146576088075,1.3597454389422365,-0.43304065887931276,0.0,1.3597454389422365,0.4918089270996965,0.07259197221786695,1.9241463382597999
untrained,p20_post,10,5,0.318289232043959,0.6170532351300242,1.465191660133248,0.2870909793442513,0.6014520597131519,0.8843547559418439,0.21625646353963335,-0.883391367876522,-1.4700154307725122,0.21625646353963335,1.772897794999247,0.0471273286581968,2.0362815871970774
untrained,p20_post,10,6,-0.10128455019218419,1.1398468959328065,1.3307826509096137,-0.1400259486178954,1.0857027076430144,0.86120722492947,0.14747752712083617,-0.8663174301739383,-1.3307826509096137,0.14747752712083617,1.806883983954589,0.1722449155666841,2.126606426642109
untrained,p20_post,10,7,1.2491218230796661,1.118072580638792,0.0,0.0,0.01674508013466358,1.0915706664116125,0.03465451322263302,-2.242665220736688,0.0,0.03465451322263302,1.108315746546276,0.12452918298177007,1.2674994427506792
untrained,p20_post,10,8,1.618027586021968,0.31804896202270816,1.1765817410331874,1.133087314753005,0.009565845120360184,1.4544405540936984,-0.5954914482009865,-1.9096943816509506,-1.1765817410331874,-0.5954914482009865,2.5970937139670633,0.026382166393725592,2.027984432159802
untrained,p20_post,10,9,0.6545900490210017,1.0192364327052175,1.6200082911836204,0.613057321001627,0.9696762410306556,1.6616006005425263,-0.40147606507514233,-1.6616006005425263,-1.6200082911836209,-0.40147606507514233,3.244334162574809,0.012225881183692389,2.855083978683359
untrained,p20_post,11,0,0.24946165178937085,0.6875404180279794,0.0,0.0,0.01239723441724827,0.6798812352749759,0.3332032218325294,-0.8821370410992245,0.0,0.3332032218325294,0.6922784696922242,0.05486502871812571,1.0803467202428791
untrained,p20_post,11,1,-0.08746293960367035,0.8046510193024531,0.0,-0.02414802557170237,0.1231556821727684,0.5531746526789811,0.710484796555217,-0.6250345539618611,0.0,0.710484796555217,0.6521823092800472,0.0921535257369216,1.4548206315721859
untrained,p20_post,11,2,0.738693257111779,0.7028157426572639,0.0,0.0,0.0010115106982206967,0.7255119101356269,0.4783351457443281,-1.479184056612116,0.0,0.4783351457443281,0.7265234208338476,-0.03767505684307304,1.1671835097351027
untrained,p20_post,11,3,0.016298382166887837,1.132373198229132,-0.09653217329706854,0.7670599090849826,0.23609664490517557,-0.06519179862199564,0.5025519821918225,-0.020024969078164423,-0.883383271464512,0.5025519821918225,0.9379647553681625,0.14873116655627494,1.58924790411626
untrained,p20_post,11,4,-0.6338314147541183,1.2466908125936367,0.0,-0.6191920803049304,0.6325273033218428,0.5575729557595182,1.570670046181637,-0.569110164008539,0.0,1.570670046181637,0.5709081787764305,0.043749233830979395,2.1853274587890468
untrained,p20_post,11,5,-0.16061678326718465,0.9720521505323687,0.0,-0.08790571844196426,0.148465758601944,0.6454643358446921,0.4875023139047201,-0.7316656577521514,0.0,0.4875023139047201,0.7060243760046718,0.07976970951303264,1.2732963994224247
untrained,p20_post,11,6,0.7605173709625939,0.2453220796048763,0.5021397199648057,0.5671205290421149,0.16009786135366166,0.5204168262174598,-0.10487621763690474,-0.7605173709625939,-0.6089821459357359,-0.10487621763690474,1.2476352166132363,0.1384796536339461,1.2812386526102777
untrained,p20_post,11,7,0.8542947734346247,0.6792835695732273,1.0896676228611875,0.8257382589070059,0.483018198112678,1.398481925782801,-0.6310900501171481,-1.4607592246245416,-1.0816839417573778,-0.6310900501171481,2.707238382802485,0.08080279948712032,2.1569511321724573
untrained,p20_post,11,8,0.6216117702568424,0.7082148335091945,0.4824156545921261,0.9837587804368322,0.26181343559006365,0.40004351781303527,0.5745822963209659,-0.6216117702568426,-1.090913503582561,0.5745822963209659,1.645615733839931,0.09971698451875932,2.319915014679656
untrained,p20_post,11,9,0.2900787669027771,0.6461098449777911,0.0,0.0,0.01870819073161467,0.6029195986510705,0.2007263856932422,-0.8196732952783085,0.0,0.2007263856932422,0.6216277893826851,0.11651531660225978,0.9388694916781871
untrained,p20_post,12,0,-0.3395180487370866,1.63727092174978,0.0,-0.3205188616031698,0.35321465506656935,1.2562978947648304,0.45311953331980126,-1.2865814468006196,0.0,0.45311953331980126,1.28899368822823,0.011171426212073898,1.7532846477601052
untrained,p20_post,12,1,0.4508482648797356,2.4489369253943223,0.18443006225111036,0.15200216381850273,0.21281206626696125,2.4244085415842997,-0.1040463222192951,-2.8199809262988453,-0.19125878893574066,-0.1040463222192951,2.7892227716697637,0.07297553729058226,2.758151986741051
untrained,p20_post,12,2,0.3146014538588826,1.0986331346200706,0.0,0.0,0.0790708070518562,0.9624445344273704,0.11602143871017034,-1.3181397319750605,0.0,0.11602143871017034,1.0415153414792266,0.09509485650389271,1.2526316366932897
untrained,p20_post,12,3,0.2768932159907864,0.30635587141720655,1.0541404352253645,0.45780094346703915,0.10979514710990923,0.39366927459317824,0.38847817067494494,-0.40696821965600094,-1.0888874156171728,0.38847817067494494,0.9612653651701266,0.14153388736018369,1.4912774232052552
untrained,p20_post,12,4,0.4836368338443263,0.718270386012909,0.5660277093311803,1.0611936886254687,0.1557165024740792,0.4620031239294029,-0.3099479467494275,-0.48467002552631855,-1.23768886735324,-0.3099479467494275,1.6789133150289508,0.04557603630885709,1.4145414045883804
untrained,p20_post,12,5,-0.7186203112310169,1.524607986057754,0.0,-0.7106643171854075,0.7301643196750708,0.7015348398605628,0.8290668680223823,-0.7537070535352046,0.0,0.8290668680223823,0.7210348423502261,0.052280621291532436,1.602382331664141
untrained,p20_post,12,6,0.1890737946028731,0.6891356750734592,0.0,0.0,0.04337590656506407,0.5637171169702887,0.3691970345824769,-0.8958596620530342,0.0,0.3691970345824769,0.6070930235353528,-0.017650192376701956,0.9586398657411277
untrained,p20_post,12,7,-0.1824798330216577,1.4031025672876314,0.8056304427782708,-0.1787416341840915,0.943797481036758,1.099285546694058,0.15597193991745328,-1.1054060553590068,-0.813097991907068,0.15597193991745328,1.8643413935467246,0.10774912977816986,2.1280624632423475
untrained,p20_post,12,8,0.4708058618660098,0.8552716624430476,0.6028744443117671,0.45129725777108076,0.26591605319840195,1.1671016166874484,-0.07434184980669656,-1.2257690479256207,-0.6154664022793188,-0.07434184980669656,1.884314927656931,0.08771651841588501,1.8976895962661195
untrained,p20_post,12,9,1.0459397430327546,0.89661210227835,0.8474271061075755,0.826811775855985,0.11648993829644594,1.6104269825542947,-0.46293041039513927,-1.8880922521755812,-0.8540688134300497,-0.46293041039513927,2.5537286967067256,0.047817885813049466,2.1386161721246357
untrained,p20_post,13,0,0.12396025905970576,1.3110099467610183,0.0,0.0,0.12036593824697772,1.175072368303181,0.1526379639292723,-1.3383560720659553,0.0,0.1526379639292723,1.2954383065501587,0.0966141337547688,1.5446904042341998
untrained,p20_post,13,1,0.29948108307899246,0.4556326669553403,0.450521061063031,0.26587130083486965,0.22690406262787954,0.6781786489976296,0.14417956102083895,-0.7119705172974906,-0.450521061063031,0.14417956102083895,1.1709540124603788,0.043143232736842174,1.35827680621806
untrained,p20_post,13,2,0.6956842674676831,1.0111132875143047,0.9019342255816927,1.6942122974363882,0.04097223938964323,0.6467542685107226,-0.2813377071529457,-0.6956646736467939,-1.8560535342474576,-0.2813377071529457,2.381938805336754,0.05701357266942919,2.1576146708532375
untrained,p20_post,13,3,-0.2766468275038736,1.3888385955954903,0.0,-0.26177224143190037,0.33585081209310563,0.9961024096995996,0.32151812335974483,-1.0621096837078043,0.0,0.32151812335974483,1.070180980360805,0.05008208438381234,1.441781188104362
untrained,p20_post,13,4,0.19228009279163993,1.7691770573918855,0.0,0.0,0.09305895871344938,1.4674128297680662,0.26640833794635355,-1.7914775811263666,0.0,0.26640833794635355,1.5604717884815156,0.16997956905715883,1.996859695485028
untrained,p20_post,13,5,0.08123343747501921,1.324913188642062,0.0,-2.220446049250313e-16,0.044433216480569415,1.1664699511104946,1.0655178433664287,-1.356125614127671,-2.7755575615628914e-17,1.0655178433664287,1.2109031675910638,0.0500210119894102,2.3264420229469027
untrained,p20_post,13,6,-0.05701342335491133,1.2055137801059357,0.0,-0.09452169356688633,0.20601726909947393,0.9024688376945537,0.29250998847937737,-0.9667746504994101,0.0,0.29250998847937737,1.0139644132271413,0.18172570625161422,1.4882001079581328
untrained,p20_post,13,7,-0.6289253383971378,2.0720396871487803,0.6616863537038118,-0.6105153898636413,1.3060121734878156,1.3662949780415121,0.7010861174281988,-1.3864849586584607,-0.6521264215974891,0.7010861174281988,2.0617917616656865,0.06618932219950446,2.8290672012933897
untrained,p20_post,13,8,-0.9171530099153339,1.701357720667405,0.0,-0.929432228946783,0.9574777913599198,0.7386198973029428,1.729278074996754,-0.7537322240851845,0.0,1.729278074996754,0.7666654597160796,0.030472486666886733,2.5264160213797204
untrained,p20_post,13,9,-0.22036713756937631,0.8337230221166645,0.0,-0.15275446789850144,0.20005478495294926,0.5299785842754046,0.805369515108632,-0.5972518671034832,0.0,0.805369515108632,0.5772789013298524,0.016104017443804963,1.3987524338822892
untrained,p20_post,14,0,0.21439832309321005,0.5447096202834483,0.3020797462534437,0.6720472734128675,0.0819638505637843,0.1832219411226892,0.09834840450133431,-0.2329812442343766,-0.7965869294374264,0.09834840450133431,0.937233065099341,0.03161951595829904,1.0672009855589744
untrained,p20_post,14,1,0.35897598880538106,0.6989330583459299,0.1797110167974687,0.11494223520003899,0.05384651874111879,0.8306300818427719,0.458599375733836,-1.0103365867373664,-0.1641163125228493,0.458599375733836,0.9994188357839296,0.06316716468856387,1.5211853762063294
untrained,p20_post,14,2,0.7576322351739646,0.30564810267908116,0.39048025492448457,0.5146836534003104,0.15917301408545814,0.46997057115866747,-0.2638097554189529,-0.8283096286311127,-0.541111168600432,-0.2638097554189529,1.1438272386444361,0.0843397955459857,0.9643572787714689
untrained,p20_post,14,3,0.018504869490717724,0.24249400613109073,0.0,0.0,0.019154046577934958,0.15450410587610275,0.6922928703650486,-0.24522375754639736,0.0,0.6922928703650486,0.1736581524540377,0.0157751180754111,0.8817261408944974
untrained,p20_post,14,4,1.0704608725862348,0.7865545364223192,0.38481463026167684,1.0650706220330028,0.748120877715303,0.34197511273114034,-0.2778829983892521,-1.0763193010008454,-1.068058388682597,-0.2778829983892521,2.155166612479446,0.0974523495867885,1.9747359636769826
untrained,p20_post,14,5,-0.09386154769135979,0.6477041576356097,0.0,-0.017239906339929445,0.08960712011794825,0.35841655895215174,0.4655471439145378,-0.4734296143480647,0.0,0.4655471439145378,0.43078377273017054,0.08041299559618525,0.9767439122408936
untrained,p20_post,14,6,0.0,0.9125581166124139,-0.2131829381584608,0.5488051582409574,0.31901132337557914,-0.22103474094698639,0.4018138146650285,0.0,-0.6212638477402811,0.4018138146650285,0.6467817406695502,0.07811133071367204,1.1267068860482508
untrained,p20_post,14,7,0.28135039079301616,0.4153689569408344,0.695994352596461,0.6535580027308014,0.027864869061160036,0.2906025582940841,0.12533883533024204,-0.29632495542279447,-1.0654810704375306,0.12533883533024204,0.9720254300860456,0.030907674469986546,1.1282719398862742
untrained,p20_post,14,8,0.09838148373781552,0.6790927212626645,0.42034798738530077,0.09408013367479429,0.32408522263311373,0.544496847536637,0.07778320786044524,-0.6148252333467029,-0.4266924741688156,0.07778320786044524,0.9626622038445449,0.15630448487026227,1.1967498965752523
untrained,p20_post,14,9,0.5019471243610312,1.1741100255682018,-0.2857771211344474,0.7077757667693162,0.8771079378025814,-0.29155049939719857,0.32556545070205445,-0.5119772353427003,-0.7174287869042575,0.32556545070205445,1.293333205174699,0.16087400654782757,1.779772662424581
untrained,p20_post,15,0,0.30729227463375386,0.6225959670973198,0.9387039603538847,0.37491715664335634,0.4688925215785549,0.911644794687859,1.4968810467615095,-0.9204444368100121,-0.9339043222643775,1.4968810467615095,1.7554544729097703,0.01424344301056879,3.2665789626818484
untrained,p20_post,15,1,0.06794309929707287,1.3972404034883685,0.18205547855141146,1.2341519705432318,0.20042784234456734,0.0,0.20348021460804233,-0.09205898076315222,-1.426365286794876,0.20348021460804233,1.4345798128877991,0.1288147137788247,1.7668747412746661
untrained,p20_post,15,2,-0.4112770463754327,1.678825247499554,0.04487308934618528,-0.3936835098397986,0.6128923843636506,1.1601579873778758,1.7354596527593076,-1.202029369799747,-0.04487308934618528,1.7354596527593076,1.3793668619017279,0.0655188313243742,3.1803453459854096
untrained,p20_post,15,3,-0.19653721154632509,1.17191913536699,0.3201180714468226,-0.10524852652092231,0.5008581678007613,0.9483210917008793,0.9146322099013511,-0.9523969351762245,-0.31520176961716073,0.9146322099013511,1.3439307329807182,0.02790129047410228,2.2864642333561713
untrained,p20_post,15,4,-0.5654070739254395,2.0718355143662888,1.3517094421438527,-0.5822103290860434,1.9413100481759993,1.333133510521118,0.6427985728050336,-1.335217590527701,-1.3616447352655183,0.6427985728050336,2.692233229611074,0.16127555679148253,3.49630735920759
untrained,p20_post,15,5,-1.4735171864333307,2.9479728647829666,4.440892098500626e-16,-1.5181588422831611,1.6843289655152272,1.2519654412208374,2.175292781410461,-1.2519654412208374,-1.1102230246251565e-16,2.175292781410461,1.4181355644529035,0.22249023712879878,3.8159185829921634
untrained,p20_post,15,6,0.9750508599649965,0.5424629793724993,0.8523562780340613,0.7536109221970144,0.19764875117131764,1.1553468043209676,-0.5202905624036362,-1.4878227759694889,-0.8779367022930125,-0.5202905624036362,2.1066064776893,0.004110639109055736,1.5904265543947194
untrained,p20_post,15,7,0.035078380953178945,1.782762104348469,-0.4229391251288912,1.1940516803145154,0.6522003867120872,-0.39938751833186337,1.5326875208741217,-0.035078380953179056,-1.2726751197461943,1.5326875208741217,1.4468645486947393,0.08714785947338344,3.0666999290422443
untrained,p20_post,15,8,-1.0326240736186119,2.6737337227180733,0.5560328003275803,-0.9836117126491013,1.8405291854973154,1.555701240206004,1.6769587779955826,-1.555701240206004,-0.5560328003275797,1.6769587779955826,2.412618713054218,0.08540840889345802,4.174985899943258
untrained,p20_post,15,9,-1.725300831766011,3.2359982449982425,0.4045672494477097,-1.7694866361212034,2.266670826071009,1.420007055718958,3.0089791643490456,-1.420007055718958,-0.4045672494477097,3.0089791643490456,1.9171912456687634,0.09069035751327359,5.016860767531083
untrained,p20_post,16,0,0.5275722964764308,0.6696032156085017,1.3253025382477426,0.5638924709946069,0.5028991764765518,1.0179688249396923,-0.3264638100340127,-1.0347325551555617,-1.3559236645097514,-0.3264638100340127,2.084760472410851,0.13182183066736175,1.8901184930442
untrained,p20_post,16,1,1.7812627841564765,0.4556597783575349,1.0485646066494074,1.0217021190594315,0.01972126783691852,1.441099047115499,-0.9794836867292593,-2.127874363120444,-1.061783457338212,-0.9794836867292593,2.482522434011849,0.09582934870476256,1.5988680959873522
untrained,p20_post,16,2,1.985933186979528,0.40619753687072846,0.5830305284971038,0.644299055148092,0.015213353686068132,0.9536519595872563,-0.583313679461944,-2.192105944778589,-0.6456112882800022,-0.583313679461944,1.6131643684214165,0.13744401928876915,1.1672947082482417
untrained,p20_post,16,3,1.7523650702327145,0.604801160481462,1.4697179464683523,1.4367213956403018,0.0015649948041684958,2.001452790740267,-1.3066935253481056,-2.226153721631996,-1.4893716721741517,-1.3066935253481056,3.4397391811847373,0.11135878337638117,2.244404439213013
untrained,p20_post,16,4,0.1909017193320861,1.0901225446367473,1.484073684573843,0.19620779750840556,1.0250433466361697,1.1510497082846558,0.13176013257465424,-1.1636871612744653,-1.484073684573843,0.13176013257465424,2.3723008524292313,0.11733710269436814,2.6213980876982537
untrained,p20_post,16,5,-0.3605900606395185,1.0808171505756248,0.0,-0.31155529896181644,0.3367661659632615,0.6502450281186836,0.7249670962343053,-0.6784539829699492,0.0,0.7249670962343053,0.6754558951201286,0.0417731069661571,1.442196098320591
untrained,p20_post,16,6,1.4233929907188723,1.7144334187185057,1.3769320426657543,1.1702674820300878,0.39803585821053167,2.7173115580586793,-1.1475137082289724,-2.9093463827762074,-1.3902392602294613,-1.1475137082289724,4.285614898299299,0.2151728090974636,3.35327399916779
untrained,p20_post,16,7,-0.11936152884455487,0.7942546693340076,0.01310691604873071,-0.1868840205784874,0.43078841017819025,0.5508485073050133,1.2816560320045942,-0.5192494243374406,-0.00806505248198075,1.2816560320045942,0.7947528969047162,0.16068557971876207,2.237094508628072
untrained,p20_post,16,8,0.3690504680249619,0.604060185678116,0.444812705231018,0.9277994929021514,0.07698039463556294,0.26136250652890625,0.5167111048642137,-0.33806236410097745,-1.0239167949932386,0.5167111048642137,1.2661423940666205,0.05594419983987975,1.838797698770714
untrained,p20_post,16,9,0.4966508102935636,0.6473786419324198,0.7041650313910595,1.0061228927103878,0.10390080288655335,0.46780243277683153,-0.33120897562353946,-0.4966508102935636,-1.2008952168256366,-0.33120897562353946,1.5778261283737727,0.15064845649784275,1.397265609248076
untrained,p20_post,17,0,1.8197786490357433,0.8920809834745331,1.991010527462921,2.421713687023094,0.21888246063962002,1.789697251459495,-0.3931111172327366,-1.8197786490357433,-2.721118779286863,-0.3931111172327366,4.430293399122209,0.16197273165059167,4.199155013540064
untrained,p20_post,17,1,1.4969314576733272,2.5460218712220137,1.7902530291117351,1.459389173919762,0.9671265983797808,3.332063986943383,-1.3675624995895088,-3.4370344352257174,-1.800590683071306,-1.3675624995895088,5.7585797592429255,0.5955812397100526,4.9865984993634695
untrained,p20_post,17,2,1.3880383958076257,1.2527607501619284,1.205755105088186,2.2033342906558224,0.2882077596719812,1.137341386164526,-0.7069264767534786,-1.3880383958076257,-2.2685785700924783,-0.7069264767534786,3.6288834364923295,0.1899372851576362,3.111894244896487
untrained,p20_post,17,3,0.04309909697270298,2.898702001563175,0.4516709009789279,0.08626262652795758,0.6287086504689832,2.514370651808605,0.7984768309624108,-2.5550697151749215,-0.45167090097892804,0.7984768309624108,3.2293419288055456,0.38673138336095636,4.414550143128913
untrained,p20_post,17,4,1.9126076783432882,2.0424141677788876,1.5532308877541876,1.5395058656505958,0.8868920487986172,2.7293284268416964,-1.4122124446984046,-3.066483759799386,-1.5597324381961486,-1.4122124446984046,5.15572634129091,0.8820365358808284,4.625550432473334
untrained,p20_post,17,5,0.39152781360053934,0.7611990427268216,0.0,0.0,0.001832484968390391,0.691741773672089,0.030741105375271083,-1.2226126286112176,0.0,0.030741105375271083,0.6935742586404794,-0.06988577228385662,0.6544295917318939
untrained,p20_post,17,6,2.2261221678262917,1.123243424808169,2.318589047917951,2.7958730504958846,0.553347027231812,2.1068829660438615,-1.727465860296311,-2.2392120304958603,-2.9535362744320817,-1.727465860296311,5.456103043771558,0.47520633562447,4.203843519099717
untrained,p20_post,17,7,1.5437644965602901,2.1442459791699355,1.4516304765041363,1.3632507946134917,0.7434532241099641,2.9365017090824113,-1.1547874709494526,-3.0907275117332516,-1.469565739569587,-1.1547874709494526,5.0432057278058675,0.579347700931524,4.467765957787939
untrained,p20_post,17,8,0.8050165316140117,0.24601860609293258,1.4068641915101416,1.0140453518043548,0.004763581984033927,0.8115583150303065,-0.3456493746592866,-0.8115583150303065,-1.6281821979214421,-0.3456493746592866,1.8303672488186953,0.01815881626533722,1.502876690424746
untrained,p20_post,17,9,1.5308527914281287,1.3315936658299692,1.2895234395946322,2.281857161892154,0.28310794901361147,1.2210484542108029,-0.3122107289345948,-1.5308527914281287,-2.4451791071734115,-0.3122107289345948,3.7860135651165683,0.17593799825118994,3.6497408344331634
untrained,p20_post,18,0,2.2885495332257717,0.6266860757184887,2.6316997063793823,2.737455404874943,0.22662434856666414,2.267017314217353,-2.2054259429848013,-2.3247109024634716,-3.134546013904439,-2.2054259429848013,5.23109706765896,0.08767839895573148,3.1133495236298905
untrained,p20_post,18,1,0.2609981320863368,1.1098832915096442,0.0,0.0,0.06306816927317893,0.969853306874447,0.586372007471275,-1.3625869653059381,0.0,0.586372007471275,1.032921476147626,0.008294458290042828,1.6275879419089438
untrained,p20_post,18,2,0.0,1.6648130110231671,-0.7980876465198077,0.7243187252764811,1.0017132908778645,-0.7758712434819224,1.0302062815769784,-1.1102230246251565e-16,-0.730732795194406,1.0302062815769784,0.9501607726724233,0.13599256930895331,2.116359623558355
untrained,p20_post,18,3,0.2701391841805161,1.532800313762852,0.9609846586959865,0.2426365766972065,0.7997772893840498,1.7013463458784566,0.045283352626400486,-1.7027783710416728,-0.9609846586959863,0.045283352626400486,2.743760211959713,0.10016112690169554,2.8892046914878087
untrained,p20_post,18,4,-0.4018783216574322,1.444894492326037,0.0,-0.388195827260982,0.399068933565938,1.0041976998667292,0.5278472716520897,-1.0697796096925483,0.0,0.5278472716520897,1.015070806171685,-0.026763439023943514,1.5161546387998313
untrained,p20_post,18,5,1.784048441896342,0.7637648547085729,0.9618149275254013,0.8681479121908573,0.05330859363669749,1.660666994956727,-0.8861875725591091,-2.442533945043052,-0.9807105505126841,-0.8861875725591091,2.5821235007842818,0.08638372857458032,1.782319656799753
untrained,p20_post,18,6,2.5276392210208654,1.193127303178802,1.3409179519370518,1.3531607233336658,0.13742991304898,2.4206790796040645,-1.3659298741710177,-3.400915277341353,-1.3658304880929477,-1.3659298741710177,3.9112697159867102,0.2949387107024184,2.840278552518111
untrained,p20_post,18,7,0.27574296671237364,0.6625794231364854,0.0,0.0,0.0240239038855119,0.5745442082415062,0.49528163760980815,-0.9351869143885673,0.0,0.49528163760980815,0.5985681121270181,0.0031354754602918034,1.096985225197118
untrained,p20_post,18,8,2.126773774756336,1.0146164381669631,1.3776212504853345,1.3776212504853345,0.37213595848157066,2.0269070668209594,-1.348501010966629,-2.829849823688331,-1.3934327995347604,-1.348501010966629,3.776664275787865,0.2957288401855416,2.7238921050067773
untrained,p20_post,18,9,1.9231761568665893,1.1444250864084,1.4256649977635263,1.381187427751746,0.30031615011933477,2.2685144082214315,-1.3679659324914573,-2.732974132095857,-1.432013552953574,-1.3679659324914573,3.9500179860925124,0.3282785559890846,2.91033060959014
untrained,p20_post,19,0,0.024294616588959927,0.27521499424911333,0.0,0.0,0.03764573595633003,0.20721071653772694,0.4852713018671331,-0.2737878197997007,0.0,0.4852713018671331,0.24485645249405696,0.025721791038372577,0.7558495453995626
untrained,p20_post,19,1,-0.29942628461812326,1.3772294158941258,2.220446049250313e-16,-0.3526618636860759,0.655870353952779,0.8855239135632171,0.5195032164284714,-0.927675532499608,0.0,0.5195032164284714,1.1887324038299203,0.1501275987763948,1.8583632190347865
untrained,p20_post,19,2,-0.2872541756261042,1.4983415000294864,0.0,-0.22607409877067353,0.2964742538332048,1.0589517854273258,1.1506821276015118,-1.2035280943033106,0.0,1.1506821276015118,1.129351940489857,0.0075592301000715345,2.28759329819144
untrained,p20_post,19,3,0.37697243013548154,0.40337878534015725,0.13104758184107723,0.14829921631002363,0.03501770234298851,0.3978744288707432,0.24838409289384922,-0.6862543107862247,-0.12672098796346276,0.24838409289384922,0.5811913475237553,0.09842349856702859,0.9279989389846331
untrained,p20_post,19,4,0.9011929686747109,0.311936750714362,0.6342866420472895,0.5948026281585959,0.014629003656682515,0.9136483827386792,-0.11455917085543232,-1.1552971092180657,-0.6515903380091799,-0.11455917085543232,1.5230800145539576,0.04052891420911675,1.449049757907642
untrained,p20_post,19,5,0.0,1.1977078826210632,-0.04748324765126033,1.0014865219255027,0.08622454801193902,-0.06062433518121102,1.3327382510232102,0.0,-1.1832487839662116,1.3327382510232102,1.0270867347562307,-0.03302414899640871,2.326800836783032
untrained,p20_post,19,6,-0.13889234526937866,0.922399722261289,0.0,-0.1037240295992714,0.11660524409490436,0.7167272938664921,1.3007410917729227,-0.7603571658942831,0.0,1.3007410917729227,0.7296085083621251,0.02315021109762716,2.0534998112326748
untrained,p20_post,19,7,0.0,1.9357918750845853,-0.6068791579312587,1.2207757535083266,0.6501025358086345,-0.6729856952872706,1.0574441386457627,0.0,-1.2953181381819787,1.0574441386457627,1.1978925940296905,0.03359457897134788,2.2889313116468015
untrained,p20_post,19,8,-0.704047240256254,1.092017430166496,0.0,-0.7821022517473617,0.8139440559525717,0.3270080294267781,1.9012002503112417,-0.32366590750679763,0.0,1.9012002503112417,0.3588498336319881,0.06430428240344438,2.3243543663466744
untrained,p20_post,19,9,0.10454304609058696,0.7936249142486274,0.16749195869974232,0.7136424719306884,0.1267984501974923,0.022648158265106577,0.38898456525935865,-0.08535807027163012,-0.8590727290413138,0.38898456525935865,0.8630890803932874,0.12122911972601269,1.3733027653786587
untrained,p20_post,20,0,-0.05112966649304873,0.8928926901568393,0.0,-0.09354310032107693,0.11208953181632109,0.6580256528325694,0.45653396510433586,-0.7451278212769115,0.0,0.45653396510433586,0.6765720843278136,0.09663520238687906,1.2297412518190285
untrained,p20_post,20,1,0.0,1.2409985840902138,-0.10321162734499056,1.0197284382825946,0.16690338178575037,-0.08201736511688384,0.427966521652547,0.0,-1.059742591008415,0.427966521652547,1.1046144549514612,0.07804436573680817,1.6106253423408163
untrained,p20_post,20,2,0.0,0.8666088338750322,-0.24148473119306113,0.5405931999668644,0.33364672867008105,-0.31464139200636343,0.9613398532786674,0.0,-0.552091314345054,0.9613398532786674,0.559598536630582,0.07303278833691706,1.5939711782461665
untrained,p20_post,20,3,-0.0771439907280036,1.4974075052742863,0.007392046244126593,-0.06786716632910883,0.3125154356806412,1.2430434725453725,0.44402882603124016,-1.2926286738714392,-0.007392046244126593,0.44402882603124016,1.487691741896905,0.12763484067484354,2.059355408602989
untrained,p20_post,20,4,-0.18770678743321034,1.44694269904651,0.0,-0.19664128576115036,0.24553341555915842,1.0435414688699522,0.6153294651565513,-1.250623608618202,0.0,0.6153294651565513,1.0924335986679603,0.00861230299509752,1.7163753668196091
untrained,p20_post,20,5,0.0,0.3667470509607038,0.42231646095006437,0.3929975418601419,0.001532378443311222,0.0,0.4488446785433515,0.0,-0.7299155213247517,0.4488446785433515,0.39452992030345313,0.0591479905860165,0.9025225894328212
untrained,p20_post,20,6,-0.1035533583158369,0.6449374858599906,0.0,-0.020040078570752518,0.059273798349505524,0.47700333570021636,0.7729428276754232,-0.5378626370815689,0.0,0.7729428276754232,0.5162370554789694,0.0035214904625847643,1.2927013736169775
untrained,p20_post,20,7,0.9253599386755281,0.236210326389235,1.8066798647587103,1.1529470388052352,0.002122509106631476,0.9374505742055204,-0.7216276345704848,-0.9351201402951794,-1.9563253275694878,-0.7216276345704848,2.092520122117387,0.07680466195880631,1.4476971495057083
untrained,p20_post,20,8,0.0,0.7521586972152186,-0.004417748099193375,0.5351821447047123,0.03319004836591599,0.0,0.20100074969352777,0.0,-0.6571991466089407,0.20100074969352777,0.5683721930706283,0.09054180250708443,0.8599147452712405
untrained,p20_post,20,9,-0.009424621905568475,1.3015068699982164,0.0,-4.440892098500626e-16,0.06380369595650182,1.0861448985949034,0.2638928437853165,-1.2165291138102985,0.0,0.2638928437853165,1.1499485945514047,0.07555313428234944,1.4893945726190707
untrained,p20_post,21,0,-0.0863041284706818,2.2810106101054037,0.4522384076214636,-0.12767438643157147,0.6762890803797612,1.919054570909478,0.4275723836752352,-1.977574275882767,-0.45223840762146417,0.4275723836752352,2.4676692648576677,0.21713220575195435,3.1123738542848574
untrained,p20_post,21,1,2.199790121148495,1.6545371993063684,1.4672644902959808,1.4802564413602481,0.9324274968569264,2.258061914874596,-1.435643451545059,-2.9284024590377316,-1.4999727155312432,-1.435643451545059,4.670745853091771,0.8932166361818692,4.1283190377285806
untrained,p20_post,21,2,2.910293285317395,1.39371795804424,1.9091919852259143,1.9523282047836727,0.9941553407889732,2.388381614003886,-1.6476982781083898,-3.326617119230904,-1.968128271821926,-1.6476982781083898,5.334865159576532,0.918457837534719,4.605624719002861
untrained,p20_post,21,3,-0.9474751729850628,2.821881823540933,0.27165397809596525,-0.9273535599795801,1.4568554020415694,1.6992157991752963,1.2175952380071022,-1.6992157991752963,-0.21908760414246203,1.2175952380071022,2.2287176412372856,0.22775722533407744,3.6740701045784654
untrained,p20_post,21,4,0.00045171773565622075,2.1879563997002522,0.6320327134749868,2.1678596732410682e-05,0.8596635489862665,2.0756933393910586,0.12489416768007189,-2.1101147354914676,-0.6320327134749865,0.12489416768007189,2.9353785669740575,0.07829338194444124,3.1385661165985708
untrained,p20_post,21,5,2.2915264896601055,0.8075941152566388,3.223774251237196,3.0215122889669392,0.15873926728754562,2.29748928628201,-2.211251168254254,-2.303112298756915,-3.865077222661953,-2.211251168254254,5.477740842536495,0.15470533473507242,3.421195009017313
untrained,p20_post,21,6,1.407112629123664,1.8840340663765263,0.16534902207393842,0.14925851157128012,0.35797787518237056,1.7665340991637355,-0.1639340144664887,-2.854877457315519,-0.16534902207393887,-0.1639340144664887,2.273770485917386,0.43626923818467067,2.546105709635568
untrained,p20_post,21,7,3.1686027753148913,0.6151799637692452,3.611497144292767,3.534287063841866,0.3677733465294093,3.2107623629395463,-3.051955458515982,-3.289514860930573,-3.9804021287343563,-3.051955458515982,7.112822773310821,0.12536289371197462,4.186230208506814
untrained,p20_post,21,8,0.593535288531704,1.9635936466517787,-0.2143524352749453,1.5363367313928187,1.038225271588741,-0.20055785661835523,0.3947515799459689,-0.5935352885317042,-1.5928839615736077,0.3947515799459689,2.3740041463632044,0.15635724980322552,2.925112976112399
untrained,p20_post,21,9,0.4788341480270111,1.3948071634890242,0.471076096081652,0.2830610773228486,0.24077181878714105,1.448861339686345,-0.17823383300790852,-1.60267360087111,-0.47694299161258824,-0.17823383300790852,1.9726942357963346,0.2651008151139891,2.059561217902415
untrained,p20_post,22,0,0.039544261198125374,1.4717534756962474,0.0,-4.440892098500626e-16,0.020086204431719157,1.2439160907440217,0.3245450078916594,-1.3925040586263773,0.0,0.3245450078916594,1.2640022951757404,0.11879367826799547,1.7073409813353952
untrained,p20_post,22,1,-0.08878968145723265,0.8715092105242959,0.0,-0.09036531109569079,0.13074255595097628,0.5308147008345815,0.16330680448085322,-0.720490800000738,0.0,0.16330680448085322,0.571191945689867,0.06222872906632526,0.7967274792370455
untrained,p20_post,22,2,0.0,1.0818900201587127,-0.19138062900082353,0.6968867612889215,0.18925005112681925,-0.16437995697263252,0.5030401637881581,0.0,-0.8172998497098684,0.5030401637881581,0.7217568554431082,0.07320954144802083,1.298006560679287
untrained,p20_post,22,3,-0.33920886222178903,1.5471680384827644,0.0,-0.3513656998110841,0.3971857565831103,1.0307733607646619,0.4168437080986127,-1.1601645614588811,0.0,0.4168437080986127,1.076593417536688,0.04779461480209424,1.541231740437395
untrained,p20_post,22,4,0.12051368376055471,1.319209218486577,-0.4294739394195086,0.7774564275572877,0.6097545815155647,-0.35870681863616216,1.0848706893936946,-0.11099762079065933,-0.78096564807311,1.0848706893936946,1.0285041904366903,0.11828569396385369,2.2316605737942385
untrained,p20_post,22,5,0.0,1.4283543924811446,-0.5585099105556877,0.7748820376540024,0.5801391291743248,-0.5653689319037385,1.5082535003021675,0.0,-0.7807335901714703,1.5082535003021675,0.7896522349245887,0.08911089175398668,2.387016626980743
untrained,p20_post,22,6,-0.5315590130775245,1.3645868438089148,0.0,-0.4544423458798206,0.4572490033098997,0.8846916900267059,0.996756677678273,-0.9426371753392867,0.0,0.996756677678273,0.887498347456785,-0.1096093446078964,1.7746456805271618
untrained,p20_post,22,7,0.0,0.69566241766548,-0.13258545544316658,0.47087098847260256,0.1174464833993486,-0.09761117014140241,1.0671821390209255,0.0,-0.49579801531025997,1.0671821390209255,0.49070630173054874,0.06727894691205344,1.6251673876635275
untrained,p20_post,22,8,-0.806138297578882,1.7723561867596922,0.0,-0.8803148268653926,0.9054379343054262,0.9678892053483733,1.3151899082710274,-0.9763464791540198,0.0,1.3151899082710274,0.9930123127884068,-0.010128589973209645,2.2980736310862246
untrained,p20_post,22,9,0.0,0.4748716915981701,0.25260489707703604,0.5684370722555987,0.0022324311376906714,0.0,1.127208117211314,0.0,-0.7483162343622309,1.127208117211314,0.5706695033932894,-0.020839645687024788,1.6770379749175786
untrained,p20_post,23,0,0.26934789070054443,1.1541078769819293,0.0,0.0,0.048114945192719416,1.1229055935030114,0.7518333361984997,-1.3015924107530517,0.0,0.7518333361984997,1.1710205386957309,0.12186335692942207,2.0447172318236526
untrained,p20_post,23,1,1.2228830354506277,1.0060533641406995,0.0,0.0,0.004397592999010325,0.9923518081194325,0.02826701392185882,-2.1239284673680174,0.0,0.02826701392185882,0.9967494011184428,0.10500793222330973,1.1300243472636113
untrained,p20_post,23,2,-0.6874487899289341,2.663748230996032,0.8022734720677684,-0.7364952085183354,1.7196565827188426,1.792455201792639,0.8920281403745243,-1.8057895633158032,-0.8022734720677684,0.8920281403745243,2.775616575993146,0.17050987775129478,3.838154594118965
untrained,p20_post,23,3,1.8615663338500932,0.4917489542042941,2.4431504115712706,2.26787877490199,0.0705935135789435,1.8748611308177952,-1.8062511689448018,-1.8867907988100607,-2.853397504562775,-1.8062511689448018,4.213333419298729,0.05627739625282269,2.4633596466067496
untrained,p20_post,23,4,1.0108257008469161,2.409406798423966,-1.133830080676356,1.1106840551701227,2.13035987479563,-1.1365192252354934,1.1102101352462355,-1.0108257008469157,-1.1177281300281974,1.1102101352462355,2.1045247047302595,0.15784858771941335,3.3725834276959086
untrained,p20_post,23,5,0.1468851058469629,2.1498213251486495,0.7176574351080309,0.08907628821226377,0.8349278450216131,2.0325324562830516,-0.05754676336032105,-2.0817673495887745,-0.7266039309581194,-0.05754676336032105,2.9565365895169284,0.20599258555674949,3.104982411713357
untrained,p20_post,23,6,0.022215357733738728,1.3339393726331759,0.0,-4.440892098500626e-16,0.17138367134949073,1.1936980788179001,0.7414057866355761,-1.3550854751920882,0.0,0.7414057866355761,1.3650817501673904,0.0010692551748263668,2.107556791977793
untrained,p20_post,23,7,1.4950282727535598,1.1722125360547686,0.7374285762799688,0.6631051573944988,0.13593890446847645,1.802867845052782,-0.6475060954783967,-2.393092069262922,-0.7374285762799688,-0.6475060954783967,2.601911906915757,0.27414873954540675,2.228554550982767
untrained,p20_post,23,8,1.671917996432367,0.3508652149370226,3.080893592320263,1.929302634153661,0.23190519116123598,1.8747338597765348,-1.4468197512311907,-1.8747338597765348,-3.1984271749746913,-1.4468197512311907,4.035941685091432,0.030515768938426557,2.6196377027986677
untrained,p20_post,23,9,0.3541667155007404,1.0788629268208518,1.4842587905614049,0.3678587016096161,1.0198061830831,1.3021209514307714,-0.2037688864223668,-1.3072084531510595,-1.4967944701486158,-0.2037688864223668,2.6897858361234874,0.11328550958332184,2.5993024592844423
untrained,p20_post,24,0,0.13418487630010645,0.48516744820819935,0.24140524486572978,0.49040964780406393,0.055301434561038976,0.08402530398282226,0.5224692727644868,-0.12870844456650998,-0.6378485572072959,0.5224692727644868,0.6297363863479252,0.09420056760022966,1.246406226712642
untrained,p20_post,24,1,0.33783441416196647,0.10671367119704267,0.2041310893779602,0.22395273995412945,0.05714766201289612,0.24493115659134057,0.5187467679240205,-0.3112737283358873,-0.24028326444997328,0.5187467679240205,0.5260315585583661,0.09712218195110878,1.1419005084334954
untrained,p20_post,24,2,-0.34389578059299375,1.1202206445990015,0.0,-0.31927983383710956,0.32460915716524186,0.7536173145405823,0.3151663789042549,-0.87827190221552,0.0,0.3151663789042549,0.7589466378687146,-0.10194703820951223,0.9721659785634573
untrained,p20_post,24,3,0.0,1.6387011723067522,-0.6796672351975511,0.8336582619729183,0.7371469890451872,-0.6409726378784764,1.0995518601329533,0.0,-0.8560037246000609,1.0995518601329533,0.9298326131396291,0.10303021250914013,2.1324146857817223
untrained,p20_post,24,4,-0.12422846898445694,0.6906802845213303,0.0,-0.19255314810883484,0.37034787661112034,0.4482295692861695,1.174830822147599,-0.45579020157457695,0.0,1.174830822147599,0.626024297788455,0.11066161396229646,1.9115167338983503
untrained,p20_post,24,5,0.0,0.8700085152048088,-0.22448353164121504,0.4994396556938394,0.20764978210369844,-0.17473623779379688,0.9011241657831093,0.0,-0.6011268053292486,0.9011241657831093,0.532353200003741,0.04439817823434522,1.4778755440211955
untrained,p20_post,24,6,0.0,0.58883607296437,0.3905692143513031,0.6227379084387397,0.0013129564607159416,0.0,0.9021704968149045,0.0,-0.9609814352897658,0.9021704968149045,0.6240508648994556,0.01842385202590735,1.5446452137402673
untrained,p20_post,24,7,-0.4814386485041431,0.910385126525968,0.0,-0.4590747667296363,0.45384473334439457,0.3968588629218255,1.3870509662430048,-0.4034100534355989,0.0,1.3870509662430048,0.39162882953658373,0.02553642458622607,1.8042162203658147
untrained,p20_post,24,8,0.09515893360662864,0.31344431350188007,0.0,-2.220446049250313e-16,0.0681578263885792,0.2733626369068868,0.5415432257151231,-0.3661419757953389,0.0,0.5415432257151231,0.34152046329546576,0.04246127131316979,0.9255249603237587
untrained,p20_post,24,9,-0.2420265015876184,1.2439793059023563,1.1102230246251565e-16,-0.29248395765192403,0.40643507382816724,0.8198233178574696,0.7645502526743382,-0.8464675997176618,-5.551115123125783e-17,0.7645502526743382,0.9337744340337129,0.1554852045970762,1.8538098913051273
untrained,p20_post,25,0,0.0,0.6098285325670814,0.20047846462377672,0.5066504150588682,0.010498753874976341,0.0,0.2760835263924548,0.0,-0.7833567743405954,0.2760835263924548,0.5171491689338445,0.026950222850262717,0.8201829181765621
untrained,p20_post,25,1,0.3745111664925429,1.0805203760891176,0.0,0.0,0.0006484631114649364,1.0732348057733307,0.20170857338874226,-1.3738323197044011,0.0,0.20170857338874226,1.0738832688847957,0.08119922287725934,1.3567910651507973
untrained,p20_post,25,2,0.0,1.3169095329716658,0.17527515091665125,1.1906091786403328,0.05341135955328169,0.0,0.1587015459799339,0.0,-1.3207842238088414,0.1587015459799339,1.2440205381936145,0.17140046007947563,1.574122544253024
untrained,p20_post,25,3,0.0,1.855297342897087,-0.911766400140136,0.843590711233367,0.8828656743154686,-0.8947745967749361,1.1824633332598329,0.0,-0.8661158875752719,1.1824633332598329,0.8316817887738996,0.07741505518167902,2.0915601772154115
untrained,p20_post,25,4,0.0,0.9904744009030519,0.0,-2.220446049250313e-16,0.1204838141011273,0.7657149199513302,0.4147679024065343,-0.9080787432854963,0.0,0.4147679024065343,0.8861987340524573,0.08239565761755563,1.383362294076547
untrained,p20_post,25,5,1.2887765203410761,0.27186206391011947,0.8788210727603367,0.9299375393212173,0.1406896208460826,1.1401149187674893,-0.6339578937788399,-1.446832663722473,-0.9497085211803518,-0.6339578937788399,2.210742078934789,0.042918472108707695,1.619702657264657
untrained,p20_post,25,6,1.0047498130273569,1.337740302604332,0.08589224736914858,0.06615122852109234,0.0535085322968909,1.457351483359767,-0.13227849891350418,-2.299464816990538,-0.08589224736914836,-0.13227849891350418,1.5770112441777502,0.04302529864115123,1.4877580439053972
untrained,p20_post,25,7,0.0521250648238587,1.2016785572670388,-0.11793176193845667,0.8563023468252156,0.3916344902242668,-0.11458933811541194,0.4023080687867058,-0.051709141046696105,-0.9447314736665695,0.4023080687867058,1.1333474989340704,0.13943124543917507,1.6750868131599512
untrained,p20_post,25,8,0.017310280078364215,0.9386370572831023,0.17371330710874622,-2.220446049250313e-16,0.2829807001933553,0.7885677421516072,0.318050927401373,-0.8664136716322571,-0.17371330710874622,0.318050927401373,1.0715484423449624,0.08953366572920929,1.4791330354755448
untrained,p20_post,25,9,0.6311105553606895,0.9067134765109537,0.3674206718398656,1.1425145582956275,0.43477551295376693,0.2948703086536596,0.12023339205449624,-0.6348674794870792,-1.164184056242678,0.12023339205449624,1.872160379903054,0.1061931679817516,2.0985869399393016
untrained,p20_post,26,0,0.12619998008521627,0.25411369225312375,0.46960539002015655,0.3853059377790433,0.016920660748624583,0.1331737468716354,0.28467586748223916,-0.09413819787376654,-0.6361735144043188,0.28467586748223916,0.5354003453993033,0.11960735008041123,0.9396835629619537
untrained,p20_post,26,1,0.3191038100548831,0.3709883090676913,0.10841829744777387,0.08370982038381714,0.018829311989798647,0.4897651792234492,0.41649841402431287,-0.608654663004196,-0.10039358706862611,0.41649841402431287,0.592304311597065,0.08946216649752614,1.098264892118904
untrained,p20_post,26,2,0.4844611860393331,0.6282449256025154,0.5978199208052712,0.4069668010797327,0.3319161092303431,0.9665199281615331,-0.1977988258509571,-1.029003876467634,-0.6369912072934328,-0.1977988258509571,1.705402838471609,0.044530948686052896,1.5521349613067046
untrained,p20_post,26,3,0.676135796858958,0.47339205450517086,0.3961800377149456,0.6545369302235313,0.3243011131369695,0.38190828198440574,-0.16825481264307673,-0.6950729293899217,-0.7804437670951373,-0.16825481264307673,1.3607463253449066,0.07019119259401552,1.2626827052958454
untrained,p20_post,26,4,-0.04104759881234166,0.6333838591816967,0.0,-0.015637658246816066,0.0776148821796705,0.3947202887812523,0.5832267936458015,-0.4952021778482987,0.0,0.5832267936458015,0.45669751271410675,0.09713408252105638,1.1370583888809644
untrained,p20_post,26,5,0.49058347510575273,0.9646057058595259,0.17693520973587007,0.10322606294061121,0.030553777957118333,1.022821154556944,0.10005205410928442,-1.251981906415754,-0.18064410381353935,0.10005205410928442,1.1566009954546734,0.1994983804718553,1.4561514300358132
untrained,p20_post,26,6,0.20408728380182195,0.18689278928841135,0.04882005647085985,0.048815267836144205,0.022817127629565448,0.21337777053059515,0.29834163090334753,-0.3228304229966187,-0.05936262739103637,0.29834163090334753,0.2850101659963048,0.0576070791734381,0.6409588760730904
untrained,p20_post,26,7,-0.3357642586407972,0.9624297006365901,0.0,-0.34322594397101236,0.3436679376093289,0.5701802936784356,0.9154859930082027,-0.6051068667118348,0.0,0.9154859930082027,0.5706222873167521,0.021558575283958104,1.507666855608913
untrained,p20_post,26,8,-0.04956920228660877,0.30168170545952666,0.0,0.0,0.030545609137055285,0.1387255997612724,0.9711643820192413,-0.21192263410457124,0.0,0.9711643820192413,0.1692712088983277,0.04018986906834665,1.1806254599859156
untrained,p20_post,26,9,0.43667220301681187,0.23557697399144173,0.5521999139969198,0.5558947816158848,0.06443985294717358,0.38270955647282734,0.1901819846818098,-0.45051473482391957,-0.693836613924623,0.1901819846818098,1.0030441910358858,0.08009774225663091,1.2733239179743265
untrained,p20_post,27,0,-0.45815745771142713,2.208566509916623,0.319258926829213,-0.44395613802687617,0.9406763840753345,1.6410757743868742,1.0125994372842229,-1.654260538307681,-0.3192589268292124,1.0125994372842229,2.1377960204353323,0.09614851389751566,3.2465439716170708
untrained,p20_post,27,1,0.0,0.45366104131762897,1.044757822020249,0.533517996166677,0.00960553692855326,0.0,0.09656399314033637,0.0,-1.5246098947391684,0.09656399314033637,0.5431235330952303,-0.026191031401290532,0.6134964948342762
untrained,p20_post,27,2,0.0,0.8439251542880579,0.31468974574579134,0.5433495271846157,0.018882527196883103,0.0,0.0031328501833138844,0.0,-1.0765874689319548,0.0031328501833138844,0.5622320543814988,0.08202743110189448,0.6473923356667072
untrained,p20_post,27,3,0.10953006738990245,1.8628291228143414,0.8520424251973928,0.06874786554571033,0.9666533829354029,1.7209550178180373,-0.057386597447371734,-1.7544394291869532,-0.8543750126143547,-0.057386597447371734,2.7563562662991505,0.21558717360032886,2.9145568424521078
untrained,p20_post,27,4,-0.3451362659505186,2.342966335591048,0.06404928631414242,-0.3373213663757957,0.7417254453636959,1.727408485417276,0.40856296677958515,-1.792403452240661,-0.06404928631414208,0.40856296677958515,2.131812564405176,0.20542661739986856,2.74580214858463
untrained,p20_post,27,5,-0.3807025668743178,1.7224044302331043,0.0,-0.35045006878792617,0.5012562615956622,1.2577799400751914,0.817913433644514,-1.371217379999679,0.0,0.817913433644514,1.4085861328829274,-0.02951551664089247,2.1969840498865487
untrained,p20_post,27,6,-0.5152426648190183,1.0649158683583706,0.0,-0.4556976668314533,0.46979559767631107,0.4508220702059067,1.579572288040401,-0.4508220702059068,0.0,1.579572288040401,0.4649200010507645,0.09885113333344553,2.143343422424611
untrained,p20_post,27,7,0.0,1.4075031025605198,-0.13661784656811582,0.9297316046533065,0.14640390900640243,-0.10600832840762076,0.14498113179444871,0.0,-1.2973372142379733,0.14498113179444871,0.9701271852520881,-0.02645195824556934,1.0886563588009674
untrained,p20_post,27,8,-0.3151522647427982,1.2378460265933193,0.0,-0.19911446044162684,0.267879208971848,0.8002508166769333,1.1437391947821998,-0.8928942649859525,0.0,1.1437391947821998,0.8690155652071545,0.02979949686456862,2.042554256853923
untrained,p20_post,27,9,0.7527742585480612,1.2172570402096534,0.0,0.0,0.47653362597755766,1.0649259817696617,0.22282286582817523,-1.5328369405575901,0.0,0.22282286582817523,1.5414596077472194,0.43719435820012453,2.201476831775519
untrained,p20_post,28,0,-0.3489802771141841,1.106396102535745,0.0,-0.33760071873464237,0.4545093397141098,0.6238138460387463,0.6257747555909416,-0.6842359482974824,0.0,0.6257747555909416,0.7407224670182138,0.07317987712407847,1.4396770997332338
untrained,p20_post,28,1,0.24096437990334296,0.7218113543725762,0.07538923881806518,0.6094408931427933,0.3356918730907621,0.0,0.28477665129347196,-0.23957650708837142,-0.6652434568042266,0.28477665129347196,0.9451327662335554,0.13334500920138637,1.3632544267284137
untrained,p20_post,28,2,-0.14411593362109554,0.9632627432869142,0.0,-0.09280290568308636,0.1307304337356383,0.6551364502718864,0.7297312235301945,-0.8072970516784883,0.0,0.7297312235301945,0.6930639783244383,0.011849757987330345,1.4346449598419633
untrained,p20_post,28,3,-0.20520517959292062,1.346719238801435,0.0,-0.20574338091424482,0.31703831937446114,0.961936496758927,0.3355301114360376,-1.0126020339868367,0.0,0.3355301114360376,1.0732314352191432,0.12891202522167777,1.5376735718768586
untrained,p20_post,28,4,0.09094007386138903,0.36948958918988417,0.21362424520359546,0.0,0.2509097697076377,0.34168879544184505,0.17155340755395287,-0.4052001663660302,-0.23597601413921954,0.17155340755395287,0.5925985651494827,0.032877727749618946,0.7970297004530545
untrained,p20_post,28,5,0.8297706952069126,0.27117494581538093,0.552182230831852,0.655180027782057,0.1660099215962103,0.5850971410541762,-0.3513993311585959,-0.9062545011902937,-0.6658801026390719,-0.3513993311585959,1.4062870904324436,0.08099326802477991,1.1358810272986277
untrained,p20_post,28,6,-0.08129210445780011,0.35617723437458415,0.0,0.0,0.031109497834725386,0.12214050909718477,0.45759658677515547,-0.16467641273367406,0.0,0.45759658677515547,0.15325000693191015,0.11020871718310998,0.7210553108901756
untrained,p20_post,28,7,-0.1516126234329056,1.1870153095798066,0.0,-0.1946509338867064,0.24806605159918527,0.7962925165672992,0.5899248857471386,-0.8851653180024353,0.0,0.5899248857471386,0.849707634279778,0.15023736814446575,1.5898698881713824
untrained,p20_post,28,8,-0.5469535757839181,1.6975550393473382,0.0,-0.49712105845376886,0.6513190965319553,1.0436312574267386,1.1977303759405284,-1.0589754250372478,0.0,1.1977303759405284,1.197829295504925,0.09162603852617224,2.4871857099716257
untrained,p20_post,28,9,5.551115123125783e-17,0.7788710915752755,0.0,0.0,0.08490133192338578,0.7053019071470346,0.30427332306083343,-0.7593000466955513,0.0,0.30427332306083343,0.7902032390704203,0.019571044879724164,1.114047607010978
untrained,p20_post,29,0,0.4222797794151041,0.9901426618421367,1.13483588373213,0.412949455518135,0.7960600517810534,1.3373849260546244,0.2596623198465604,-1.347669778897012,-1.1346785947188252,0.2596623198465604,2.5463944333538127,0.06490995137353361,2.870966704573907
untrained,p20_post,29,1,-0.7534757716128047,2.0135644100502295,1.4821766193355397,-0.7479894259653763,1.9425414521843807,1.1438925017899937,0.7568402880250806,-1.1438925017899935,-1.4821766193355401,0.7568402880250806,2.3384445280089983,0.11619613664743089,3.2114809526815096
untrained,p20_post,29,2,-0.7137723157077254,2.0904520530225112,2.220446049250313e-16,-0.723771637484363,0.8473296438062059,1.2151917944508583,1.168614334257383,-1.2151917944508583,0.0,1.168614334257383,1.3387498007727012,0.16148794286392776,2.6688520778940115
untrained,p20_post,29,3,-0.9215788075403664,2.299736233612616,0.0,-0.9769354992892305,1.1470290716993983,1.2415809863148706,1.8772474926238463,-1.2415809863148706,-5.551115123125783e-17,1.8772474926238463,1.4116745587250383,0.13657643975737915,3.425498491106264
untrained,p20_post,29,4,0.38689350043695425,1.8202396465429695,0.876514625492651,0.3223101856950332,0.7793515107082838,1.9880115817702686,0.07095095625586456,-2.02732714132924,-0.876514625492651,0.07095095625586456,3.089673278173586,0.17980600565068383,3.340430240080134
untrained,p20_post,29,5,-0.7296403706060066,2.207405398962335,4.440892098500626e-16,-0.7500628727074279,0.9589739424593418,1.1865014599543353,0.7706972277490793,-1.2609096941920477,-1.1102230246251565e-16,0.7706972277490793,1.3954125297062492,0.21685533416428082,2.3829650916196092
untrained,p20_post,29,6,-0.2808319631984322,2.3815894106282665,0.8482967211327637,-0.3151618049591569,1.2270911712378612,1.9673474217521951,1.0306079879361763,-1.970480958779302,-0.8382338813570086,1.0306079879361763,2.879276788030899,0.14033932842628738,4.0502241043933624
untrained,p20_post,29,7,-0.9117045017757326,2.6597742361448486,0.18574347197934138,-0.9061238771096385,1.332502387941948,1.5513626709239552,0.9092132924628835,-1.557847788476797,-0.18574347197934155,0.9092132924628835,1.9777411817562647,0.19022194589231894,3.077176420111467
untrained,p20_post,29,8,0.5368001098494319,0.9847662007256599,0.8225798215267446,0.43856577514878703,0.41423670480584796,1.338661284171406,-0.18113089709113162,-1.4038717755693646,-0.8225798215267446,-0.18113089709113162,2.1914637641260413,0.11769453500572724,2.1280274020406367
untrained,p20_post,29,9,-0.2846932531601243,1.369354067567898,0.0,-0.31557132897589923,0.351021865063339,0.8576073978528822,0.7651848092293809,-0.9462713797437192,0.0,0.7651848092293809,0.893057933940322,0.1383894346640544,1.7966321778337573
untrained,p20_post,30,0,-0.25150914736539165,0.7477607641543347,0.5258359217431472,-0.22259909916983323,0.622524276830059,0.2787486095047558,0.4559307415203788,-0.2887139775721744,-0.5282337432665917,0.4559307415203788,0.6786737871649815,0.20513981769332423,1.3397443463786844
untrained,p20_post,30,1,0.9962424198026855,0.8338960815015215,0.9018103277321159,0.826013768452881,0.05480094717390238,1.6376027342298443,-0.7654397221363114,-1.8329385576287838,-0.9232578347299634,-0.7654397221363114,2.518417449856628,-0.024247563322424392,1.728730164397892
untrained,p20_post,30,2,1.1395755124821596,0.7010234604366467,0.07396620884672744,0.7179027924018122,0.5809140548480616,0.16242783870398436,-0.09445074455967983,-1.1609156945601566,-0.7179027924018122,-0.09445074455967983,1.4612446859538581,0.03574669480356496,1.4025406361977433
untrained,p20_post,30,3,-1.1760285872483265,1.8981446309000285,0.0,-1.143948220390321,1.1549877303617921,0.7028369671403962,1.6281698945534757,-0.7127490001590987,-2.7755575615628914e-17,1.6281698945534757,0.7138764771118673,0.009367043492603283,2.351413415157946
untrained,p20_post,30,4,-0.7765930810292487,1.6370462814835274,0.0,-0.7543381101679059,0.8164543467879656,0.786472151525818,0.95168834828727,-0.7979145541213617,-5.551115123125783e-17,0.95168834828727,0.8485883881458777,0.06253864633291689,1.8628153827660645
untrained,p20_post,30,5,-0.4999166903576264,1.315690620096947,1.1102230246251565e-16,-0.41345529742166165,0.478529773244865,0.6299413207564803,1.4070391576544699,-0.640515865110578,0.0,1.4070391576544699,0.6950157965796837,0.1752580646287426,2.2773130188628965
untrained,p20_post,30,6,-0.9557677110797469,2.1097196048008735,0.0,-0.9264497764730981,0.9341973281380644,1.0760147026551228,1.0547681019250037,-1.0923194454071872,0.0,1.0547681019250037,1.083762254320089,0.061632448313939436,2.2001628045590325
untrained,p20_post,30,7,0.18942081003376354,1.2070970930309168,0.0,0.0,0.0004538983878974445,1.1542343091477754,1.2830613510846978,-1.310917331895981,0.0,1.2830613510846978,1.1546882075356728,0.08560057116869935,2.52335012978907
untrained,p20_post,30,8,1.3458086083034457,1.103769171418644,0.6782174026958523,0.6386613590384678,0.06300539084840917,1.705759922055409,-0.356369771507822,-2.2750655091571113,-0.7068134650490445,-0.356369771507822,2.407426671942286,0.1459162082117862,2.19697310864625
untrained,p20_post,30,9,1.5074142079336785,0.43539363509433215,0.3072433002095374,0.3923700771362635,0.005955228937895907,0.8666784707595305,-0.325104576159458,-1.8737659900266717,-0.39749569345036906,-0.325104576159458,1.26500377683369,-0.021210540239492648,0.9186886604347393
